Loading model: /home/alex/Respector-fork/dataset/digdag
Exception in thread "main" spoon.SpoonException: Unable to read the pom
	at spoon.MavenLauncher.init(MavenLauncher.java:193)
	at spoon.MavenLauncher.<init>(MavenLauncher.java:127)
	at spoon.MavenLauncher.<init>(MavenLauncher.java:58)
	at at.aau.serg.parsers.SpoonModelLoader.loadModel(SpoonModelLoader.java:23)
	at at.aau.serg.parsers.FrameworkDetector.detectFramework(FrameworkDetector.java:29)
	at at.aau.serg.parsers.ParserFactory.createParserWithDetection(ParserFactory.java:34)
	at at.aau.serg.parsers.Main.main(Main.java:18)
Caused by: java.io.IOException: Pom does not exists.
	at spoon.support.compiler.SpoonPom.<init>(SpoonPom.java:119)
	at spoon.support.compiler.SpoonPom.<init>(SpoonPom.java:86)
	at spoon.MavenLauncher.init(MavenLauncher.java:191)
	... 6 more

real	0m0.453s
user	0m0.442s
sys	0m0.248s
Loading model: /home/alex/Respector-fork/dataset/digdag
Exception in thread "main" spoon.SpoonException: Unable to read the pom
	at spoon.MavenLauncher.init(MavenLauncher.java:193)
	at spoon.MavenLauncher.<init>(MavenLauncher.java:127)
	at spoon.MavenLauncher.<init>(MavenLauncher.java:58)
	at at.aau.serg.parsers.SpoonModelLoader.loadModel(SpoonModelLoader.java:23)
	at at.aau.serg.parsers.FrameworkDetector.detectFramework(FrameworkDetector.java:29)
	at at.aau.serg.parsers.ParserFactory.createParserWithDetection(ParserFactory.java:34)
	at at.aau.serg.parsers.Main.main(Main.java:18)
Caused by: java.io.IOException: Pom does not exists.
	at spoon.support.compiler.SpoonPom.<init>(SpoonPom.java:119)
	at spoon.support.compiler.SpoonPom.<init>(SpoonPom.java:86)
	at spoon.MavenLauncher.init(MavenLauncher.java:191)
	... 6 more

real	0m0.454s
user	0m0.440s
sys	0m0.247s
Loading model: /home/alex/Respector-fork/dataset/digdag
Exception in thread "main" spoon.SpoonException: Unable to read the pom
	at spoon.MavenLauncher.init(MavenLauncher.java:193)
	at spoon.MavenLauncher.<init>(MavenLauncher.java:127)
	at spoon.MavenLauncher.<init>(MavenLauncher.java:58)
	at at.aau.serg.parsers.SpoonModelLoader.loadModel(SpoonModelLoader.java:23)
	at at.aau.serg.parsers.FrameworkDetector.detectFramework(FrameworkDetector.java:29)
	at at.aau.serg.parsers.ParserFactory.createParserWithDetection(ParserFactory.java:34)
	at at.aau.serg.parsers.Main.main(Main.java:18)
Caused by: java.io.IOException: Pom does not exists.
	at spoon.support.compiler.SpoonPom.<init>(SpoonPom.java:119)
	at spoon.support.compiler.SpoonPom.<init>(SpoonPom.java:86)
	at spoon.MavenLauncher.init(MavenLauncher.java:191)
	... 6 more

real	0m0.441s
user	0m0.454s
sys	0m0.246s
Loading model: /home/alex/Respector-fork/dataset/digdag
Exception in thread "main" spoon.SpoonException: Unable to read the pom
	at spoon.MavenLauncher.init(MavenLauncher.java:193)
	at spoon.MavenLauncher.<init>(MavenLauncher.java:127)
	at spoon.MavenLauncher.<init>(MavenLauncher.java:58)
	at at.aau.serg.parsers.SpoonModelLoader.loadModel(SpoonModelLoader.java:23)
	at at.aau.serg.parsers.FrameworkDetector.detectFramework(FrameworkDetector.java:29)
	at at.aau.serg.parsers.ParserFactory.createParserWithDetection(ParserFactory.java:34)
	at at.aau.serg.parsers.Main.main(Main.java:18)
Caused by: java.io.IOException: Pom does not exists.
	at spoon.support.compiler.SpoonPom.<init>(SpoonPom.java:119)
	at spoon.support.compiler.SpoonPom.<init>(SpoonPom.java:86)
	at spoon.MavenLauncher.init(MavenLauncher.java:191)
	... 6 more

real	0m0.429s
user	0m0.435s
sys	0m0.229s
Loading model: /home/alex/Respector-fork/dataset/digdag
Exception in thread "main" spoon.SpoonException: Unable to read the pom
	at spoon.MavenLauncher.init(MavenLauncher.java:193)
	at spoon.MavenLauncher.<init>(MavenLauncher.java:127)
	at spoon.MavenLauncher.<init>(MavenLauncher.java:58)
	at at.aau.serg.parsers.SpoonModelLoader.loadModel(SpoonModelLoader.java:23)
	at at.aau.serg.parsers.FrameworkDetector.detectFramework(FrameworkDetector.java:29)
	at at.aau.serg.parsers.ParserFactory.createParserWithDetection(ParserFactory.java:34)
	at at.aau.serg.parsers.Main.main(Main.java:18)
Caused by: java.io.IOException: Pom does not exists.
	at spoon.support.compiler.SpoonPom.<init>(SpoonPom.java:119)
	at spoon.support.compiler.SpoonPom.<init>(SpoonPom.java:86)
	at spoon.MavenLauncher.init(MavenLauncher.java:191)
	... 6 more

real	0m0.447s
user	0m0.450s
sys	0m0.226s
Loading model: /home/alex/Respector-fork/dataset/digdag
Exception in thread "main" spoon.SpoonException: Unable to read the pom
	at spoon.MavenLauncher.init(MavenLauncher.java:193)
	at spoon.MavenLauncher.<init>(MavenLauncher.java:127)
	at spoon.MavenLauncher.<init>(MavenLauncher.java:58)
	at at.aau.serg.parsers.SpoonModelLoader.loadModel(SpoonModelLoader.java:23)
	at at.aau.serg.parsers.FrameworkDetector.detectFramework(FrameworkDetector.java:29)
	at at.aau.serg.parsers.ParserFactory.createParserWithDetection(ParserFactory.java:34)
	at at.aau.serg.parsers.Main.main(Main.java:18)
Caused by: java.io.IOException: Pom does not exists.
	at spoon.support.compiler.SpoonPom.<init>(SpoonPom.java:119)
	at spoon.support.compiler.SpoonPom.<init>(SpoonPom.java:86)
	at spoon.MavenLauncher.init(MavenLauncher.java:191)
	... 6 more

real	0m0.443s
user	0m0.437s
sys	0m0.233s
Loading model: /home/alex/Respector-fork/dataset/digdag
Exception in thread "main" spoon.SpoonException: Unable to read the pom
	at spoon.MavenLauncher.init(MavenLauncher.java:193)
	at spoon.MavenLauncher.<init>(MavenLauncher.java:127)
	at spoon.MavenLauncher.<init>(MavenLauncher.java:58)
	at at.aau.serg.parsers.SpoonModelLoader.loadModel(SpoonModelLoader.java:23)
	at at.aau.serg.parsers.FrameworkDetector.detectFramework(FrameworkDetector.java:29)
	at at.aau.serg.parsers.ParserFactory.createParserWithDetection(ParserFactory.java:34)
	at at.aau.serg.parsers.Main.main(Main.java:17)
Caused by: java.io.IOException: Pom does not exists.
	at spoon.support.compiler.SpoonPom.<init>(SpoonPom.java:119)
	at spoon.support.compiler.SpoonPom.<init>(SpoonPom.java:86)
	at spoon.MavenLauncher.init(MavenLauncher.java:191)
	... 6 more

real	0m0.429s
user	0m0.434s
sys	0m0.231s
Loading model: /home/alex/Respector-fork/dataset/digdag
Exception in thread "main" spoon.SpoonException: Unable to read the pom
	at spoon.MavenLauncher.init(MavenLauncher.java:193)
	at spoon.MavenLauncher.<init>(MavenLauncher.java:127)
	at spoon.MavenLauncher.<init>(MavenLauncher.java:58)
	at at.aau.serg.parsers.SpoonModelLoader.loadModel(SpoonModelLoader.java:23)
	at at.aau.serg.parsers.FrameworkDetector.detectFramework(FrameworkDetector.java:29)
	at at.aau.serg.parsers.ParserFactory.createParserWithDetection(ParserFactory.java:34)
	at at.aau.serg.parsers.Main.main(Main.java:17)
Caused by: java.io.IOException: Pom does not exists.
	at spoon.support.compiler.SpoonPom.<init>(SpoonPom.java:119)
	at spoon.support.compiler.SpoonPom.<init>(SpoonPom.java:86)
	at spoon.MavenLauncher.init(MavenLauncher.java:191)
	... 6 more

real	0m0.442s
user	0m0.439s
sys	0m0.233s
Loading model: /home/alex/Respector-fork/dataset/digdag
Gradle project detected, trying to generate a pom for dependency resolution.
11:07:20.952 [StreamPumper-systemOut] DEBUG - [INFO] Scanning for projects...
11:07:21.037 [StreamPumper-systemOut] DEBUG - [WARNING] 
11:07:21.038 [StreamPumper-systemOut] DEBUG - [WARNING] Some problems were encountered while building the effective model for io.digdag:digdag-server:jar:0.10.5
11:07:21.038 [StreamPumper-systemOut] DEBUG - [WARNING] 'dependencies.dependency.exclusions.exclusion.groupId' for io.swagger:swagger-jaxrs:jar is missing. @ line 68, column 21
11:07:21.038 [StreamPumper-systemOut] DEBUG - [WARNING] 'dependencies.dependency.exclusions.exclusion.groupId' for io.swagger:swagger-jaxrs:jar is missing. @ line 72, column 21
11:07:21.038 [StreamPumper-systemOut] DEBUG - [WARNING] 
11:07:21.038 [StreamPumper-systemOut] DEBUG - [WARNING] It is highly recommended to fix these problems because they threaten the stability of your build.
11:07:21.038 [StreamPumper-systemOut] DEBUG - [WARNING] 
11:07:21.038 [StreamPumper-systemOut] DEBUG - [WARNING] For this reason, future Maven versions might no longer support building such malformed projects.
11:07:21.038 [StreamPumper-systemOut] DEBUG - [WARNING] 
11:07:21.045 [StreamPumper-systemOut] DEBUG - [INFO] ------------------------------------------------------------------------
11:07:21.045 [StreamPumper-systemOut] DEBUG - [INFO] Reactor Build Order:
11:07:21.045 [StreamPumper-systemOut] DEBUG - [INFO] 
11:07:21.045 [StreamPumper-systemOut] DEBUG - [INFO] digdag                                                             [pom]
11:07:21.045 [StreamPumper-systemOut] DEBUG - [INFO] digdag-commons                                                     [jar]
11:07:21.045 [StreamPumper-systemOut] DEBUG - [INFO] digdag-client                                                      [jar]
11:07:21.045 [StreamPumper-systemOut] DEBUG - [INFO] digdag-guice-rs-server                                             [jar]
11:07:21.045 [StreamPumper-systemOut] DEBUG - [INFO] digdag-spi                                                         [jar]
11:07:21.045 [StreamPumper-systemOut] DEBUG - [INFO] digdag-plugin-utils                                                [jar]
11:07:21.045 [StreamPumper-systemOut] DEBUG - [INFO] digdag-core                                                        [jar]
11:07:21.045 [StreamPumper-systemOut] DEBUG - [INFO] digdag-guice-rs                                                    [jar]
11:07:21.045 [StreamPumper-systemOut] DEBUG - [INFO] digdag-guice-rs-server-undertow                                    [jar]
11:07:21.045 [StreamPumper-systemOut] DEBUG - [INFO] digdag-server                                                      [jar]
11:07:21.045 [StreamPumper-systemOut] DEBUG - [INFO] digdag-standards                                                   [jar]
11:07:21.045 [StreamPumper-systemOut] DEBUG - [INFO] digdag-storage-s3                                                  [jar]
11:07:21.045 [StreamPumper-systemOut] DEBUG - [INFO] digdag-storage-gcs                                                 [jar]
11:07:21.045 [StreamPumper-systemOut] DEBUG - [INFO] digdag-cli                                                         [jar]
11:07:21.045 [StreamPumper-systemOut] DEBUG - [INFO] digdag-docs                                                        [jar]
11:07:21.045 [StreamPumper-systemOut] DEBUG - [INFO] digdag-tests                                                       [jar]
11:07:21.045 [StreamPumper-systemOut] DEBUG - [INFO] digdag-ui                                                          [jar]
11:07:21.265 [StreamPumper-systemOut] DEBUG - [INFO] Downloading from central: https://repo.maven.apache.org/maven2/org/apache/maven/plugins/maven-enforcer-plugin/1.4.1/maven-enforcer-plugin-1.4.1.pom
11:07:21.574 [StreamPumper-systemOut] DEBUG - [INFO] Downloaded from central: https://repo.maven.apache.org/maven2/org/apache/maven/plugins/maven-enforcer-plugin/1.4.1/maven-enforcer-plugin-1.4.1.pom (7.3 kB at 23 kB/s)
11:07:21.611 [StreamPumper-systemOut] DEBUG - [INFO] Downloading from central: https://repo.maven.apache.org/maven2/org/apache/maven/enforcer/enforcer/1.4.1/enforcer-1.4.1.pom
11:07:21.634 [StreamPumper-systemOut] DEBUG - [INFO] Downloaded from central: https://repo.maven.apache.org/maven2/org/apache/maven/enforcer/enforcer/1.4.1/enforcer-1.4.1.pom (7.2 kB at 300 kB/s)
11:07:21.644 [StreamPumper-systemOut] DEBUG - [INFO] Downloading from central: https://repo.maven.apache.org/maven2/org/apache/maven/plugins/maven-enforcer-plugin/1.4.1/maven-enforcer-plugin-1.4.1.jar
11:07:21.675 [StreamPumper-systemOut] DEBUG - [INFO] Downloaded from central: https://repo.maven.apache.org/maven2/org/apache/maven/plugins/maven-enforcer-plugin/1.4.1/maven-enforcer-plugin-1.4.1.jar (27 kB at 909 kB/s)
11:07:21.679 [StreamPumper-systemOut] DEBUG - [INFO] Downloading from central: https://repo.maven.apache.org/maven2/org/apache/maven/plugins/maven-jar-plugin/3.0.2/maven-jar-plugin-3.0.2.pom
11:07:21.700 [StreamPumper-systemOut] DEBUG - [INFO] Downloaded from central: https://repo.maven.apache.org/maven2/org/apache/maven/plugins/maven-jar-plugin/3.0.2/maven-jar-plugin-3.0.2.pom (6.2 kB at 294 kB/s)
11:07:21.709 [StreamPumper-systemOut] DEBUG - [INFO] Downloading from central: https://repo.maven.apache.org/maven2/org/apache/maven/plugins/maven-jar-plugin/3.0.2/maven-jar-plugin-3.0.2.jar
11:07:21.734 [StreamPumper-systemOut] DEBUG - [INFO] Downloaded from central: https://repo.maven.apache.org/maven2/org/apache/maven/plugins/maven-jar-plugin/3.0.2/maven-jar-plugin-3.0.2.jar (27 kB at 1.0 MB/s)
11:07:21.793 [StreamPumper-systemOut] DEBUG - [INFO] 
11:07:21.794 [StreamPumper-systemOut] DEBUG - [INFO] --------------------------< io.digdag:digdag >--------------------------
11:07:21.794 [StreamPumper-systemOut] DEBUG - [INFO] Building digdag 0.10.5                                            [1/17]
11:07:21.794 [StreamPumper-systemOut] DEBUG - [INFO] --------------------------------[ pom ]---------------------------------
11:07:21.806 [StreamPumper-systemOut] DEBUG - [INFO] 
11:07:21.806 [StreamPumper-systemOut] DEBUG - [INFO] --- maven-dependency-plugin:2.8:build-classpath (default-cli) @ digdag ---
11:07:22.248 [StreamPumper-systemOut] DEBUG - [INFO] No dependencies found.
11:07:22.248 [StreamPumper-systemOut] DEBUG - [INFO] Wrote classpath file '/home/alex/Respector-fork/dataset/digdag/spoon.classpath-app.tmp'.
11:07:22.248 [StreamPumper-systemOut] DEBUG - [INFO] 
11:07:22.248 [StreamPumper-systemOut] DEBUG - [INFO] ----------------------< io.digdag:digdag-commons >----------------------
11:07:22.248 [StreamPumper-systemOut] DEBUG - [INFO] Building digdag-commons 0.10.5                                    [2/17]
11:07:22.248 [StreamPumper-systemOut] DEBUG - [INFO] --------------------------------[ jar ]---------------------------------
11:07:22.261 [StreamPumper-systemOut] DEBUG - [INFO] Downloading from central: https://repo.maven.apache.org/maven2/io/micrometer/micrometer-core/1.2.0/micrometer-core-1.2.0.pom
11:07:22.383 [StreamPumper-systemOut] DEBUG - [INFO] Downloaded from central: https://repo.maven.apache.org/maven2/io/micrometer/micrometer-core/1.2.0/micrometer-core-1.2.0.pom (7.2 kB at 59 kB/s)
11:07:22.385 [StreamPumper-systemOut] DEBUG - [INFO] Downloading from central: https://repo.maven.apache.org/maven2/org/hdrhistogram/HdrHistogram/2.1.11/HdrHistogram-2.1.11.pom
11:07:22.406 [StreamPumper-systemOut] DEBUG - [INFO] Downloaded from central: https://repo.maven.apache.org/maven2/org/hdrhistogram/HdrHistogram/2.1.11/HdrHistogram-2.1.11.pom (11 kB at 522 kB/s)
11:07:22.410 [StreamPumper-systemOut] DEBUG - [INFO] Downloading from central: https://repo.maven.apache.org/maven2/io/micrometer/micrometer-registry-jmx/1.2.0/micrometer-registry-jmx-1.2.0.pom
11:07:22.631 [StreamPumper-systemOut] DEBUG - [INFO] Downloaded from central: https://repo.maven.apache.org/maven2/io/micrometer/micrometer-registry-jmx/1.2.0/micrometer-registry-jmx-1.2.0.pom (2.9 kB at 13 kB/s)
11:07:22.634 [StreamPumper-systemOut] DEBUG - [INFO] Downloading from central: https://repo.maven.apache.org/maven2/io/dropwizard/metrics/metrics-jmx/4.0.5/metrics-jmx-4.0.5.pom
11:07:22.752 [StreamPumper-systemOut] DEBUG - [INFO] Downloaded from central: https://repo.maven.apache.org/maven2/io/dropwizard/metrics/metrics-jmx/4.0.5/metrics-jmx-4.0.5.pom (1.3 kB at 11 kB/s)
11:07:22.755 [StreamPumper-systemOut] DEBUG - [INFO] Downloading from central: https://repo.maven.apache.org/maven2/io/dropwizard/metrics/metrics-parent/4.0.5/metrics-parent-4.0.5.pom
11:07:22.776 [StreamPumper-systemOut] DEBUG - [INFO] Downloaded from central: https://repo.maven.apache.org/maven2/io/dropwizard/metrics/metrics-parent/4.0.5/metrics-parent-4.0.5.pom (13 kB at 633 kB/s)
11:07:22.779 [StreamPumper-systemOut] DEBUG - [INFO] Downloading from central: https://repo.maven.apache.org/maven2/io/dropwizard/metrics/metrics-bom/4.0.5/metrics-bom-4.0.5.pom
11:07:22.902 [StreamPumper-systemOut] DEBUG - [INFO] Downloaded from central: https://repo.maven.apache.org/maven2/io/dropwizard/metrics/metrics-bom/4.0.5/metrics-bom-4.0.5.pom (4.9 kB at 40 kB/s)
11:07:22.905 [StreamPumper-systemOut] DEBUG - [INFO] Downloading from central: https://repo.maven.apache.org/maven2/io/dropwizard/metrics/metrics-core/4.0.5/metrics-core-4.0.5.pom
11:07:23.030 [StreamPumper-systemOut] DEBUG - [INFO] Downloaded from central: https://repo.maven.apache.org/maven2/io/dropwizard/metrics/metrics-core/4.0.5/metrics-core-4.0.5.pom (846 B at 6.8 kB/s)
11:07:23.033 [StreamPumper-systemOut] DEBUG - [INFO] Downloading from central: https://repo.maven.apache.org/maven2/io/github/yoyama/fluency-meter-registory_2.12/0.4.0/fluency-meter-registory_2.12-0.4.0.pom
11:07:23.257 [StreamPumper-systemOut] DEBUG - [INFO] Downloaded from central: https://repo.maven.apache.org/maven2/io/github/yoyama/fluency-meter-registory_2.12/0.4.0/fluency-meter-registory_2.12-0.4.0.pom (3.5 kB at 16 kB/s)
11:07:23.259 [StreamPumper-systemOut] DEBUG - [INFO] Downloading from central: https://repo.maven.apache.org/maven2/org/scala-lang/scala-library/2.12.10/scala-library-2.12.10.pom
11:07:23.278 [StreamPumper-systemOut] DEBUG - [INFO] Downloaded from central: https://repo.maven.apache.org/maven2/org/scala-lang/scala-library/2.12.10/scala-library-2.12.10.pom (1.6 kB at 84 kB/s)
11:07:23.280 [StreamPumper-systemOut] DEBUG - [INFO] Downloading from central: https://repo.maven.apache.org/maven2/org/komamitsu/fluency-core/2.3.3/fluency-core-2.3.3.pom
11:07:23.506 [StreamPumper-systemOut] DEBUG - [INFO] Downloaded from central: https://repo.maven.apache.org/maven2/org/komamitsu/fluency-core/2.3.3/fluency-core-2.3.3.pom (1.9 kB at 8.6 kB/s)
11:07:23.509 [StreamPumper-systemOut] DEBUG - [INFO] Downloading from central: https://repo.maven.apache.org/maven2/org/msgpack/jackson-dataformat-msgpack/0.8.17/jackson-dataformat-msgpack-0.8.17.pom
11:07:23.726 [StreamPumper-systemOut] DEBUG - [INFO] Downloaded from central: https://repo.maven.apache.org/maven2/org/msgpack/jackson-dataformat-msgpack/0.8.17/jackson-dataformat-msgpack-0.8.17.pom (2.9 kB at 13 kB/s)
11:07:23.729 [StreamPumper-systemOut] DEBUG - [INFO] Downloading from central: https://repo.maven.apache.org/maven2/org/komamitsu/phi-accural-failure-detector/0.0.4/phi-accural-failure-detector-0.0.4.pom
11:07:23.948 [StreamPumper-systemOut] DEBUG - [INFO] Downloaded from central: https://repo.maven.apache.org/maven2/org/komamitsu/phi-accural-failure-detector/0.0.4/phi-accural-failure-detector-0.0.4.pom (1.4 kB at 6.5 kB/s)
11:07:23.951 [StreamPumper-systemOut] DEBUG - [INFO] Downloading from central: https://repo.maven.apache.org/maven2/net/jodah/failsafe/1.1.1/failsafe-1.1.1.pom
11:07:24.072 [StreamPumper-systemOut] DEBUG - [INFO] Downloaded from central: https://repo.maven.apache.org/maven2/net/jodah/failsafe/1.1.1/failsafe-1.1.1.pom (8.1 kB at 67 kB/s)
11:07:24.075 [StreamPumper-systemOut] DEBUG - [INFO] Downloading from central: https://repo.maven.apache.org/maven2/org/komamitsu/fluency-fluentd/2.3.3/fluency-fluentd-2.3.3.pom
11:07:24.296 [StreamPumper-systemOut] DEBUG - [INFO] Downloaded from central: https://repo.maven.apache.org/maven2/org/komamitsu/fluency-fluentd/2.3.3/fluency-fluentd-2.3.3.pom (2.1 kB at 9.6 kB/s)
11:07:24.299 [StreamPumper-systemOut] DEBUG - [INFO] Downloading from central: https://repo.maven.apache.org/maven2/org/slf4j/slf4j-simple/1.7.28/slf4j-simple-1.7.28.pom
11:07:24.423 [StreamPumper-systemOut] DEBUG - [INFO] Downloaded from central: https://repo.maven.apache.org/maven2/org/slf4j/slf4j-simple/1.7.28/slf4j-simple-1.7.28.pom (1.0 kB at 8.3 kB/s)
11:07:24.452 [StreamPumper-systemOut] DEBUG - [INFO] Downloading from central: https://repo.maven.apache.org/maven2/pl/pragmatists/JUnitParams/1.0.5/JUnitParams-1.0.5.pom
11:07:24.576 [StreamPumper-systemOut] DEBUG - [INFO] Downloaded from central: https://repo.maven.apache.org/maven2/pl/pragmatists/JUnitParams/1.0.5/JUnitParams-1.0.5.pom (8.4 kB at 67 kB/s)
11:07:24.581 [StreamPumper-systemOut] DEBUG - [INFO] Downloading from central: https://repo.maven.apache.org/maven2/org/immutables/value/2.3.9/value-2.3.9.pom
11:07:24.699 [StreamPumper-systemOut] DEBUG - [INFO] Downloaded from central: https://repo.maven.apache.org/maven2/org/immutables/value/2.3.9/value-2.3.9.pom (4.7 kB at 39 kB/s)
11:07:24.701 [StreamPumper-systemOut] DEBUG - [INFO] Downloading from central: https://repo.maven.apache.org/maven2/org/immutables/immutables/2.3.9/immutables-2.3.9.pom
11:07:24.927 [StreamPumper-systemOut] DEBUG - [INFO] Downloaded from central: https://repo.maven.apache.org/maven2/org/immutables/immutables/2.3.9/immutables-2.3.9.pom (7.0 kB at 31 kB/s)
11:07:24.935 [StreamPumper-systemOut] DEBUG - [INFO] Downloading from central: https://repo.maven.apache.org/maven2/io/micrometer/micrometer-core/1.2.0/micrometer-core-1.2.0.jar
11:07:24.936 [StreamPumper-systemOut] DEBUG - [INFO] Downloading from central: https://repo.maven.apache.org/maven2/org/hdrhistogram/HdrHistogram/2.1.11/HdrHistogram-2.1.11.jar
11:07:24.936 [StreamPumper-systemOut] DEBUG - [INFO] Downloading from central: https://repo.maven.apache.org/maven2/io/micrometer/micrometer-registry-jmx/1.2.0/micrometer-registry-jmx-1.2.0.jar
11:07:24.937 [StreamPumper-systemOut] DEBUG - [INFO] Downloading from central: https://repo.maven.apache.org/maven2/io/dropwizard/metrics/metrics-jmx/4.0.5/metrics-jmx-4.0.5.jar
11:07:24.938 [StreamPumper-systemOut] DEBUG - [INFO] Downloading from central: https://repo.maven.apache.org/maven2/io/dropwizard/metrics/metrics-core/4.0.5/metrics-core-4.0.5.jar
11:07:24.983 [StreamPumper-systemOut] DEBUG - [INFO] Downloaded from central: https://repo.maven.apache.org/maven2/org/hdrhistogram/HdrHistogram/2.1.11/HdrHistogram-2.1.11.jar (123 kB at 2.5 MB/s)
11:07:24.983 [StreamPumper-systemOut] DEBUG - [INFO] Downloading from central: https://repo.maven.apache.org/maven2/io/github/yoyama/fluency-meter-registory_2.12/0.4.0/fluency-meter-registory_2.12-0.4.0.jar
11:07:25.081 [StreamPumper-systemOut] DEBUG - [INFO] Downloaded from central: https://repo.maven.apache.org/maven2/io/dropwizard/metrics/metrics-core/4.0.5/metrics-core-4.0.5.jar (98 kB at 683 kB/s)
11:07:25.081 [StreamPumper-systemOut] DEBUG - [INFO] Downloading from central: https://repo.maven.apache.org/maven2/org/scala-lang/scala-library/2.12.10/scala-library-2.12.10.jar
11:07:25.161 [StreamPumper-systemOut] DEBUG - [INFO] Downloaded from central: https://repo.maven.apache.org/maven2/org/scala-lang/scala-library/2.12.10/scala-library-2.12.10.jar (5.3 MB at 24 MB/s)
11:07:25.161 [StreamPumper-systemOut] DEBUG - [INFO] Downloading from central: https://repo.maven.apache.org/maven2/org/komamitsu/fluency-core/2.3.3/fluency-core-2.3.3.jar
11:07:25.177 [StreamPumper-systemOut] DEBUG - [INFO] Downloaded from central: https://repo.maven.apache.org/maven2/io/micrometer/micrometer-registry-jmx/1.2.0/micrometer-registry-jmx-1.2.0.jar (3.7 kB at 16 kB/s)
11:07:25.177 [StreamPumper-systemOut] DEBUG - [INFO] Downloading from central: https://repo.maven.apache.org/maven2/org/msgpack/jackson-dataformat-msgpack/0.8.17/jackson-dataformat-msgpack-0.8.17.jar
11:07:25.177 [StreamPumper-systemOut] DEBUG - [INFO] Downloaded from central: https://repo.maven.apache.org/maven2/io/dropwizard/metrics/metrics-jmx/4.0.5/metrics-jmx-4.0.5.jar (20 kB at 85 kB/s)
11:07:25.177 [StreamPumper-systemOut] DEBUG - [INFO] Downloading from central: https://repo.maven.apache.org/maven2/org/komamitsu/phi-accural-failure-detector/0.0.4/phi-accural-failure-detector-0.0.4.jar
11:07:25.203 [StreamPumper-systemOut] DEBUG - [INFO] Downloaded from central: https://repo.maven.apache.org/maven2/io/github/yoyama/fluency-meter-registory_2.12/0.4.0/fluency-meter-registory_2.12-0.4.0.jar (20 kB at 75 kB/s)
11:07:25.203 [StreamPumper-systemOut] DEBUG - [INFO] Downloading from central: https://repo.maven.apache.org/maven2/net/jodah/failsafe/1.1.1/failsafe-1.1.1.jar
11:07:25.210 [StreamPumper-systemOut] DEBUG - [INFO] Downloaded from central: https://repo.maven.apache.org/maven2/io/micrometer/micrometer-core/1.2.0/micrometer-core-1.2.0.jar (444 kB at 1.6 MB/s)
11:07:25.210 [StreamPumper-systemOut] DEBUG - [INFO] Downloading from central: https://repo.maven.apache.org/maven2/org/komamitsu/fluency-fluentd/2.3.3/fluency-fluentd-2.3.3.jar
11:07:25.382 [StreamPumper-systemOut] DEBUG - [INFO] Downloaded from central: https://repo.maven.apache.org/maven2/org/komamitsu/fluency-core/2.3.3/fluency-core-2.3.3.jar (57 kB at 128 kB/s)
11:07:25.382 [StreamPumper-systemOut] DEBUG - [INFO] Downloading from central: https://repo.maven.apache.org/maven2/org/slf4j/slf4j-simple/1.7.28/slf4j-simple-1.7.28.jar
11:07:25.394 [StreamPumper-systemOut] DEBUG - [INFO] Downloaded from central: https://repo.maven.apache.org/maven2/org/komamitsu/phi-accural-failure-detector/0.0.4/phi-accural-failure-detector-0.0.4.jar (5.5 kB at 12 kB/s)
11:07:25.394 [StreamPumper-systemOut] DEBUG - [INFO] Downloading from central: https://repo.maven.apache.org/maven2/pl/pragmatists/JUnitParams/1.0.5/JUnitParams-1.0.5.jar
11:07:25.401 [StreamPumper-systemOut] DEBUG - [INFO] Downloaded from central: https://repo.maven.apache.org/maven2/org/msgpack/jackson-dataformat-msgpack/0.8.17/jackson-dataformat-msgpack-0.8.17.jar (31 kB at 66 kB/s)
11:07:25.401 [StreamPumper-systemOut] DEBUG - [INFO] Downloading from central: https://repo.maven.apache.org/maven2/org/immutables/value/2.3.9/value-2.3.9.jar
11:07:25.425 [StreamPumper-systemOut] DEBUG - [INFO] Downloaded from central: https://repo.maven.apache.org/maven2/net/jodah/failsafe/1.1.1/failsafe-1.1.1.jar (86 kB at 176 kB/s)
11:07:25.431 [StreamPumper-systemOut] DEBUG - [INFO] Downloaded from central: https://repo.maven.apache.org/maven2/org/komamitsu/fluency-fluentd/2.3.3/fluency-fluentd-2.3.3.jar (55 kB at 111 kB/s)
11:07:25.517 [StreamPumper-systemOut] DEBUG - [INFO] Downloaded from central: https://repo.maven.apache.org/maven2/pl/pragmatists/JUnitParams/1.0.5/JUnitParams-1.0.5.jar (55 kB at 96 kB/s)
11:07:25.610 [StreamPumper-systemOut] DEBUG - [INFO] Downloaded from central: https://repo.maven.apache.org/maven2/org/slf4j/slf4j-simple/1.7.28/slf4j-simple-1.7.28.jar (15 kB at 23 kB/s)
11:07:25.684 [StreamPumper-systemOut] DEBUG - [INFO] Downloaded from central: https://repo.maven.apache.org/maven2/org/immutables/value/2.3.9/value-2.3.9.jar (2.6 MB at 3.5 MB/s)
11:07:25.690 [StreamPumper-systemOut] DEBUG - [INFO] 
11:07:25.690 [StreamPumper-systemOut] DEBUG - [INFO] --- maven-dependency-plugin:2.8:build-classpath (default-cli) @ digdag-commons ---
11:07:25.693 [StreamPumper-systemOut] DEBUG - [INFO] Wrote classpath file '/home/alex/Respector-fork/dataset/digdag/digdag-commons/spoon.classpath-app.tmp'.
11:07:25.693 [StreamPumper-systemOut] DEBUG - [INFO] 
11:07:25.693 [StreamPumper-systemOut] DEBUG - [INFO] ----------------------< io.digdag:digdag-client >-----------------------
11:07:25.693 [StreamPumper-systemOut] DEBUG - [INFO] Building digdag-client 0.10.5                                     [3/17]
11:07:25.693 [StreamPumper-systemOut] DEBUG - [INFO] --------------------------------[ jar ]---------------------------------
11:07:25.696 [StreamPumper-systemOut] DEBUG - [INFO] Downloading from central: https://repo.maven.apache.org/maven2/com/fasterxml/jackson/jaxrs/jackson-jaxrs-json-provider/2.9.10/jackson-jaxrs-json-provider-2.9.10.pom
11:07:25.715 [StreamPumper-systemOut] DEBUG - [INFO] Downloaded from central: https://repo.maven.apache.org/maven2/com/fasterxml/jackson/jaxrs/jackson-jaxrs-json-provider/2.9.10/jackson-jaxrs-json-provider-2.9.10.pom (3.9 kB at 205 kB/s)
11:07:25.716 [StreamPumper-systemOut] DEBUG - [INFO] Downloading from central: https://repo.maven.apache.org/maven2/com/fasterxml/jackson/jaxrs/jackson-jaxrs-providers/2.9.10/jackson-jaxrs-providers-2.9.10.pom
11:07:25.734 [StreamPumper-systemOut] DEBUG - [INFO] Downloaded from central: https://repo.maven.apache.org/maven2/com/fasterxml/jackson/jaxrs/jackson-jaxrs-providers/2.9.10/jackson-jaxrs-providers-2.9.10.pom (4.5 kB at 253 kB/s)
11:07:25.738 [StreamPumper-systemOut] DEBUG - [INFO] Downloading from central: https://repo.maven.apache.org/maven2/com/fasterxml/jackson/jaxrs/jackson-jaxrs-base/2.9.10/jackson-jaxrs-base-2.9.10.pom
11:07:25.758 [StreamPumper-systemOut] DEBUG - [INFO] Downloaded from central: https://repo.maven.apache.org/maven2/com/fasterxml/jackson/jaxrs/jackson-jaxrs-base/2.9.10/jackson-jaxrs-base-2.9.10.pom (1.5 kB at 76 kB/s)
11:07:25.764 [StreamPumper-systemOut] DEBUG - [INFO] Downloading from central: https://repo.maven.apache.org/maven2/com/fasterxml/jackson/module/jackson-module-jaxb-annotations/2.9.10/jackson-module-jaxb-annotations-2.9.10.pom
11:07:25.783 [StreamPumper-systemOut] DEBUG - [INFO] Downloaded from central: https://repo.maven.apache.org/maven2/com/fasterxml/jackson/module/jackson-module-jaxb-annotations/2.9.10/jackson-module-jaxb-annotations-2.9.10.pom (2.0 kB at 105 kB/s)
11:07:25.784 [StreamPumper-systemOut] DEBUG - [INFO] Downloading from central: https://repo.maven.apache.org/maven2/com/fasterxml/jackson/module/jackson-modules-base/2.9.10/jackson-modules-base-2.9.10.pom
11:07:25.803 [StreamPumper-systemOut] DEBUG - [INFO] Downloaded from central: https://repo.maven.apache.org/maven2/com/fasterxml/jackson/module/jackson-modules-base/2.9.10/jackson-modules-base-2.9.10.pom (3.0 kB at 168 kB/s)
11:07:25.805 [StreamPumper-systemOut] DEBUG - [INFO] Downloading from central: https://repo.maven.apache.org/maven2/com/fasterxml/jackson/datatype/jackson-datatype-guava/2.9.10/jackson-datatype-guava-2.9.10.pom
11:07:25.931 [StreamPumper-systemOut] DEBUG - [INFO] Downloaded from central: https://repo.maven.apache.org/maven2/com/fasterxml/jackson/datatype/jackson-datatype-guava/2.9.10/jackson-datatype-guava-2.9.10.pom (2.7 kB at 21 kB/s)
11:07:25.933 [StreamPumper-systemOut] DEBUG - [INFO] Downloading from central: https://repo.maven.apache.org/maven2/com/fasterxml/jackson/datatype/jackson-datatypes-collections/2.9.10/jackson-datatypes-collections-2.9.10.pom
11:07:26.151 [StreamPumper-systemOut] DEBUG - [INFO] Downloaded from central: https://repo.maven.apache.org/maven2/com/fasterxml/jackson/datatype/jackson-datatypes-collections/2.9.10/jackson-datatypes-collections-2.9.10.pom (2.1 kB at 9.8 kB/s)
11:07:26.155 [StreamPumper-systemOut] DEBUG - [INFO] Downloading from central: https://repo.maven.apache.org/maven2/com/github/rholder/guava-retrying/2.0.0/guava-retrying-2.0.0.pom
11:07:26.273 [StreamPumper-systemOut] DEBUG - [INFO] Downloaded from central: https://repo.maven.apache.org/maven2/com/github/rholder/guava-retrying/2.0.0/guava-retrying-2.0.0.pom (2.0 kB at 17 kB/s)
11:07:26.276 [StreamPumper-systemOut] DEBUG - [INFO] Downloading from central: https://repo.maven.apache.org/maven2/org/jboss/resteasy/resteasy-client/3.0.24.Final/resteasy-client-3.0.24.Final.pom
11:07:26.397 [StreamPumper-systemOut] DEBUG - [INFO] Downloaded from central: https://repo.maven.apache.org/maven2/org/jboss/resteasy/resteasy-client/3.0.24.Final/resteasy-client-3.0.24.Final.pom (4.2 kB at 35 kB/s)
11:07:26.399 [StreamPumper-systemOut] DEBUG - [INFO] Downloading from central: https://repo.maven.apache.org/maven2/org/jboss/resteasy/resteasy-jaxrs-all/3.0.24.Final/resteasy-jaxrs-all-3.0.24.Final.pom
11:07:26.621 [StreamPumper-systemOut] DEBUG - [INFO] Downloaded from central: https://repo.maven.apache.org/maven2/org/jboss/resteasy/resteasy-jaxrs-all/3.0.24.Final/resteasy-jaxrs-all-3.0.24.Final.pom (10 kB at 47 kB/s)
11:07:26.625 [StreamPumper-systemOut] DEBUG - [INFO] Downloading from central: https://repo.maven.apache.org/maven2/org/jboss/resteasy/resteasy-dependencies/3.0.24.Final/resteasy-dependencies-3.0.24.Final.pom
11:07:26.844 [StreamPumper-systemOut] DEBUG - [INFO] Downloaded from central: https://repo.maven.apache.org/maven2/org/jboss/resteasy/resteasy-dependencies/3.0.24.Final/resteasy-dependencies-3.0.24.Final.pom (31 kB at 142 kB/s)
11:07:26.849 [StreamPumper-systemOut] DEBUG - [INFO] Downloading from central: https://repo.maven.apache.org/maven2/org/jboss/resteasy/resteasy-jaxrs/3.0.24.Final/resteasy-jaxrs-3.0.24.Final.pom
11:07:26.967 [StreamPumper-systemOut] DEBUG - [INFO] Downloaded from central: https://repo.maven.apache.org/maven2/org/jboss/resteasy/resteasy-jaxrs/3.0.24.Final/resteasy-jaxrs-3.0.24.Final.pom (8.5 kB at 72 kB/s)
11:07:26.984 [StreamPumper-systemOut] DEBUG - [INFO] Downloading from central: https://repo.maven.apache.org/maven2/org/apache/commons/commons-compress/1.10/commons-compress-1.10.pom
11:07:26.993 [StreamPumper-systemOut] DEBUG - [INFO] Downloaded from central: https://repo.maven.apache.org/maven2/org/apache/commons/commons-compress/1.10/commons-compress-1.10.pom (0 B at 0 B/s)
11:07:26.995 [StreamPumper-systemOut] DEBUG - [INFO] Downloading from central: https://repo.maven.apache.org/maven2/org/apache/commons/commons-parent/38/commons-parent-38.pom
11:07:27.003 [StreamPumper-systemOut] DEBUG - [INFO] Downloaded from central: https://repo.maven.apache.org/maven2/org/apache/commons/commons-parent/38/commons-parent-38.pom (0 B at 0 B/s)
11:07:27.006 [StreamPumper-systemOut] DEBUG - [INFO] Downloading from central: https://repo.maven.apache.org/maven2/io/jsonwebtoken/jjwt/0.6.0/jjwt-0.6.0.pom
11:07:27.130 [StreamPumper-systemOut] DEBUG - [INFO] Downloaded from central: https://repo.maven.apache.org/maven2/io/jsonwebtoken/jjwt/0.6.0/jjwt-0.6.0.pom (18 kB at 145 kB/s)
11:07:27.132 [StreamPumper-systemOut] DEBUG - [INFO] Downloading from central: https://repo.maven.apache.org/maven2/com/fasterxml/jackson/core/jackson-databind/2.4.2/jackson-databind-2.4.2.pom
11:07:27.251 [StreamPumper-systemOut] DEBUG - [INFO] Downloaded from central: https://repo.maven.apache.org/maven2/com/fasterxml/jackson/core/jackson-databind/2.4.2/jackson-databind-2.4.2.pom (5.7 kB at 48 kB/s)
11:07:27.253 [StreamPumper-systemOut] DEBUG - [INFO] Downloading from central: https://repo.maven.apache.org/maven2/com/fasterxml/jackson/jackson-parent/2.4/jackson-parent-2.4.pom
11:07:27.270 [StreamPumper-systemOut] DEBUG - [INFO] Downloaded from central: https://repo.maven.apache.org/maven2/com/fasterxml/jackson/jackson-parent/2.4/jackson-parent-2.4.pom (6.4 kB at 374 kB/s)
11:07:27.271 [StreamPumper-systemOut] DEBUG - [INFO] Downloading from central: https://repo.maven.apache.org/maven2/com/fasterxml/oss-parent/16/oss-parent-16.pom
11:07:27.289 [StreamPumper-systemOut] DEBUG - [INFO] Downloaded from central: https://repo.maven.apache.org/maven2/com/fasterxml/oss-parent/16/oss-parent-16.pom (19 kB at 1.0 MB/s)
11:07:27.291 [StreamPumper-systemOut] DEBUG - [INFO] Downloading from central: https://repo.maven.apache.org/maven2/com/fasterxml/jackson/core/jackson-annotations/2.4.0/jackson-annotations-2.4.0.pom
11:07:27.308 [StreamPumper-systemOut] DEBUG - [INFO] Downloaded from central: https://repo.maven.apache.org/maven2/com/fasterxml/jackson/core/jackson-annotations/2.4.0/jackson-annotations-2.4.0.pom (1.2 kB at 72 kB/s)
11:07:27.309 [StreamPumper-systemOut] DEBUG - [INFO] Downloading from central: https://repo.maven.apache.org/maven2/com/fasterxml/jackson/core/jackson-core/2.4.2/jackson-core-2.4.2.pom
11:07:27.428 [StreamPumper-systemOut] DEBUG - [INFO] Downloaded from central: https://repo.maven.apache.org/maven2/com/fasterxml/jackson/core/jackson-core/2.4.2/jackson-core-2.4.2.pom (4.8 kB at 40 kB/s)
11:07:27.431 [StreamPumper-systemOut] DEBUG - [INFO] Downloading from central: https://repo.maven.apache.org/maven2/com/squareup/okhttp3/okhttp/3.12.0/okhttp-3.12.0.pom
11:07:27.449 [StreamPumper-systemOut] DEBUG - [INFO] Downloaded from central: https://repo.maven.apache.org/maven2/com/squareup/okhttp3/okhttp/3.12.0/okhttp-3.12.0.pom (2.5 kB at 137 kB/s)
11:07:27.450 [StreamPumper-systemOut] DEBUG - [INFO] Downloading from central: https://repo.maven.apache.org/maven2/com/squareup/okhttp3/parent/3.12.0/parent-3.12.0.pom
11:07:27.468 [StreamPumper-systemOut] DEBUG - [INFO] Downloaded from central: https://repo.maven.apache.org/maven2/com/squareup/okhttp3/parent/3.12.0/parent-3.12.0.pom (20 kB at 1.1 MB/s)
11:07:27.470 [StreamPumper-systemOut] DEBUG - [INFO] Downloading from central: https://repo.maven.apache.org/maven2/com/squareup/okio/okio/1.15.0/okio-1.15.0.pom
11:07:27.488 [StreamPumper-systemOut] DEBUG - [INFO] Downloaded from central: https://repo.maven.apache.org/maven2/com/squareup/okio/okio/1.15.0/okio-1.15.0.pom (2.0 kB at 110 kB/s)
11:07:27.489 [StreamPumper-systemOut] DEBUG - [INFO] Downloading from central: https://repo.maven.apache.org/maven2/com/squareup/okio/okio-parent/1.15.0/okio-parent-1.15.0.pom
11:07:27.506 [StreamPumper-systemOut] DEBUG - [INFO] Downloaded from central: https://repo.maven.apache.org/maven2/com/squareup/okio/okio-parent/1.15.0/okio-parent-1.15.0.pom (4.9 kB at 286 kB/s)
11:07:27.508 [StreamPumper-systemOut] DEBUG - [INFO] Downloading from central: https://repo.maven.apache.org/maven2/com/squareup/okhttp3/okhttp-tls/3.12.0/okhttp-tls-3.12.0.pom
11:07:27.821 [StreamPumper-systemOut] DEBUG - [INFO] Downloaded from central: https://repo.maven.apache.org/maven2/com/squareup/okhttp3/okhttp-tls/3.12.0/okhttp-tls-3.12.0.pom (2.1 kB at 6.6 kB/s)
11:07:27.824 [StreamPumper-systemOut] DEBUG - [INFO] Downloading from central: https://repo.maven.apache.org/maven2/org/bouncycastle/bcprov-jdk15on/1.60/bcprov-jdk15on-1.60.pom
11:07:27.843 [StreamPumper-systemOut] DEBUG - [INFO] Downloaded from central: https://repo.maven.apache.org/maven2/org/bouncycastle/bcprov-jdk15on/1.60/bcprov-jdk15on-1.60.pom (1.1 kB at 60 kB/s)
11:07:27.845 [StreamPumper-systemOut] DEBUG - [INFO] Downloading from central: https://repo.maven.apache.org/maven2/com/squareup/okhttp3/mockwebserver/3.12.0/mockwebserver-3.12.0.pom
11:07:27.967 [StreamPumper-systemOut] DEBUG - [INFO] Downloaded from central: https://repo.maven.apache.org/maven2/com/squareup/okhttp3/mockwebserver/3.12.0/mockwebserver-3.12.0.pom (2.6 kB at 21 kB/s)
11:07:27.975 [StreamPumper-systemOut] DEBUG - [INFO] Downloading from central: https://repo.maven.apache.org/maven2/io/digdag/digdag-commons/0.10.5/digdag-commons-0.10.5.jar
11:07:27.976 [StreamPumper-systemOut] DEBUG - [INFO] Downloading from central: https://repo.maven.apache.org/maven2/com/fasterxml/jackson/jaxrs/jackson-jaxrs-json-provider/2.9.10/jackson-jaxrs-json-provider-2.9.10.jar
11:07:27.976 [StreamPumper-systemOut] DEBUG - [INFO] Downloading from central: https://repo.maven.apache.org/maven2/com/fasterxml/jackson/jaxrs/jackson-jaxrs-base/2.9.10/jackson-jaxrs-base-2.9.10.jar
11:07:27.976 [StreamPumper-systemOut] DEBUG - [INFO] Downloading from central: https://repo.maven.apache.org/maven2/com/fasterxml/jackson/module/jackson-module-jaxb-annotations/2.9.10/jackson-module-jaxb-annotations-2.9.10.jar
11:07:27.977 [StreamPumper-systemOut] DEBUG - [INFO] Downloading from central: https://repo.maven.apache.org/maven2/com/fasterxml/jackson/datatype/jackson-datatype-guava/2.9.10/jackson-datatype-guava-2.9.10.jar
11:07:27.994 [StreamPumper-systemOut] DEBUG - [INFO] Downloaded from central: https://repo.maven.apache.org/maven2/com/fasterxml/jackson/jaxrs/jackson-jaxrs-json-provider/2.9.10/jackson-jaxrs-json-provider-2.9.10.jar (16 kB at 793 kB/s)
11:07:27.994 [StreamPumper-systemOut] DEBUG - [INFO] Downloading from central: https://repo.maven.apache.org/maven2/com/github/rholder/guava-retrying/2.0.0/guava-retrying-2.0.0.jar
11:07:27.996 [StreamPumper-systemOut] DEBUG - [INFO] Downloaded from central: https://repo.maven.apache.org/maven2/com/fasterxml/jackson/jaxrs/jackson-jaxrs-base/2.9.10/jackson-jaxrs-base-2.9.10.jar (32 kB at 1.5 MB/s)
11:07:27.996 [StreamPumper-systemOut] DEBUG - [INFO] Downloading from central: https://repo.maven.apache.org/maven2/org/jboss/resteasy/resteasy-client/3.0.24.Final/resteasy-client-3.0.24.Final.jar
11:07:27.999 [StreamPumper-systemOut] DEBUG - [INFO] Downloaded from central: https://repo.maven.apache.org/maven2/com/fasterxml/jackson/module/jackson-module-jaxb-annotations/2.9.10/jackson-module-jaxb-annotations-2.9.10.jar (34 kB at 1.4 MB/s)
11:07:27.999 [StreamPumper-systemOut] DEBUG - [INFO] Downloading from central: https://repo.maven.apache.org/maven2/org/jboss/resteasy/resteasy-jaxrs/3.0.24.Final/resteasy-jaxrs-3.0.24.Final.jar
11:07:28.014 [StreamPumper-systemOut] DEBUG - [INFO] Downloaded from central: https://repo.maven.apache.org/maven2/com/github/rholder/guava-retrying/2.0.0/guava-retrying-2.0.0.jar (33 kB at 877 kB/s)
11:07:28.014 [StreamPumper-systemOut] DEBUG - [INFO] Downloading from central: https://repo.maven.apache.org/maven2/org/apache/commons/commons-compress/1.10/commons-compress-1.10.jar
11:07:28.024 [StreamPumper-systemOut] DEBUG - [INFO] Downloaded from central: https://repo.maven.apache.org/maven2/org/apache/commons/commons-compress/1.10/commons-compress-1.10.jar (0 B at 0 B/s)
11:07:28.024 [StreamPumper-systemOut] DEBUG - [INFO] Downloading from central: https://repo.maven.apache.org/maven2/io/jsonwebtoken/jjwt/0.6.0/jjwt-0.6.0.jar
11:07:28.113 [StreamPumper-systemOut] DEBUG - [INFO] Downloaded from central: https://repo.maven.apache.org/maven2/org/jboss/resteasy/resteasy-client/3.0.24.Final/resteasy-client-3.0.24.Final.jar (174 kB at 1.3 MB/s)
11:07:28.114 [StreamPumper-systemOut] DEBUG - [INFO] Downloading from central: https://repo.maven.apache.org/maven2/com/squareup/okhttp3/okhttp/3.12.0/okhttp-3.12.0.jar
11:07:28.144 [StreamPumper-systemOut] DEBUG - [INFO] Downloaded from central: https://repo.maven.apache.org/maven2/io/jsonwebtoken/jjwt/0.6.0/jjwt-0.6.0.jar (104 kB at 624 kB/s)
11:07:28.144 [StreamPumper-systemOut] DEBUG - [INFO] Downloading from central: https://repo.maven.apache.org/maven2/com/squareup/okio/okio/1.15.0/okio-1.15.0.jar
11:07:28.162 [StreamPumper-systemOut] DEBUG - [INFO] Downloaded from central: https://repo.maven.apache.org/maven2/com/squareup/okio/okio/1.15.0/okio-1.15.0.jar (89 kB at 480 kB/s)
11:07:28.162 [StreamPumper-systemOut] DEBUG - [INFO] Downloading from central: https://repo.maven.apache.org/maven2/com/squareup/okhttp3/okhttp-tls/3.12.0/okhttp-tls-3.12.0.jar
11:07:28.198 [StreamPumper-systemOut] DEBUG - [INFO] Downloaded from central: https://repo.maven.apache.org/maven2/io/digdag/digdag-commons/0.10.5/digdag-commons-0.10.5.jar (1.3 kB at 5.8 kB/s)
11:07:28.198 [StreamPumper-systemOut] DEBUG - [INFO] Downloading from central: https://repo.maven.apache.org/maven2/org/bouncycastle/bcprov-jdk15on/1.60/bcprov-jdk15on-1.60.jar
11:07:28.202 [StreamPumper-systemOut] DEBUG - [INFO] Downloaded from central: https://repo.maven.apache.org/maven2/com/fasterxml/jackson/datatype/jackson-datatype-guava/2.9.10/jackson-datatype-guava-2.9.10.jar (78 kB at 345 kB/s)
11:07:28.202 [StreamPumper-systemOut] DEBUG - [INFO] Downloading from central: https://repo.maven.apache.org/maven2/com/squareup/okhttp3/mockwebserver/3.12.0/mockwebserver-3.12.0.jar
11:07:28.307 [StreamPumper-systemOut] DEBUG - [INFO] Downloaded from central: https://repo.maven.apache.org/maven2/org/jboss/resteasy/resteasy-jaxrs/3.0.24.Final/resteasy-jaxrs-3.0.24.Final.jar (913 kB at 2.8 MB/s)
11:07:28.340 [StreamPumper-systemOut] DEBUG - [INFO] Downloaded from central: https://repo.maven.apache.org/maven2/com/squareup/okhttp3/okhttp/3.12.0/okhttp-3.12.0.jar (423 kB at 1.2 MB/s)
11:07:28.365 [StreamPumper-systemOut] DEBUG - [INFO] Downloaded from central: https://repo.maven.apache.org/maven2/org/bouncycastle/bcprov-jdk15on/1.60/bcprov-jdk15on-1.60.jar (4.2 MB at 11 MB/s)
11:07:28.416 [StreamPumper-systemOut] DEBUG - [INFO] Downloaded from central: https://repo.maven.apache.org/maven2/com/squareup/okhttp3/okhttp-tls/3.12.0/okhttp-tls-3.12.0.jar (14 kB at 31 kB/s)
11:07:28.423 [StreamPumper-systemOut] DEBUG - [INFO] Downloaded from central: https://repo.maven.apache.org/maven2/com/squareup/okhttp3/mockwebserver/3.12.0/mockwebserver-3.12.0.jar (37 kB at 83 kB/s)
11:07:28.429 [StreamPumper-systemOut] DEBUG - [INFO] 
11:07:28.429 [StreamPumper-systemOut] DEBUG - [INFO] --- maven-dependency-plugin:2.8:build-classpath (default-cli) @ digdag-client ---
11:07:28.431 [StreamPumper-systemOut] DEBUG - [INFO] Wrote classpath file '/home/alex/Respector-fork/dataset/digdag/digdag-client/spoon.classpath-app.tmp'.
11:07:28.432 [StreamPumper-systemOut] DEBUG - [INFO] 
11:07:28.432 [StreamPumper-systemOut] DEBUG - [INFO] ------------------< io.digdag:digdag-guice-rs-server >------------------
11:07:28.432 [StreamPumper-systemOut] DEBUG - [INFO] Building digdag-guice-rs-server 0.10.5                            [4/17]
11:07:28.432 [StreamPumper-systemOut] DEBUG - [INFO] --------------------------------[ jar ]---------------------------------
11:07:28.434 [StreamPumper-systemOut] DEBUG - [INFO] Downloading from central: https://repo.maven.apache.org/maven2/org/embulk/guice-bootstrap/0.3.2/guice-bootstrap-0.3.2.pom
11:07:28.687 [StreamPumper-systemOut] DEBUG - [INFO] Downloaded from central: https://repo.maven.apache.org/maven2/org/embulk/guice-bootstrap/0.3.2/guice-bootstrap-0.3.2.pom (1.8 kB at 7.3 kB/s)
11:07:28.689 [StreamPumper-systemOut] DEBUG - [INFO] Downloading from central: https://repo.maven.apache.org/maven2/com/google/inject/guice/4.2.0/guice-4.2.0.pom
11:07:28.707 [StreamPumper-systemOut] DEBUG - [INFO] Downloaded from central: https://repo.maven.apache.org/maven2/com/google/inject/guice/4.2.0/guice-4.2.0.pom (11 kB at 609 kB/s)
11:07:28.708 [StreamPumper-systemOut] DEBUG - [INFO] Downloading from central: https://repo.maven.apache.org/maven2/com/google/inject/guice-parent/4.2.0/guice-parent-4.2.0.pom
11:07:28.726 [StreamPumper-systemOut] DEBUG - [INFO] Downloaded from central: https://repo.maven.apache.org/maven2/com/google/inject/guice-parent/4.2.0/guice-parent-4.2.0.pom (16 kB at 895 kB/s)
11:07:28.729 [StreamPumper-systemOut] DEBUG - [INFO] Downloading from central: https://repo.maven.apache.org/maven2/com/google/guava/guava/23.6-android/guava-23.6-android.pom
11:07:28.748 [StreamPumper-systemOut] DEBUG - [INFO] Downloaded from central: https://repo.maven.apache.org/maven2/com/google/guava/guava/23.6-android/guava-23.6-android.pom (7.8 kB at 435 kB/s)
11:07:28.749 [StreamPumper-systemOut] DEBUG - [INFO] Downloading from central: https://repo.maven.apache.org/maven2/com/google/guava/guava-parent/23.6-android/guava-parent-23.6-android.pom
11:07:28.767 [StreamPumper-systemOut] DEBUG - [INFO] Downloaded from central: https://repo.maven.apache.org/maven2/com/google/guava/guava-parent/23.6-android/guava-parent-23.6-android.pom (9.9 kB at 550 kB/s)
11:07:28.773 [StreamPumper-systemOut] DEBUG - [INFO] Downloading from central: https://repo.maven.apache.org/maven2/org/weakref/jmxutils/1.19/jmxutils-1.19.pom
11:07:28.991 [StreamPumper-systemOut] DEBUG - [INFO] Downloaded from central: https://repo.maven.apache.org/maven2/org/weakref/jmxutils/1.19/jmxutils-1.19.pom (7.1 kB at 33 kB/s)
11:07:28.997 [StreamPumper-systemOut] DEBUG - [INFO] Downloading from central: https://repo.maven.apache.org/maven2/org/embulk/guice-bootstrap/0.3.2/guice-bootstrap-0.3.2.jar
11:07:28.998 [StreamPumper-systemOut] DEBUG - [INFO] Downloading from central: https://repo.maven.apache.org/maven2/org/weakref/jmxutils/1.19/jmxutils-1.19.jar
11:07:28.998 [StreamPumper-systemOut] DEBUG - [INFO] Downloading from central: https://repo.maven.apache.org/maven2/com/google/inject/guice/4.2.0/guice-4.2.0.jar
11:07:29.138 [StreamPumper-systemOut] DEBUG - [INFO] Downloaded from central: https://repo.maven.apache.org/maven2/com/google/inject/guice/4.2.0/guice-4.2.0.jar (824 kB at 5.9 MB/s)
11:07:29.216 [StreamPumper-systemOut] DEBUG - [INFO] Downloaded from central: https://repo.maven.apache.org/maven2/org/embulk/guice-bootstrap/0.3.2/guice-bootstrap-0.3.2.jar (25 kB at 114 kB/s)
11:07:29.256 [StreamPumper-systemOut] DEBUG - [INFO] Downloaded from central: https://repo.maven.apache.org/maven2/org/weakref/jmxutils/1.19/jmxutils-1.19.jar (2.4 MB at 9.2 MB/s)
11:07:29.258 [StreamPumper-systemOut] DEBUG - [INFO] 
11:07:29.259 [StreamPumper-systemOut] DEBUG - [INFO] --- maven-dependency-plugin:2.8:build-classpath (default-cli) @ digdag-guice-rs-server ---
11:07:29.260 [StreamPumper-systemOut] DEBUG - [INFO] Wrote classpath file '/home/alex/Respector-fork/dataset/digdag/digdag-guice-rs-server/spoon.classpath-app.tmp'.
11:07:29.260 [StreamPumper-systemOut] DEBUG - [INFO] 
11:07:29.260 [StreamPumper-systemOut] DEBUG - [INFO] ------------------------< io.digdag:digdag-spi >------------------------
11:07:29.260 [StreamPumper-systemOut] DEBUG - [INFO] Building digdag-spi 0.10.5                                        [5/17]
11:07:29.260 [StreamPumper-systemOut] DEBUG - [INFO] --------------------------------[ jar ]---------------------------------
11:07:29.264 [StreamPumper-systemOut] DEBUG - [INFO] Downloading from central: https://repo.maven.apache.org/maven2/com/google/inject/extensions/guice-multibindings/4.2.3/guice-multibindings-4.2.3.pom
11:07:29.274 [StreamPumper-systemOut] DEBUG - [INFO] Downloaded from central: https://repo.maven.apache.org/maven2/com/google/inject/extensions/guice-multibindings/4.2.3/guice-multibindings-4.2.3.pom (0 B at 0 B/s)
11:07:29.275 [StreamPumper-systemOut] DEBUG - [INFO] Downloading from central: https://repo.maven.apache.org/maven2/com/google/inject/extensions/extensions-parent/4.2.3/extensions-parent-4.2.3.pom
11:07:29.284 [StreamPumper-systemOut] DEBUG - [INFO] Downloaded from central: https://repo.maven.apache.org/maven2/com/google/inject/extensions/extensions-parent/4.2.3/extensions-parent-4.2.3.pom (0 B at 0 B/s)
11:07:29.285 [StreamPumper-systemOut] DEBUG - [INFO] Downloading from central: https://repo.maven.apache.org/maven2/com/google/inject/guice-parent/4.2.3/guice-parent-4.2.3.pom
11:07:29.293 [StreamPumper-systemOut] DEBUG - [INFO] Downloaded from central: https://repo.maven.apache.org/maven2/com/google/inject/guice-parent/4.2.3/guice-parent-4.2.3.pom (0 B at 0 B/s)
11:07:29.295 [StreamPumper-systemOut] DEBUG - [INFO] Downloading from central: https://repo.maven.apache.org/maven2/com/google/inject/guice/4.2.3/guice-4.2.3.pom
11:07:29.307 [StreamPumper-systemOut] DEBUG - [INFO] Downloaded from central: https://repo.maven.apache.org/maven2/com/google/inject/guice/4.2.3/guice-4.2.3.pom (0 B at 0 B/s)
11:07:29.312 [StreamPumper-systemOut] DEBUG - [INFO] Downloading from central: https://repo.maven.apache.org/maven2/io/digdag/digdag-client/0.10.5/digdag-client-0.10.5.jar
11:07:29.312 [StreamPumper-systemOut] DEBUG - [INFO] Downloading from central: https://repo.maven.apache.org/maven2/com/google/inject/extensions/guice-multibindings/4.2.3/guice-multibindings-4.2.3.jar
11:07:29.313 [StreamPumper-systemOut] DEBUG - [INFO] Downloading from central: https://repo.maven.apache.org/maven2/com/google/inject/guice/4.2.3/guice-4.2.3.jar
11:07:29.321 [StreamPumper-systemOut] DEBUG - [INFO] Downloaded from central: https://repo.maven.apache.org/maven2/com/google/inject/guice/4.2.3/guice-4.2.3.jar (0 B at 0 B/s)
11:07:29.328 [StreamPumper-systemOut] DEBUG - [INFO] Downloaded from central: https://repo.maven.apache.org/maven2/com/google/inject/extensions/guice-multibindings/4.2.3/guice-multibindings-4.2.3.jar (0 B at 0 B/s)
11:07:29.534 [StreamPumper-systemOut] DEBUG - [INFO] Downloaded from central: https://repo.maven.apache.org/maven2/io/digdag/digdag-client/0.10.5/digdag-client-0.10.5.jar (288 kB at 1.3 MB/s)
11:07:29.536 [StreamPumper-systemOut] DEBUG - [INFO] 
11:07:29.536 [StreamPumper-systemOut] DEBUG - [INFO] --- maven-dependency-plugin:2.8:build-classpath (default-cli) @ digdag-spi ---
11:07:29.538 [StreamPumper-systemOut] DEBUG - [INFO] Wrote classpath file '/home/alex/Respector-fork/dataset/digdag/digdag-spi/spoon.classpath-app.tmp'.
11:07:29.538 [StreamPumper-systemOut] DEBUG - [INFO] 
11:07:29.538 [StreamPumper-systemOut] DEBUG - [INFO] -------------------< io.digdag:digdag-plugin-utils >--------------------
11:07:29.538 [StreamPumper-systemOut] DEBUG - [INFO] Building digdag-plugin-utils 0.10.5                               [6/17]
11:07:29.539 [StreamPumper-systemOut] DEBUG - [INFO] --------------------------------[ jar ]---------------------------------
11:07:29.545 [StreamPumper-systemOut] DEBUG - [INFO] Downloading from central: https://repo.maven.apache.org/maven2/io/digdag/digdag-spi/0.10.5/digdag-spi-0.10.5.jar
11:07:29.769 [StreamPumper-systemOut] DEBUG - [INFO] Downloaded from central: https://repo.maven.apache.org/maven2/io/digdag/digdag-spi/0.10.5/digdag-spi-0.10.5.jar (198 kB at 882 kB/s)
11:07:29.771 [StreamPumper-systemOut] DEBUG - [INFO] 
11:07:29.771 [StreamPumper-systemOut] DEBUG - [INFO] --- maven-dependency-plugin:2.8:build-classpath (default-cli) @ digdag-plugin-utils ---
11:07:29.772 [StreamPumper-systemOut] DEBUG - [INFO] Wrote classpath file '/home/alex/Respector-fork/dataset/digdag/digdag-plugin-utils/spoon.classpath-app.tmp'.
11:07:29.772 [StreamPumper-systemOut] DEBUG - [INFO] 
11:07:29.772 [StreamPumper-systemOut] DEBUG - [INFO] -----------------------< io.digdag:digdag-core >------------------------
11:07:29.772 [StreamPumper-systemOut] DEBUG - [INFO] Building digdag-core 0.10.5                                       [7/17]
11:07:29.772 [StreamPumper-systemOut] DEBUG - [INFO] --------------------------------[ jar ]---------------------------------
11:07:29.777 [StreamPumper-systemOut] DEBUG - [INFO] Downloading from central: https://repo.maven.apache.org/maven2/com/google/inject/guice/5.0.1/guice-5.0.1.pom
11:07:29.895 [StreamPumper-systemOut] DEBUG - [INFO] Downloaded from central: https://repo.maven.apache.org/maven2/com/google/inject/guice/5.0.1/guice-5.0.1.pom (9.0 kB at 77 kB/s)
11:07:29.897 [StreamPumper-systemOut] DEBUG - [INFO] Downloading from central: https://repo.maven.apache.org/maven2/com/google/inject/guice-parent/5.0.1/guice-parent-5.0.1.pom
11:07:30.015 [StreamPumper-systemOut] DEBUG - [INFO] Downloaded from central: https://repo.maven.apache.org/maven2/com/google/inject/guice-parent/5.0.1/guice-parent-5.0.1.pom (19 kB at 164 kB/s)
11:07:30.019 [StreamPumper-systemOut] DEBUG - [INFO] Downloading from central: https://repo.maven.apache.org/maven2/com/fasterxml/jackson/module/jackson-module-guice/2.9.10/jackson-module-guice-2.9.10.pom
11:07:30.238 [StreamPumper-systemOut] DEBUG - [INFO] Downloaded from central: https://repo.maven.apache.org/maven2/com/fasterxml/jackson/module/jackson-module-guice/2.9.10/jackson-module-guice-2.9.10.pom (2.1 kB at 9.5 kB/s)
11:07:30.246 [StreamPumper-systemOut] DEBUG - [INFO] Downloading from central: https://repo.maven.apache.org/maven2/org/jdbi/jdbi/2.75/jdbi-2.75.pom
11:07:30.466 [StreamPumper-systemOut] DEBUG - [INFO] Downloaded from central: https://repo.maven.apache.org/maven2/org/jdbi/jdbi/2.75/jdbi-2.75.pom (11 kB at 48 kB/s)
11:07:30.468 [StreamPumper-systemOut] DEBUG - [INFO] Downloading from central: https://repo.maven.apache.org/maven2/org/basepom/basepom-oss/19/basepom-oss-19.pom
11:07:30.687 [StreamPumper-systemOut] DEBUG - [INFO] Downloaded from central: https://repo.maven.apache.org/maven2/org/basepom/basepom-oss/19/basepom-oss-19.pom (9.6 kB at 44 kB/s)
11:07:30.688 [StreamPumper-systemOut] DEBUG - [INFO] Downloading from central: https://repo.maven.apache.org/maven2/org/basepom/basepom-minimal/19/basepom-minimal-19.pom
11:07:30.909 [StreamPumper-systemOut] DEBUG - [INFO] Downloaded from central: https://repo.maven.apache.org/maven2/org/basepom/basepom-minimal/19/basepom-minimal-19.pom (12 kB at 53 kB/s)
11:07:30.911 [StreamPumper-systemOut] DEBUG - [INFO] Downloading from central: https://repo.maven.apache.org/maven2/org/basepom/basepom-foundation/19/basepom-foundation-19.pom
11:07:31.029 [StreamPumper-systemOut] DEBUG - [INFO] Downloaded from central: https://repo.maven.apache.org/maven2/org/basepom/basepom-foundation/19/basepom-foundation-19.pom (47 kB at 401 kB/s)
11:07:31.034 [StreamPumper-systemOut] DEBUG - [INFO] Downloading from central: https://repo.maven.apache.org/maven2/com/h2database/h2/1.4.192/h2-1.4.192.pom
11:07:31.156 [StreamPumper-systemOut] DEBUG - [INFO] Downloaded from central: https://repo.maven.apache.org/maven2/com/h2database/h2/1.4.192/h2-1.4.192.pom (960 B at 7.9 kB/s)
11:07:31.159 [StreamPumper-systemOut] DEBUG - [INFO] Downloading from central: https://repo.maven.apache.org/maven2/com/google/code/findbugs/annotations/3.0.1/annotations-3.0.1.pom
11:07:31.176 [StreamPumper-systemOut] DEBUG - [INFO] Downloaded from central: https://repo.maven.apache.org/maven2/com/google/code/findbugs/annotations/3.0.1/annotations-3.0.1.pom (7.8 kB at 457 kB/s)
11:07:31.179 [StreamPumper-systemOut] DEBUG - [INFO] Downloading from central: https://repo.maven.apache.org/maven2/org/eclipse/jgit/org.eclipse.jgit/5.11.1.202105131744-r/org.eclipse.jgit-5.11.1.202105131744-r.pom
11:07:31.296 [StreamPumper-systemOut] DEBUG - [INFO] Downloaded from central: https://repo.maven.apache.org/maven2/org/eclipse/jgit/org.eclipse.jgit/5.11.1.202105131744-r/org.eclipse.jgit-5.11.1.202105131744-r.pom (7.6 kB at 65 kB/s)
11:07:31.298 [StreamPumper-systemOut] DEBUG - [INFO] Downloading from central: https://repo.maven.apache.org/maven2/org/eclipse/jgit/org.eclipse.jgit-parent/5.11.1.202105131744-r/org.eclipse.jgit-parent-5.11.1.202105131744-r.pom
11:07:31.417 [StreamPumper-systemOut] DEBUG - [INFO] Downloaded from central: https://repo.maven.apache.org/maven2/org/eclipse/jgit/org.eclipse.jgit-parent/5.11.1.202105131744-r/org.eclipse.jgit-parent-5.11.1.202105131744-r.pom (34 kB at 285 kB/s)
11:07:31.422 [StreamPumper-systemOut] DEBUG - [INFO] Downloading from central: https://repo.maven.apache.org/maven2/org/graalvm/js/js/19.3.1/js-19.3.1.pom
11:07:31.540 [StreamPumper-systemOut] DEBUG - [INFO] Downloaded from central: https://repo.maven.apache.org/maven2/org/graalvm/js/js/19.3.1/js-19.3.1.pom (2.6 kB at 22 kB/s)
11:07:31.542 [StreamPumper-systemOut] DEBUG - [INFO] Downloading from central: https://repo.maven.apache.org/maven2/org/graalvm/regex/regex/19.3.1/regex-19.3.1.pom
11:07:31.761 [StreamPumper-systemOut] DEBUG - [INFO] Downloaded from central: https://repo.maven.apache.org/maven2/org/graalvm/regex/regex/19.3.1/regex-19.3.1.pom (1.4 kB at 6.4 kB/s)
11:07:31.763 [StreamPumper-systemOut] DEBUG - [INFO] Downloading from central: https://repo.maven.apache.org/maven2/org/graalvm/truffle/truffle-api/19.3.1/truffle-api-19.3.1.pom
11:07:31.983 [StreamPumper-systemOut] DEBUG - [INFO] Downloaded from central: https://repo.maven.apache.org/maven2/org/graalvm/truffle/truffle-api/19.3.1/truffle-api-19.3.1.pom (1.5 kB at 6.8 kB/s)
11:07:31.985 [StreamPumper-systemOut] DEBUG - [INFO] Downloading from central: https://repo.maven.apache.org/maven2/org/graalvm/sdk/graal-sdk/19.3.1/graal-sdk-19.3.1.pom
11:07:32.108 [StreamPumper-systemOut] DEBUG - [INFO] Downloaded from central: https://repo.maven.apache.org/maven2/org/graalvm/sdk/graal-sdk/19.3.1/graal-sdk-19.3.1.pom (1.4 kB at 11 kB/s)
11:07:32.113 [StreamPumper-systemOut] DEBUG - [INFO] Downloading from central: https://repo.maven.apache.org/maven2/com/ibm/icu/icu4j/64.2/icu4j-64.2.pom
11:07:32.234 [StreamPumper-systemOut] DEBUG - [INFO] Downloaded from central: https://repo.maven.apache.org/maven2/com/ibm/icu/icu4j/64.2/icu4j-64.2.pom (4.9 kB at 41 kB/s)
11:07:32.236 [StreamPumper-systemOut] DEBUG - [INFO] Downloading from central: https://repo.maven.apache.org/maven2/javax/mail/javax.mail-api/1.5.6/javax.mail-api-1.5.6.pom
11:07:32.255 [StreamPumper-systemOut] DEBUG - [INFO] Downloaded from central: https://repo.maven.apache.org/maven2/javax/mail/javax.mail-api/1.5.6/javax.mail-api-1.5.6.pom (4.7 kB at 249 kB/s)
11:07:32.259 [StreamPumper-systemOut] DEBUG - [INFO] Downloading from central: https://repo.maven.apache.org/maven2/org/eclipse/aether/aether-api/1.1.0/aether-api-1.1.0.pom
11:07:32.276 [StreamPumper-systemOut] DEBUG - [INFO] Downloaded from central: https://repo.maven.apache.org/maven2/org/eclipse/aether/aether-api/1.1.0/aether-api-1.1.0.pom (1.8 kB at 107 kB/s)
11:07:32.278 [StreamPumper-systemOut] DEBUG - [INFO] Downloading from central: https://repo.maven.apache.org/maven2/org/eclipse/aether/aether-spi/1.1.0/aether-spi-1.1.0.pom
11:07:32.296 [StreamPumper-systemOut] DEBUG - [INFO] Downloaded from central: https://repo.maven.apache.org/maven2/org/eclipse/aether/aether-spi/1.1.0/aether-spi-1.1.0.pom (2.0 kB at 110 kB/s)
11:07:32.298 [StreamPumper-systemOut] DEBUG - [INFO] Downloading from central: https://repo.maven.apache.org/maven2/org/eclipse/aether/aether-impl/1.1.0/aether-impl-1.1.0.pom
11:07:32.318 [StreamPumper-systemOut] DEBUG - [INFO] Downloaded from central: https://repo.maven.apache.org/maven2/org/eclipse/aether/aether-impl/1.1.0/aether-impl-1.1.0.pom (3.4 kB at 176 kB/s)
11:07:32.319 [StreamPumper-systemOut] DEBUG - [INFO] Downloading from central: https://repo.maven.apache.org/maven2/org/eclipse/aether/aether-connector-basic/1.1.0/aether-connector-basic-1.1.0.pom
11:07:32.337 [StreamPumper-systemOut] DEBUG - [INFO] Downloaded from central: https://repo.maven.apache.org/maven2/org/eclipse/aether/aether-connector-basic/1.1.0/aether-connector-basic-1.1.0.pom (2.8 kB at 153 kB/s)
11:07:32.339 [StreamPumper-systemOut] DEBUG - [INFO] Downloading from central: https://repo.maven.apache.org/maven2/org/eclipse/aether/aether-transport-file/1.1.0/aether-transport-file-1.1.0.pom
11:07:32.358 [StreamPumper-systemOut] DEBUG - [INFO] Downloaded from central: https://repo.maven.apache.org/maven2/org/eclipse/aether/aether-transport-file/1.1.0/aether-transport-file-1.1.0.pom (2.7 kB at 144 kB/s)
11:07:32.359 [StreamPumper-systemOut] DEBUG - [INFO] Downloading from central: https://repo.maven.apache.org/maven2/org/eclipse/aether/aether-transport-http/1.1.0/aether-transport-http-1.1.0.pom
11:07:32.376 [StreamPumper-systemOut] DEBUG - [INFO] Downloaded from central: https://repo.maven.apache.org/maven2/org/eclipse/aether/aether-transport-http/1.1.0/aether-transport-http-1.1.0.pom (3.8 kB at 226 kB/s)
11:07:32.378 [StreamPumper-systemOut] DEBUG - [INFO] Downloading from central: https://repo.maven.apache.org/maven2/org/apache/httpcomponents/httpclient/4.3.5/httpclient-4.3.5.pom
11:07:32.395 [StreamPumper-systemOut] DEBUG - [INFO] Downloaded from central: https://repo.maven.apache.org/maven2/org/apache/httpcomponents/httpclient/4.3.5/httpclient-4.3.5.pom (5.2 kB at 306 kB/s)
11:07:32.396 [StreamPumper-systemOut] DEBUG - [INFO] Downloading from central: https://repo.maven.apache.org/maven2/org/apache/httpcomponents/httpcomponents-client/4.3.5/httpcomponents-client-4.3.5.pom
11:07:32.414 [StreamPumper-systemOut] DEBUG - [INFO] Downloaded from central: https://repo.maven.apache.org/maven2/org/apache/httpcomponents/httpcomponents-client/4.3.5/httpcomponents-client-4.3.5.pom (15 kB at 855 kB/s)
11:07:32.416 [StreamPumper-systemOut] DEBUG - [INFO] Downloading from central: https://repo.maven.apache.org/maven2/org/apache/httpcomponents/httpcore/4.3.2/httpcore-4.3.2.pom
11:07:32.433 [StreamPumper-systemOut] DEBUG - [INFO] Downloaded from central: https://repo.maven.apache.org/maven2/org/apache/httpcomponents/httpcore/4.3.2/httpcore-4.3.2.pom (4.6 kB at 270 kB/s)
11:07:32.434 [StreamPumper-systemOut] DEBUG - [INFO] Downloading from central: https://repo.maven.apache.org/maven2/org/apache/httpcomponents/httpcomponents-core/4.3.2/httpcomponents-core-4.3.2.pom
11:07:32.451 [StreamPumper-systemOut] DEBUG - [INFO] Downloaded from central: https://repo.maven.apache.org/maven2/org/apache/httpcomponents/httpcomponents-core/4.3.2/httpcomponents-core-4.3.2.pom (12 kB at 715 kB/s)
11:07:32.468 [StreamPumper-systemOut] DEBUG - [INFO] Downloading from central: https://repo.maven.apache.org/maven2/org/slf4j/jcl-over-slf4j/1.6.2/jcl-over-slf4j-1.6.2.pom
11:07:32.486 [StreamPumper-systemOut] DEBUG - [INFO] Downloaded from central: https://repo.maven.apache.org/maven2/org/slf4j/jcl-over-slf4j/1.6.2/jcl-over-slf4j-1.6.2.pom (2.5 kB at 137 kB/s)
11:07:32.487 [StreamPumper-systemOut] DEBUG - [INFO] Downloading from central: https://repo.maven.apache.org/maven2/org/slf4j/slf4j-parent/1.6.2/slf4j-parent-1.6.2.pom
11:07:32.507 [StreamPumper-systemOut] DEBUG - [INFO] Downloaded from central: https://repo.maven.apache.org/maven2/org/slf4j/slf4j-parent/1.6.2/slf4j-parent-1.6.2.pom (9.7 kB at 486 kB/s)
11:07:32.509 [StreamPumper-systemOut] DEBUG - [INFO] Downloading from central: https://repo.maven.apache.org/maven2/org/slf4j/slf4j-api/1.6.2/slf4j-api-1.6.2.pom
11:07:32.526 [StreamPumper-systemOut] DEBUG - [INFO] Downloaded from central: https://repo.maven.apache.org/maven2/org/slf4j/slf4j-api/1.6.2/slf4j-api-1.6.2.pom (3.0 kB at 176 kB/s)
11:07:32.534 [StreamPumper-systemOut] DEBUG - [INFO] Downloading from central: https://repo.maven.apache.org/maven2/org/apache/httpcomponents/httpclient/4.5.5/httpclient-4.5.5.pom
11:07:32.551 [StreamPumper-systemOut] DEBUG - [INFO] Downloaded from central: https://repo.maven.apache.org/maven2/org/apache/httpcomponents/httpclient/4.5.5/httpclient-4.5.5.pom (6.2 kB at 367 kB/s)
11:07:32.553 [StreamPumper-systemOut] DEBUG - [INFO] Downloading from central: https://repo.maven.apache.org/maven2/org/apache/httpcomponents/httpcomponents-client/4.5.5/httpcomponents-client-4.5.5.pom
11:07:32.570 [StreamPumper-systemOut] DEBUG - [INFO] Downloaded from central: https://repo.maven.apache.org/maven2/org/apache/httpcomponents/httpcomponents-client/4.5.5/httpcomponents-client-4.5.5.pom (15 kB at 911 kB/s)
11:07:32.572 [StreamPumper-systemOut] DEBUG - [INFO] Downloading from central: https://repo.maven.apache.org/maven2/org/apache/httpcomponents/httpcomponents-parent/10/httpcomponents-parent-10.pom
11:07:32.588 [StreamPumper-systemOut] DEBUG - [INFO] Downloaded from central: https://repo.maven.apache.org/maven2/org/apache/httpcomponents/httpcomponents-parent/10/httpcomponents-parent-10.pom (34 kB at 2.0 MB/s)
11:07:32.591 [StreamPumper-systemOut] DEBUG - [INFO] Downloading from central: https://repo.maven.apache.org/maven2/org/apache/httpcomponents/httpcore/4.4.9/httpcore-4.4.9.pom
11:07:32.609 [StreamPumper-systemOut] DEBUG - [INFO] Downloaded from central: https://repo.maven.apache.org/maven2/org/apache/httpcomponents/httpcore/4.4.9/httpcore-4.4.9.pom (5.1 kB at 282 kB/s)
11:07:32.610 [StreamPumper-systemOut] DEBUG - [INFO] Downloading from central: https://repo.maven.apache.org/maven2/org/apache/httpcomponents/httpcomponents-core/4.4.9/httpcomponents-core-4.4.9.pom
11:07:32.629 [StreamPumper-systemOut] DEBUG - [INFO] Downloaded from central: https://repo.maven.apache.org/maven2/org/apache/httpcomponents/httpcomponents-core/4.4.9/httpcomponents-core-4.4.9.pom (13 kB at 710 kB/s)
11:07:32.630 [StreamPumper-systemOut] DEBUG - [INFO] Downloading from central: https://repo.maven.apache.org/maven2/org/apache/httpcomponents/httpcomponents-parent/9/httpcomponents-parent-9.pom
11:07:32.650 [StreamPumper-systemOut] DEBUG - [INFO] Downloaded from central: https://repo.maven.apache.org/maven2/org/apache/httpcomponents/httpcomponents-parent/9/httpcomponents-parent-9.pom (34 kB at 1.7 MB/s)
11:07:32.655 [StreamPumper-systemOut] DEBUG - [INFO] Downloading from central: https://repo.maven.apache.org/maven2/org/antlr/stringtemplate/3.2.1/stringtemplate-3.2.1.pom
11:07:32.671 [StreamPumper-systemOut] DEBUG - [INFO] Downloaded from central: https://repo.maven.apache.org/maven2/org/antlr/stringtemplate/3.2.1/stringtemplate-3.2.1.pom (7.5 kB at 466 kB/s)
11:07:32.681 [StreamPumper-systemOut] DEBUG - [INFO] Downloading from central: https://repo.maven.apache.org/maven2/io/digdag/digdag-guice-rs-server/0.10.5/digdag-guice-rs-server-0.10.5.jar
11:07:32.683 [StreamPumper-systemOut] DEBUG - [INFO] Downloading from central: https://repo.maven.apache.org/maven2/io/digdag/digdag-plugin-utils/0.10.5/digdag-plugin-utils-0.10.5.jar
11:07:32.683 [StreamPumper-systemOut] DEBUG - [INFO] Downloading from central: https://repo.maven.apache.org/maven2/com/google/inject/guice/5.0.1/guice-5.0.1.jar
11:07:32.683 [StreamPumper-systemOut] DEBUG - [INFO] Downloading from central: https://repo.maven.apache.org/maven2/com/fasterxml/jackson/module/jackson-module-guice/2.9.10/jackson-module-guice-2.9.10.jar
11:07:32.683 [StreamPumper-systemOut] DEBUG - [INFO] Downloading from central: https://repo.maven.apache.org/maven2/org/jdbi/jdbi/2.75/jdbi-2.75.jar
11:07:32.806 [StreamPumper-systemOut] DEBUG - [INFO] Downloaded from central: https://repo.maven.apache.org/maven2/com/google/inject/guice/5.0.1/guice-5.0.1.jar (773 kB at 6.2 MB/s)
11:07:32.807 [StreamPumper-systemOut] DEBUG - [INFO] Downloading from central: https://repo.maven.apache.org/maven2/com/h2database/h2/1.4.192/h2-1.4.192.jar
11:07:32.901 [StreamPumper-systemOut] DEBUG - [INFO] Downloaded from central: https://repo.maven.apache.org/maven2/io/digdag/digdag-guice-rs-server/0.10.5/digdag-guice-rs-server-0.10.5.jar (17 kB at 77 kB/s)
11:07:32.902 [StreamPumper-systemOut] DEBUG - [INFO] Downloading from central: https://repo.maven.apache.org/maven2/com/google/code/findbugs/annotations/3.0.1/annotations-3.0.1.jar
11:07:32.903 [StreamPumper-systemOut] DEBUG - [INFO] Downloaded from central: https://repo.maven.apache.org/maven2/com/fasterxml/jackson/module/jackson-module-guice/2.9.10/jackson-module-guice-2.9.10.jar (11 kB at 50 kB/s)
11:07:32.903 [StreamPumper-systemOut] DEBUG - [INFO] Downloaded from central: https://repo.maven.apache.org/maven2/io/digdag/digdag-plugin-utils/0.10.5/digdag-plugin-utils-0.10.5.jar (27 kB at 122 kB/s)
11:07:32.903 [StreamPumper-systemOut] DEBUG - [INFO] Downloading from central: https://repo.maven.apache.org/maven2/org/eclipse/jgit/org.eclipse.jgit/5.11.1.202105131744-r/org.eclipse.jgit-5.11.1.202105131744-r.jar
11:07:32.903 [StreamPumper-systemOut] DEBUG - [INFO] Downloading from central: https://repo.maven.apache.org/maven2/org/graalvm/js/js/19.3.1/js-19.3.1.jar
11:07:32.923 [StreamPumper-systemOut] DEBUG - [INFO] Downloaded from central: https://repo.maven.apache.org/maven2/com/google/code/findbugs/annotations/3.0.1/annotations-3.0.1.jar (39 kB at 162 kB/s)
11:07:32.924 [StreamPumper-systemOut] DEBUG - [INFO] Downloading from central: https://repo.maven.apache.org/maven2/org/graalvm/regex/regex/19.3.1/regex-19.3.1.jar
11:07:32.942 [StreamPumper-systemOut] DEBUG - [INFO] Downloaded from central: https://repo.maven.apache.org/maven2/com/h2database/h2/1.4.192/h2-1.4.192.jar (1.8 MB at 6.9 MB/s)
11:07:32.942 [StreamPumper-systemOut] DEBUG - [INFO] Downloading from central: https://repo.maven.apache.org/maven2/org/graalvm/truffle/truffle-api/19.3.1/truffle-api-19.3.1.jar
11:07:33.099 [StreamPumper-systemOut] DEBUG - [INFO] Downloaded from central: https://repo.maven.apache.org/maven2/org/jdbi/jdbi/2.75/jdbi-2.75.jar (1.0 MB at 2.5 MB/s)
11:07:33.099 [StreamPumper-systemOut] DEBUG - [INFO] Downloading from central: https://repo.maven.apache.org/maven2/org/graalvm/sdk/graal-sdk/19.3.1/graal-sdk-19.3.1.jar
11:07:33.167 [StreamPumper-systemOut] DEBUG - [INFO] Downloaded from central: https://repo.maven.apache.org/maven2/org/eclipse/jgit/org.eclipse.jgit/5.11.1.202105131744-r/org.eclipse.jgit-5.11.1.202105131744-r.jar (2.8 MB at 5.8 MB/s)
11:07:33.167 [StreamPumper-systemOut] DEBUG - [INFO] Downloading from central: https://repo.maven.apache.org/maven2/com/ibm/icu/icu4j/64.2/icu4j-64.2.jar
11:07:33.185 [StreamPumper-systemOut] DEBUG - [INFO] Downloaded from central: https://repo.maven.apache.org/maven2/org/graalvm/regex/regex/19.3.1/regex-19.3.1.jar (2.3 MB at 4.7 MB/s)
11:07:33.185 [StreamPumper-systemOut] DEBUG - [INFO] Downloading from central: https://repo.maven.apache.org/maven2/javax/mail/javax.mail-api/1.5.6/javax.mail-api-1.5.6.jar
11:07:33.231 [StreamPumper-systemOut] DEBUG - [INFO] Downloaded from central: https://repo.maven.apache.org/maven2/org/graalvm/sdk/graal-sdk/19.3.1/graal-sdk-19.3.1.jar (539 kB at 984 kB/s)
11:07:33.231 [StreamPumper-systemOut] DEBUG - [INFO] Downloading from central: https://repo.maven.apache.org/maven2/org/eclipse/aether/aether-api/1.1.0/aether-api-1.1.0.jar
11:07:33.250 [StreamPumper-systemOut] DEBUG - [INFO] Downloaded from central: https://repo.maven.apache.org/maven2/org/eclipse/aether/aether-api/1.1.0/aether-api-1.1.0.jar (136 kB at 241 kB/s)
11:07:33.251 [StreamPumper-systemOut] DEBUG - [INFO] Downloading from central: https://repo.maven.apache.org/maven2/org/eclipse/aether/aether-spi/1.1.0/aether-spi-1.1.0.jar
11:07:33.304 [StreamPumper-systemOut] DEBUG - [INFO] Downloaded from central: https://repo.maven.apache.org/maven2/javax/mail/javax.mail-api/1.5.6/javax.mail-api-1.5.6.jar (204 kB at 329 kB/s)
11:07:33.304 [StreamPumper-systemOut] DEBUG - [INFO] Downloading from central: https://repo.maven.apache.org/maven2/org/eclipse/aether/aether-impl/1.1.0/aether-impl-1.1.0.jar
11:07:33.316 [StreamPumper-systemOut] DEBUG - [INFO] Downloaded from central: https://repo.maven.apache.org/maven2/org/graalvm/truffle/truffle-api/19.3.1/truffle-api-19.3.1.jar (5.3 MB at 8.3 MB/s)
11:07:33.316 [StreamPumper-systemOut] DEBUG - [INFO] Downloading from central: https://repo.maven.apache.org/maven2/org/eclipse/aether/aether-connector-basic/1.1.0/aether-connector-basic-1.1.0.jar
11:07:33.334 [StreamPumper-systemOut] DEBUG - [INFO] Downloaded from central: https://repo.maven.apache.org/maven2/org/eclipse/aether/aether-connector-basic/1.1.0/aether-connector-basic-1.1.0.jar (37 kB at 56 kB/s)
11:07:33.334 [StreamPumper-systemOut] DEBUG - [INFO] Downloading from central: https://repo.maven.apache.org/maven2/org/eclipse/aether/aether-transport-file/1.1.0/aether-transport-file-1.1.0.jar
11:07:33.352 [StreamPumper-systemOut] DEBUG - [INFO] Downloaded from central: https://repo.maven.apache.org/maven2/org/eclipse/aether/aether-transport-file/1.1.0/aether-transport-file-1.1.0.jar (8.9 kB at 13 kB/s)
11:07:33.352 [StreamPumper-systemOut] DEBUG - [INFO] Downloading from central: https://repo.maven.apache.org/maven2/org/eclipse/aether/aether-transport-http/1.1.0/aether-transport-http-1.1.0.jar
11:07:33.370 [StreamPumper-systemOut] DEBUG - [INFO] Downloaded from central: https://repo.maven.apache.org/maven2/org/eclipse/aether/aether-transport-http/1.1.0/aether-transport-http-1.1.0.jar (37 kB at 53 kB/s)
11:07:33.370 [StreamPumper-systemOut] DEBUG - [INFO] Downloading from central: https://repo.maven.apache.org/maven2/org/slf4j/jcl-over-slf4j/1.6.2/jcl-over-slf4j-1.6.2.jar
11:07:33.371 [StreamPumper-systemOut] DEBUG - [INFO] Downloaded from central: https://repo.maven.apache.org/maven2/org/eclipse/aether/aether-spi/1.1.0/aether-spi-1.1.0.jar (31 kB at 45 kB/s)
11:07:33.371 [StreamPumper-systemOut] DEBUG - [INFO] Downloading from central: https://repo.maven.apache.org/maven2/org/apache/httpcomponents/httpclient/4.5.5/httpclient-4.5.5.jar
11:07:33.387 [StreamPumper-systemOut] DEBUG - [INFO] Downloaded from central: https://repo.maven.apache.org/maven2/org/slf4j/jcl-over-slf4j/1.6.2/jcl-over-slf4j-1.6.2.jar (17 kB at 25 kB/s)
11:07:33.387 [StreamPumper-systemOut] DEBUG - [INFO] Downloading from central: https://repo.maven.apache.org/maven2/org/apache/httpcomponents/httpcore/4.4.9/httpcore-4.4.9.jar
11:07:33.407 [StreamPumper-systemOut] DEBUG - [INFO] Downloaded from central: https://repo.maven.apache.org/maven2/org/apache/httpcomponents/httpclient/4.5.5/httpclient-4.5.5.jar (766 kB at 1.1 MB/s)
11:07:33.407 [StreamPumper-systemOut] DEBUG - [INFO] Downloading from central: https://repo.maven.apache.org/maven2/org/antlr/stringtemplate/3.2.1/stringtemplate-3.2.1.jar
11:07:33.407 [StreamPumper-systemOut] DEBUG - [INFO] Downloaded from central: https://repo.maven.apache.org/maven2/org/apache/httpcomponents/httpcore/4.4.9/httpcore-4.4.9.jar (326 kB at 450 kB/s)
11:07:33.407 [StreamPumper-systemOut] DEBUG - [INFO] Downloading from central: https://repo.maven.apache.org/maven2/io/digdag/digdag-client/0.10.5/digdag-client-0.10.5-tests.jar
11:07:33.422 [StreamPumper-systemOut] DEBUG - [INFO] Downloaded from central: https://repo.maven.apache.org/maven2/org/eclipse/aether/aether-impl/1.1.0/aether-impl-1.1.0.jar (173 kB at 234 kB/s)
11:07:33.427 [StreamPumper-systemOut] DEBUG - [INFO] Downloaded from central: https://repo.maven.apache.org/maven2/org/antlr/stringtemplate/3.2.1/stringtemplate-3.2.1.jar (149 kB at 200 kB/s)
11:07:33.627 [StreamPumper-systemOut] DEBUG - [INFO] Downloaded from central: https://repo.maven.apache.org/maven2/io/digdag/digdag-client/0.10.5/digdag-client-0.10.5-tests.jar (18 kB at 19 kB/s)
11:07:33.678 [StreamPumper-systemOut] DEBUG - [INFO] Downloaded from central: https://repo.maven.apache.org/maven2/com/ibm/icu/icu4j/64.2/icu4j-64.2.jar (13 MB at 13 MB/s)
11:07:33.695 [StreamPumper-systemOut] DEBUG - [INFO] Downloaded from central: https://repo.maven.apache.org/maven2/org/graalvm/js/js/19.3.1/js-19.3.1.jar (17 MB at 17 MB/s)
11:07:33.703 [StreamPumper-systemOut] DEBUG - [INFO] 
11:07:33.703 [StreamPumper-systemOut] DEBUG - [INFO] --- maven-dependency-plugin:2.8:build-classpath (default-cli) @ digdag-core ---
11:07:33.707 [StreamPumper-systemOut] DEBUG - [INFO] Wrote classpath file '/home/alex/Respector-fork/dataset/digdag/digdag-core/spoon.classpath-app.tmp'.
11:07:33.707 [StreamPumper-systemOut] DEBUG - [INFO] 
11:07:33.707 [StreamPumper-systemOut] DEBUG - [INFO] ---------------------< io.digdag:digdag-guice-rs >----------------------
11:07:33.707 [StreamPumper-systemOut] DEBUG - [INFO] Building digdag-guice-rs 0.10.5                                   [8/17]
11:07:33.707 [StreamPumper-systemOut] DEBUG - [INFO] --------------------------------[ jar ]---------------------------------
11:07:33.710 [StreamPumper-systemOut] DEBUG - [INFO] Downloading from central: https://repo.maven.apache.org/maven2/com/google/guava/guava/30.1-jre/guava-30.1-jre.pom
11:07:33.731 [StreamPumper-systemOut] DEBUG - [INFO] Downloaded from central: https://repo.maven.apache.org/maven2/com/google/guava/guava/30.1-jre/guava-30.1-jre.pom (12 kB at 581 kB/s)
11:07:33.733 [StreamPumper-systemOut] DEBUG - [INFO] Downloading from central: https://repo.maven.apache.org/maven2/com/google/guava/guava-parent/30.1-jre/guava-parent-30.1-jre.pom
11:07:33.755 [StreamPumper-systemOut] DEBUG - [INFO] Downloaded from central: https://repo.maven.apache.org/maven2/com/google/guava/guava-parent/30.1-jre/guava-parent-30.1-jre.pom (14 kB at 615 kB/s)
11:07:33.759 [StreamPumper-systemOut] DEBUG - [INFO] Downloading from central: https://repo.maven.apache.org/maven2/org/jboss/resteasy/resteasy-jaxrs/3.0.13.Final/resteasy-jaxrs-3.0.13.Final.pom
11:07:33.784 [StreamPumper-systemOut] DEBUG - [INFO] Downloaded from central: https://repo.maven.apache.org/maven2/org/jboss/resteasy/resteasy-jaxrs/3.0.13.Final/resteasy-jaxrs-3.0.13.Final.pom (9.7 kB at 386 kB/s)
11:07:33.786 [StreamPumper-systemOut] DEBUG - [INFO] Downloading from central: https://repo.maven.apache.org/maven2/org/jboss/resteasy/resteasy-jaxrs-all/3.0.13.Final/resteasy-jaxrs-all-3.0.13.Final.pom
11:07:33.810 [StreamPumper-systemOut] DEBUG - [INFO] Downloaded from central: https://repo.maven.apache.org/maven2/org/jboss/resteasy/resteasy-jaxrs-all/3.0.13.Final/resteasy-jaxrs-all-3.0.13.Final.pom (23 kB at 1.0 MB/s)
11:07:33.812 [StreamPumper-systemOut] DEBUG - [INFO] Downloading from central: https://repo.maven.apache.org/maven2/org/jboss/spec/javax/ws/rs/jboss-jaxrs-api_2.0_spec/1.0.0.Final/jboss-jaxrs-api_2.0_spec-1.0.0.Final.pom
11:07:33.838 [StreamPumper-systemOut] DEBUG - [INFO] Downloaded from central: https://repo.maven.apache.org/maven2/org/jboss/spec/javax/ws/rs/jboss-jaxrs-api_2.0_spec/1.0.0.Final/jboss-jaxrs-api_2.0_spec-1.0.0.Final.pom (4.0 kB at 153 kB/s)
11:07:33.840 [StreamPumper-systemOut] DEBUG - [INFO] Downloading from central: https://repo.maven.apache.org/maven2/org/jboss/jboss-parent/16/jboss-parent-16.pom
11:07:33.859 [StreamPumper-systemOut] DEBUG - [INFO] Downloaded from central: https://repo.maven.apache.org/maven2/org/jboss/jboss-parent/16/jboss-parent-16.pom (32 kB at 1.7 MB/s)
11:07:33.861 [StreamPumper-systemOut] DEBUG - [INFO] Downloading from central: https://repo.maven.apache.org/maven2/org/apache/httpcomponents/httpclient/4.3.6/httpclient-4.3.6.pom
11:07:33.889 [StreamPumper-systemOut] DEBUG - [INFO] Downloaded from central: https://repo.maven.apache.org/maven2/org/apache/httpcomponents/httpclient/4.3.6/httpclient-4.3.6.pom (5.2 kB at 186 kB/s)
11:07:33.891 [StreamPumper-systemOut] DEBUG - [INFO] Downloading from central: https://repo.maven.apache.org/maven2/org/apache/httpcomponents/httpcomponents-client/4.3.6/httpcomponents-client-4.3.6.pom
11:07:33.908 [StreamPumper-systemOut] DEBUG - [INFO] Downloaded from central: https://repo.maven.apache.org/maven2/org/apache/httpcomponents/httpcomponents-client/4.3.6/httpcomponents-client-4.3.6.pom (16 kB at 938 kB/s)
11:07:33.911 [StreamPumper-systemOut] DEBUG - [INFO] Downloading from central: https://repo.maven.apache.org/maven2/org/apache/httpcomponents/httpcore/4.3.3/httpcore-4.3.3.pom
11:07:33.937 [StreamPumper-systemOut] DEBUG - [INFO] Downloaded from central: https://repo.maven.apache.org/maven2/org/apache/httpcomponents/httpcore/4.3.3/httpcore-4.3.3.pom (4.6 kB at 177 kB/s)
11:07:33.939 [StreamPumper-systemOut] DEBUG - [INFO] Downloading from central: https://repo.maven.apache.org/maven2/org/apache/httpcomponents/httpcomponents-core/4.3.3/httpcomponents-core-4.3.3.pom
11:07:33.957 [StreamPumper-systemOut] DEBUG - [INFO] Downloaded from central: https://repo.maven.apache.org/maven2/org/apache/httpcomponents/httpcomponents-core/4.3.3/httpcomponents-core-4.3.3.pom (13 kB at 733 kB/s)
11:07:33.962 [StreamPumper-systemOut] DEBUG - [INFO] Downloading from central: https://repo.maven.apache.org/maven2/org/jboss/logging/jboss-logging/3.1.4.GA/jboss-logging-3.1.4.GA.pom
11:07:33.982 [StreamPumper-systemOut] DEBUG - [INFO] Downloaded from central: https://repo.maven.apache.org/maven2/org/jboss/logging/jboss-logging/3.1.4.GA/jboss-logging-3.1.4.GA.pom (5.0 kB at 250 kB/s)
11:07:33.983 [StreamPumper-systemOut] DEBUG - [INFO] Downloading from central: https://repo.maven.apache.org/maven2/org/jboss/jboss-parent/9/jboss-parent-9.pom
11:07:34.003 [StreamPumper-systemOut] DEBUG - [INFO] Downloaded from central: https://repo.maven.apache.org/maven2/org/jboss/jboss-parent/9/jboss-parent-9.pom (29 kB at 1.5 MB/s)
11:07:34.005 [StreamPumper-systemOut] DEBUG - [INFO] Downloading from central: https://repo.maven.apache.org/maven2/org/jboss/resteasy/async-http-servlet-3.0/3.0.13.Final/async-http-servlet-3.0-3.0.13.Final.pom
11:07:34.226 [StreamPumper-systemOut] DEBUG - [INFO] Downloaded from central: https://repo.maven.apache.org/maven2/org/jboss/resteasy/async-http-servlet-3.0/3.0.13.Final/async-http-servlet-3.0-3.0.13.Final.pom (5.6 kB at 25 kB/s)
11:07:34.231 [StreamPumper-systemOut] DEBUG - [INFO] Downloading from central: https://repo.maven.apache.org/maven2/org/jboss/resteasy/resteasy-jaxrs/3.0.13.Final/resteasy-jaxrs-3.0.13.Final.jar
11:07:34.232 [StreamPumper-systemOut] DEBUG - [INFO] Downloading from central: https://repo.maven.apache.org/maven2/org/jboss/spec/javax/ws/rs/jboss-jaxrs-api_2.0_spec/1.0.0.Final/jboss-jaxrs-api_2.0_spec-1.0.0.Final.jar
11:07:34.232 [StreamPumper-systemOut] DEBUG - [INFO] Downloading from central: https://repo.maven.apache.org/maven2/org/apache/httpcomponents/httpclient/4.3.6/httpclient-4.3.6.jar
11:07:34.233 [StreamPumper-systemOut] DEBUG - [INFO] Downloading from central: https://repo.maven.apache.org/maven2/org/apache/httpcomponents/httpcore/4.3.3/httpcore-4.3.3.jar
11:07:34.233 [StreamPumper-systemOut] DEBUG - [INFO] Downloading from central: https://repo.maven.apache.org/maven2/commons-logging/commons-logging/1.1.3/commons-logging-1.1.3.jar
11:07:34.251 [StreamPumper-systemOut] DEBUG - [INFO] Downloaded from central: https://repo.maven.apache.org/maven2/commons-logging/commons-logging/1.1.3/commons-logging-1.1.3.jar (62 kB at 3.4 MB/s)
11:07:34.252 [StreamPumper-systemOut] DEBUG - [INFO] Downloading from central: https://repo.maven.apache.org/maven2/org/jboss/resteasy/async-http-servlet-3.0/3.0.13.Final/async-http-servlet-3.0-3.0.13.Final.jar
11:07:34.252 [StreamPumper-systemOut] DEBUG - [INFO] Downloaded from central: https://repo.maven.apache.org/maven2/org/jboss/spec/javax/ws/rs/jboss-jaxrs-api_2.0_spec/1.0.0.Final/jboss-jaxrs-api_2.0_spec-1.0.0.Final.jar (117 kB at 5.8 MB/s)
11:07:34.255 [StreamPumper-systemOut] DEBUG - [INFO] Downloaded from central: https://repo.maven.apache.org/maven2/org/apache/httpcomponents/httpclient/4.3.6/httpclient-4.3.6.jar (592 kB at 27 MB/s)
11:07:34.258 [StreamPumper-systemOut] DEBUG - [INFO] Downloaded from central: https://repo.maven.apache.org/maven2/org/apache/httpcomponents/httpcore/4.3.3/httpcore-4.3.3.jar (283 kB at 11 MB/s)
11:07:34.267 [StreamPumper-systemOut] DEBUG - [INFO] Downloaded from central: https://repo.maven.apache.org/maven2/org/jboss/resteasy/resteasy-jaxrs/3.0.13.Final/resteasy-jaxrs-3.0.13.Final.jar (872 kB at 24 MB/s)
11:07:34.468 [StreamPumper-systemOut] DEBUG - [INFO] Downloaded from central: https://repo.maven.apache.org/maven2/org/jboss/resteasy/async-http-servlet-3.0/3.0.13.Final/async-http-servlet-3.0-3.0.13.Final.jar (21 kB at 90 kB/s)
11:07:34.471 [StreamPumper-systemOut] DEBUG - [INFO] 
11:07:34.471 [StreamPumper-systemOut] DEBUG - [INFO] --- maven-dependency-plugin:2.8:build-classpath (default-cli) @ digdag-guice-rs ---
11:07:34.473 [StreamPumper-systemOut] DEBUG - [INFO] Wrote classpath file '/home/alex/Respector-fork/dataset/digdag/digdag-guice-rs/spoon.classpath-app.tmp'.
11:07:34.474 [StreamPumper-systemOut] DEBUG - [INFO] 
11:07:34.474 [StreamPumper-systemOut] DEBUG - [INFO] -------------< io.digdag:digdag-guice-rs-server-undertow >--------------
11:07:34.474 [StreamPumper-systemOut] DEBUG - [INFO] Building digdag-guice-rs-server-undertow 0.10.5                   [9/17]
11:07:34.474 [StreamPumper-systemOut] DEBUG - [INFO] --------------------------------[ jar ]---------------------------------
11:07:34.478 [StreamPumper-systemOut] DEBUG - [INFO] Downloading from central: https://repo.maven.apache.org/maven2/io/undertow/undertow-servlet/1.4.18.Final/undertow-servlet-1.4.18.Final.pom
11:07:34.702 [StreamPumper-systemOut] DEBUG - [INFO] Downloaded from central: https://repo.maven.apache.org/maven2/io/undertow/undertow-servlet/1.4.18.Final/undertow-servlet-1.4.18.Final.pom (20 kB at 87 kB/s)
11:07:34.704 [StreamPumper-systemOut] DEBUG - [INFO] Downloading from central: https://repo.maven.apache.org/maven2/io/undertow/undertow-parent/1.4.18.Final/undertow-parent-1.4.18.Final.pom
11:07:34.929 [StreamPumper-systemOut] DEBUG - [INFO] Downloaded from central: https://repo.maven.apache.org/maven2/io/undertow/undertow-parent/1.4.18.Final/undertow-parent-1.4.18.Final.pom (25 kB at 110 kB/s)
11:07:34.931 [StreamPumper-systemOut] DEBUG - [INFO] Downloading from central: https://repo.maven.apache.org/maven2/org/jboss/jboss-parent/23/jboss-parent-23.pom
11:07:34.950 [StreamPumper-systemOut] DEBUG - [INFO] Downloaded from central: https://repo.maven.apache.org/maven2/org/jboss/jboss-parent/23/jboss-parent-23.pom (35 kB at 1.9 MB/s)
11:07:34.953 [StreamPumper-systemOut] DEBUG - [INFO] Downloading from central: https://repo.maven.apache.org/maven2/io/undertow/undertow-core/1.4.18.Final/undertow-core-1.4.18.Final.pom
11:07:35.178 [StreamPumper-systemOut] DEBUG - [INFO] Downloaded from central: https://repo.maven.apache.org/maven2/io/undertow/undertow-core/1.4.18.Final/undertow-core-1.4.18.Final.pom (23 kB at 101 kB/s)
11:07:35.182 [StreamPumper-systemOut] DEBUG - [INFO] Downloading from central: https://repo.maven.apache.org/maven2/org/jboss/logging/jboss-logging/3.2.1.Final/jboss-logging-3.2.1.Final.pom
11:07:35.200 [StreamPumper-systemOut] DEBUG - [INFO] Downloaded from central: https://repo.maven.apache.org/maven2/org/jboss/logging/jboss-logging/3.2.1.Final/jboss-logging-3.2.1.Final.pom (6.0 kB at 331 kB/s)
11:07:35.202 [StreamPumper-systemOut] DEBUG - [INFO] Downloading from central: https://repo.maven.apache.org/maven2/org/jboss/xnio/xnio-api/3.3.8.Final/xnio-api-3.3.8.Final.pom
11:07:35.220 [StreamPumper-systemOut] DEBUG - [INFO] Downloaded from central: https://repo.maven.apache.org/maven2/org/jboss/xnio/xnio-api/3.3.8.Final/xnio-api-3.3.8.Final.pom (7.9 kB at 464 kB/s)
11:07:35.221 [StreamPumper-systemOut] DEBUG - [INFO] Downloading from central: https://repo.maven.apache.org/maven2/org/jboss/xnio/xnio-all/3.3.8.Final/xnio-all-3.3.8.Final.pom
11:07:35.239 [StreamPumper-systemOut] DEBUG - [INFO] Downloaded from central: https://repo.maven.apache.org/maven2/org/jboss/xnio/xnio-all/3.3.8.Final/xnio-all-3.3.8.Final.pom (6.0 kB at 333 kB/s)
11:07:35.241 [StreamPumper-systemOut] DEBUG - [INFO] Downloading from central: https://repo.maven.apache.org/maven2/org/jboss/jboss-parent/20/jboss-parent-20.pom
11:07:35.258 [StreamPumper-systemOut] DEBUG - [INFO] Downloaded from central: https://repo.maven.apache.org/maven2/org/jboss/jboss-parent/20/jboss-parent-20.pom (34 kB at 1.9 MB/s)
11:07:35.260 [StreamPumper-systemOut] DEBUG - [INFO] Downloading from central: https://repo.maven.apache.org/maven2/org/jboss/xnio/xnio-nio/3.3.8.Final/xnio-nio-3.3.8.Final.pom
11:07:35.278 [StreamPumper-systemOut] DEBUG - [INFO] Downloaded from central: https://repo.maven.apache.org/maven2/org/jboss/xnio/xnio-nio/3.3.8.Final/xnio-nio-3.3.8.Final.pom (7.6 kB at 423 kB/s)
11:07:35.280 [StreamPumper-systemOut] DEBUG - [INFO] Downloading from central: https://repo.maven.apache.org/maven2/org/jboss/spec/javax/servlet/jboss-servlet-api_3.1_spec/1.0.0.Final/jboss-servlet-api_3.1_spec-1.0.0.Final.pom
11:07:35.397 [StreamPumper-systemOut] DEBUG - [INFO] Downloaded from central: https://repo.maven.apache.org/maven2/org/jboss/spec/javax/servlet/jboss-servlet-api_3.1_spec/1.0.0.Final/jboss-servlet-api_3.1_spec-1.0.0.Final.pom (4.1 kB at 34 kB/s)
11:07:35.405 [StreamPumper-systemOut] DEBUG - [INFO] Downloading from central: https://repo.maven.apache.org/maven2/io/digdag/digdag-guice-rs/0.10.5/digdag-guice-rs-0.10.5.jar
11:07:35.405 [StreamPumper-systemOut] DEBUG - [INFO] Downloading from central: https://repo.maven.apache.org/maven2/io/undertow/undertow-servlet/1.4.18.Final/undertow-servlet-1.4.18.Final.jar
11:07:35.405 [StreamPumper-systemOut] DEBUG - [INFO] Downloading from central: https://repo.maven.apache.org/maven2/io/undertow/undertow-core/1.4.18.Final/undertow-core-1.4.18.Final.jar
11:07:35.405 [StreamPumper-systemOut] DEBUG - [INFO] Downloading from central: https://repo.maven.apache.org/maven2/org/jboss/xnio/xnio-api/3.3.8.Final/xnio-api-3.3.8.Final.jar
11:07:35.405 [StreamPumper-systemOut] DEBUG - [INFO] Downloading from central: https://repo.maven.apache.org/maven2/org/jboss/xnio/xnio-nio/3.3.8.Final/xnio-nio-3.3.8.Final.jar
11:07:35.425 [StreamPumper-systemOut] DEBUG - [INFO] Downloaded from central: https://repo.maven.apache.org/maven2/org/jboss/xnio/xnio-nio/3.3.8.Final/xnio-nio-3.3.8.Final.jar (117 kB at 5.6 MB/s)
11:07:35.425 [StreamPumper-systemOut] DEBUG - [INFO] Downloading from central: https://repo.maven.apache.org/maven2/org/jboss/spec/javax/servlet/jboss-servlet-api_3.1_spec/1.0.0.Final/jboss-servlet-api_3.1_spec-1.0.0.Final.jar
11:07:35.430 [StreamPumper-systemOut] DEBUG - [INFO] Downloaded from central: https://repo.maven.apache.org/maven2/org/jboss/xnio/xnio-api/3.3.8.Final/xnio-api-3.3.8.Final.jar (518 kB at 19 MB/s)
11:07:35.543 [StreamPumper-systemOut] DEBUG - [INFO] Downloaded from central: https://repo.maven.apache.org/maven2/org/jboss/spec/javax/servlet/jboss-servlet-api_3.1_spec/1.0.0.Final/jboss-servlet-api_3.1_spec-1.0.0.Final.jar (190 kB at 1.4 MB/s)
11:07:35.620 [StreamPumper-systemOut] DEBUG - [INFO] Downloaded from central: https://repo.maven.apache.org/maven2/io/digdag/digdag-guice-rs/0.10.5/digdag-guice-rs-0.10.5.jar (19 kB at 90 kB/s)
11:07:35.633 [StreamPumper-systemOut] DEBUG - [INFO] Downloaded from central: https://repo.maven.apache.org/maven2/io/undertow/undertow-servlet/1.4.18.Final/undertow-servlet-1.4.18.Final.jar (515 kB at 2.2 MB/s)
11:07:35.733 [StreamPumper-systemOut] DEBUG - [INFO] Downloaded from central: https://repo.maven.apache.org/maven2/io/undertow/undertow-core/1.4.18.Final/undertow-core-1.4.18.Final.jar (2.1 MB at 6.5 MB/s)
11:07:35.736 [StreamPumper-systemOut] DEBUG - [INFO] 
11:07:35.736 [StreamPumper-systemOut] DEBUG - [INFO] --- maven-dependency-plugin:2.8:build-classpath (default-cli) @ digdag-guice-rs-server-undertow ---
11:07:35.738 [StreamPumper-systemOut] DEBUG - [INFO] Wrote classpath file '/home/alex/Respector-fork/dataset/digdag/digdag-guice-rs-server-undertow/spoon.classpath-app.tmp'.
11:07:35.738 [StreamPumper-systemOut] DEBUG - [INFO] 
11:07:35.738 [StreamPumper-systemOut] DEBUG - [INFO] ----------------------< io.digdag:digdag-server >-----------------------
11:07:35.738 [StreamPumper-systemOut] DEBUG - [INFO] Building digdag-server 0.10.5                                    [10/17]
11:07:35.738 [StreamPumper-systemOut] DEBUG - [INFO] --------------------------------[ jar ]---------------------------------
11:07:35.744 [StreamPumper-systemOut] DEBUG - [INFO] Downloading from central: https://repo.maven.apache.org/maven2/io/swagger/swagger-jaxrs/1.5.10/swagger-jaxrs-1.5.10.pom
11:07:35.865 [StreamPumper-systemOut] DEBUG - [INFO] Downloaded from central: https://repo.maven.apache.org/maven2/io/swagger/swagger-jaxrs/1.5.10/swagger-jaxrs-1.5.10.pom (7.9 kB at 65 kB/s)
11:07:35.867 [StreamPumper-systemOut] DEBUG - [INFO] Downloading from central: https://repo.maven.apache.org/maven2/io/swagger/swagger-project/1.5.10/swagger-project-1.5.10.pom
11:07:35.875 [StreamPumper-systemOut] DEBUG - [INFO] Downloaded from central: https://repo.maven.apache.org/maven2/io/swagger/swagger-project/1.5.10/swagger-project-1.5.10.pom (0 B at 0 B/s)
11:07:35.878 [StreamPumper-systemOut] DEBUG - [INFO] Downloading from central: https://repo.maven.apache.org/maven2/com/fasterxml/jackson/dataformat/jackson-dataformat-yaml/2.4.5/jackson-dataformat-yaml-2.4.5.pom
11:07:35.897 [StreamPumper-systemOut] DEBUG - [INFO] Downloaded from central: https://repo.maven.apache.org/maven2/com/fasterxml/jackson/dataformat/jackson-dataformat-yaml/2.4.5/jackson-dataformat-yaml-2.4.5.pom (7.4 kB at 388 kB/s)
11:07:35.899 [StreamPumper-systemOut] DEBUG - [INFO] Downloading from central: https://repo.maven.apache.org/maven2/com/fasterxml/jackson/core/jackson-core/2.4.5/jackson-core-2.4.5.pom
11:07:35.917 [StreamPumper-systemOut] DEBUG - [INFO] Downloaded from central: https://repo.maven.apache.org/maven2/com/fasterxml/jackson/core/jackson-core/2.4.5/jackson-core-2.4.5.pom (4.8 kB at 254 kB/s)
11:07:35.919 [StreamPumper-systemOut] DEBUG - [INFO] Downloading from central: https://repo.maven.apache.org/maven2/com/fasterxml/jackson/dataformat/jackson-dataformat-xml/2.4.5/jackson-dataformat-xml-2.4.5.pom
11:07:35.937 [StreamPumper-systemOut] DEBUG - [INFO] Downloaded from central: https://repo.maven.apache.org/maven2/com/fasterxml/jackson/dataformat/jackson-dataformat-xml/2.4.5/jackson-dataformat-xml-2.4.5.pom (6.5 kB at 385 kB/s)
11:07:35.939 [StreamPumper-systemOut] DEBUG - [INFO] Downloading from central: https://repo.maven.apache.org/maven2/com/fasterxml/jackson/core/jackson-databind/2.4.5/jackson-databind-2.4.5.pom
11:07:35.955 [StreamPumper-systemOut] DEBUG - [INFO] Downloaded from central: https://repo.maven.apache.org/maven2/com/fasterxml/jackson/core/jackson-databind/2.4.5/jackson-databind-2.4.5.pom (5.7 kB at 355 kB/s)
11:07:35.957 [StreamPumper-systemOut] DEBUG - [INFO] Downloading from central: https://repo.maven.apache.org/maven2/com/fasterxml/jackson/module/jackson-module-jaxb-annotations/2.4.5/jackson-module-jaxb-annotations-2.4.5.pom
11:07:35.974 [StreamPumper-systemOut] DEBUG - [INFO] Downloaded from central: https://repo.maven.apache.org/maven2/com/fasterxml/jackson/module/jackson-module-jaxb-annotations/2.4.5/jackson-module-jaxb-annotations-2.4.5.pom (4.3 kB at 254 kB/s)
11:07:35.976 [StreamPumper-systemOut] DEBUG - [INFO] Downloading from central: https://repo.maven.apache.org/maven2/io/swagger/swagger-core/1.5.10/swagger-core-1.5.10.pom
11:07:35.994 [StreamPumper-systemOut] DEBUG - [INFO] Downloaded from central: https://repo.maven.apache.org/maven2/io/swagger/swagger-core/1.5.10/swagger-core-1.5.10.pom (7.4 kB at 411 kB/s)
11:07:35.997 [StreamPumper-systemOut] DEBUG - [INFO] Downloading from central: https://repo.maven.apache.org/maven2/org/slf4j/slf4j-api/1.6.3/slf4j-api-1.6.3.pom
11:07:36.015 [StreamPumper-systemOut] DEBUG - [INFO] Downloaded from central: https://repo.maven.apache.org/maven2/org/slf4j/slf4j-api/1.6.3/slf4j-api-1.6.3.pom (3.0 kB at 166 kB/s)
11:07:36.016 [StreamPumper-systemOut] DEBUG - [INFO] Downloading from central: https://repo.maven.apache.org/maven2/org/slf4j/slf4j-parent/1.6.3/slf4j-parent-1.6.3.pom
11:07:36.034 [StreamPumper-systemOut] DEBUG - [INFO] Downloaded from central: https://repo.maven.apache.org/maven2/org/slf4j/slf4j-parent/1.6.3/slf4j-parent-1.6.3.pom (11 kB at 621 kB/s)
11:07:36.036 [StreamPumper-systemOut] DEBUG - [INFO] Downloading from central: https://repo.maven.apache.org/maven2/com/fasterxml/jackson/core/jackson-annotations/2.4.5/jackson-annotations-2.4.5.pom
11:07:36.053 [StreamPumper-systemOut] DEBUG - [INFO] Downloaded from central: https://repo.maven.apache.org/maven2/com/fasterxml/jackson/core/jackson-annotations/2.4.5/jackson-annotations-2.4.5.pom (1.2 kB at 72 kB/s)
11:07:36.055 [StreamPumper-systemOut] DEBUG - [INFO] Downloading from central: https://repo.maven.apache.org/maven2/com/fasterxml/jackson/datatype/jackson-datatype-joda/2.4.5/jackson-datatype-joda-2.4.5.pom
11:07:36.072 [StreamPumper-systemOut] DEBUG - [INFO] Downloaded from central: https://repo.maven.apache.org/maven2/com/fasterxml/jackson/datatype/jackson-datatype-joda/2.4.5/jackson-datatype-joda-2.4.5.pom (3.4 kB at 202 kB/s)
11:07:36.074 [StreamPumper-systemOut] DEBUG - [INFO] Downloading from central: https://repo.maven.apache.org/maven2/io/swagger/swagger-models/1.5.10/swagger-models-1.5.10.pom
11:07:36.083 [StreamPumper-systemOut] DEBUG - [INFO] Downloaded from central: https://repo.maven.apache.org/maven2/io/swagger/swagger-models/1.5.10/swagger-models-1.5.10.pom (0 B at 0 B/s)
11:07:36.085 [StreamPumper-systemOut] DEBUG - [INFO] Downloading from central: https://repo.maven.apache.org/maven2/io/swagger/swagger-annotations/1.5.10/swagger-annotations-1.5.10.pom
11:07:36.093 [StreamPumper-systemOut] DEBUG - [INFO] Downloaded from central: https://repo.maven.apache.org/maven2/io/swagger/swagger-annotations/1.5.10/swagger-annotations-1.5.10.pom (0 B at 0 B/s)
11:07:36.094 [StreamPumper-systemOut] DEBUG - [INFO] Downloading from central: https://repo.maven.apache.org/maven2/javax/ws/rs/jsr311-api/1.1.1/jsr311-api-1.1.1.pom
11:07:36.102 [StreamPumper-systemOut] DEBUG - [INFO] Downloaded from central: https://repo.maven.apache.org/maven2/javax/ws/rs/jsr311-api/1.1.1/jsr311-api-1.1.1.pom (0 B at 0 B/s)
11:07:36.106 [StreamPumper-systemOut] DEBUG - [INFO] Downloading from central: https://repo.maven.apache.org/maven2/org/javassist/javassist/3.19.0-GA/javassist-3.19.0-GA.pom
11:07:36.122 [StreamPumper-systemOut] DEBUG - [INFO] Downloaded from central: https://repo.maven.apache.org/maven2/org/javassist/javassist/3.19.0-GA/javassist-3.19.0-GA.pom (9.6 kB at 564 kB/s)
11:07:36.125 [StreamPumper-systemOut] DEBUG - [INFO] Downloading from central: https://repo.maven.apache.org/maven2/com/fasterxml/jackson/jaxrs/jackson-jaxrs-json-provider/2.4.5/jackson-jaxrs-json-provider-2.4.5.pom
11:07:36.142 [StreamPumper-systemOut] DEBUG - [INFO] Downloaded from central: https://repo.maven.apache.org/maven2/com/fasterxml/jackson/jaxrs/jackson-jaxrs-json-provider/2.4.5/jackson-jaxrs-json-provider-2.4.5.pom (3.4 kB at 202 kB/s)
11:07:36.144 [StreamPumper-systemOut] DEBUG - [INFO] Downloading from central: https://repo.maven.apache.org/maven2/com/fasterxml/jackson/jaxrs/jackson-jaxrs-providers/2.4.5/jackson-jaxrs-providers-2.4.5.pom
11:07:36.160 [StreamPumper-systemOut] DEBUG - [INFO] Downloaded from central: https://repo.maven.apache.org/maven2/com/fasterxml/jackson/jaxrs/jackson-jaxrs-providers/2.4.5/jackson-jaxrs-providers-2.4.5.pom (3.9 kB at 227 kB/s)
11:07:36.162 [StreamPumper-systemOut] DEBUG - [INFO] Downloading from central: https://repo.maven.apache.org/maven2/com/fasterxml/jackson/jaxrs/jackson-jaxrs-base/2.4.5/jackson-jaxrs-base-2.4.5.pom
11:07:36.180 [StreamPumper-systemOut] DEBUG - [INFO] Downloaded from central: https://repo.maven.apache.org/maven2/com/fasterxml/jackson/jaxrs/jackson-jaxrs-base/2.4.5/jackson-jaxrs-base-2.4.5.pom (1.9 kB at 113 kB/s)
11:07:36.191 [StreamPumper-systemOut] DEBUG - [INFO] Downloading from central: https://repo.maven.apache.org/maven2/io/digdag/digdag-core/0.10.5/digdag-core-0.10.5.jar
11:07:36.191 [StreamPumper-systemOut] DEBUG - [INFO] Downloading from central: https://repo.maven.apache.org/maven2/io/digdag/digdag-guice-rs-server-undertow/0.10.5/digdag-guice-rs-server-undertow-0.10.5.jar
11:07:36.191 [StreamPumper-systemOut] DEBUG - [INFO] Downloading from central: https://repo.maven.apache.org/maven2/io/swagger/swagger-jaxrs/1.5.10/swagger-jaxrs-1.5.10.jar
11:07:36.191 [StreamPumper-systemOut] DEBUG - [INFO] Downloading from central: https://repo.maven.apache.org/maven2/com/fasterxml/jackson/dataformat/jackson-dataformat-xml/2.4.5/jackson-dataformat-xml-2.4.5.jar
11:07:36.192 [StreamPumper-systemOut] DEBUG - [INFO] Downloading from central: https://repo.maven.apache.org/maven2/io/swagger/swagger-core/1.5.10/swagger-core-1.5.10.jar
11:07:36.210 [StreamPumper-systemOut] DEBUG - [INFO] Downloaded from central: https://repo.maven.apache.org/maven2/com/fasterxml/jackson/dataformat/jackson-dataformat-xml/2.4.5/jackson-dataformat-xml-2.4.5.jar (91 kB at 4.5 MB/s)
11:07:36.210 [StreamPumper-systemOut] DEBUG - [INFO] Downloading from central: https://repo.maven.apache.org/maven2/com/fasterxml/jackson/datatype/jackson-datatype-joda/2.4.5/jackson-datatype-joda-2.4.5.jar
11:07:36.210 [StreamPumper-systemOut] DEBUG - [INFO] Downloaded from central: https://repo.maven.apache.org/maven2/io/swagger/swagger-jaxrs/1.5.10/swagger-jaxrs-1.5.10.jar (68 kB at 3.4 MB/s)
11:07:36.210 [StreamPumper-systemOut] DEBUG - [INFO] Downloading from central: https://repo.maven.apache.org/maven2/io/swagger/swagger-models/1.5.10/swagger-models-1.5.10.jar
11:07:36.227 [StreamPumper-systemOut] DEBUG - [INFO] Downloaded from central: https://repo.maven.apache.org/maven2/com/fasterxml/jackson/datatype/jackson-datatype-joda/2.4.5/jackson-datatype-joda-2.4.5.jar (56 kB at 1.6 MB/s)
11:07:36.228 [StreamPumper-systemOut] DEBUG - [INFO] Downloading from central: https://repo.maven.apache.org/maven2/io/swagger/swagger-annotations/1.5.10/swagger-annotations-1.5.10.jar
11:07:36.310 [StreamPumper-systemOut] DEBUG - [INFO] Downloaded from central: https://repo.maven.apache.org/maven2/io/swagger/swagger-core/1.5.10/swagger-core-1.5.10.jar (105 kB at 883 kB/s)
11:07:36.310 [StreamPumper-systemOut] DEBUG - [INFO] Downloading from central: https://repo.maven.apache.org/maven2/javax/ws/rs/jsr311-api/1.1.1/jsr311-api-1.1.1.jar
11:07:36.319 [StreamPumper-systemOut] DEBUG - [INFO] Downloaded from central: https://repo.maven.apache.org/maven2/javax/ws/rs/jsr311-api/1.1.1/jsr311-api-1.1.1.jar (0 B at 0 B/s)
11:07:36.319 [StreamPumper-systemOut] DEBUG - [INFO] Downloading from central: https://repo.maven.apache.org/maven2/org/javassist/javassist/3.19.0-GA/javassist-3.19.0-GA.jar
11:07:36.327 [StreamPumper-systemOut] DEBUG - [INFO] Downloaded from central: https://repo.maven.apache.org/maven2/io/swagger/swagger-models/1.5.10/swagger-models-1.5.10.jar (138 kB at 1.0 MB/s)
11:07:36.340 [StreamPumper-systemOut] DEBUG - [INFO] Downloaded from central: https://repo.maven.apache.org/maven2/org/javassist/javassist/3.19.0-GA/javassist-3.19.0-GA.jar (749 kB at 5.1 MB/s)
11:07:36.342 [StreamPumper-systemOut] DEBUG - [INFO] Downloaded from central: https://repo.maven.apache.org/maven2/io/swagger/swagger-annotations/1.5.10/swagger-annotations-1.5.10.jar (20 kB at 136 kB/s)
11:07:36.414 [StreamPumper-systemOut] DEBUG - [INFO] Downloaded from central: https://repo.maven.apache.org/maven2/io/digdag/digdag-guice-rs-server-undertow/0.10.5/digdag-guice-rs-server-undertow-0.10.5.jar (27 kB at 119 kB/s)
11:07:36.419 [StreamPumper-systemOut] DEBUG - [INFO] Downloaded from central: https://repo.maven.apache.org/maven2/io/digdag/digdag-core/0.10.5/digdag-core-0.10.5.jar (943 kB at 4.1 MB/s)
11:07:36.423 [StreamPumper-systemOut] DEBUG - [INFO] 
11:07:36.423 [StreamPumper-systemOut] DEBUG - [INFO] --- maven-dependency-plugin:2.8:build-classpath (default-cli) @ digdag-server ---
11:07:36.426 [StreamPumper-systemOut] DEBUG - [INFO] Wrote classpath file '/home/alex/Respector-fork/dataset/digdag/digdag-server/spoon.classpath-app.tmp'.
11:07:36.426 [StreamPumper-systemOut] DEBUG - [INFO] 
11:07:36.426 [StreamPumper-systemOut] DEBUG - [INFO] ---------------------< io.digdag:digdag-standards >---------------------
11:07:36.426 [StreamPumper-systemOut] DEBUG - [INFO] Building digdag-standards 0.10.5                                 [11/17]
11:07:36.426 [StreamPumper-systemOut] DEBUG - [INFO] --------------------------------[ jar ]---------------------------------
11:07:36.430 [StreamPumper-systemOut] DEBUG - [INFO] Downloading from central: https://repo.maven.apache.org/maven2/it/sauronsoftware/cron4j/cron4j/2.2.5/cron4j-2.2.5.pom
11:07:36.448 [StreamPumper-systemOut] DEBUG - [INFO] Downloaded from central: https://repo.maven.apache.org/maven2/it/sauronsoftware/cron4j/cron4j/2.2.5/cron4j-2.2.5.pom (1.0 kB at 54 kB/s)
11:07:36.451 [StreamPumper-systemOut] DEBUG - [INFO] Downloading from central: https://repo.maven.apache.org/maven2/com/treasuredata/client/td-client/0.9.0/td-client-0.9.0.pom
11:07:36.671 [StreamPumper-systemOut] DEBUG - [INFO] Downloaded from central: https://repo.maven.apache.org/maven2/com/treasuredata/client/td-client/0.9.0/td-client-0.9.0.pom (18 kB at 81 kB/s)
11:07:36.674 [StreamPumper-systemOut] DEBUG - [INFO] Downloading from central: https://repo.maven.apache.org/maven2/com/squareup/okhttp3/okhttp-urlconnection/3.12.0/okhttp-urlconnection-3.12.0.pom
11:07:36.891 [StreamPumper-systemOut] DEBUG - [INFO] Downloaded from central: https://repo.maven.apache.org/maven2/com/squareup/okhttp3/okhttp-urlconnection/3.12.0/okhttp-urlconnection-3.12.0.pom (2.7 kB at 12 kB/s)
11:07:36.895 [StreamPumper-systemOut] DEBUG - [INFO] Downloading from central: https://repo.maven.apache.org/maven2/com/google/inject/extensions/guice-multibindings/3.0/guice-multibindings-3.0.pom
11:07:37.012 [StreamPumper-systemOut] DEBUG - [INFO] Downloaded from central: https://repo.maven.apache.org/maven2/com/google/inject/extensions/guice-multibindings/3.0/guice-multibindings-3.0.pom (547 B at 4.7 kB/s)
11:07:37.014 [StreamPumper-systemOut] DEBUG - [INFO] Downloading from central: https://repo.maven.apache.org/maven2/com/google/inject/extensions/extensions-parent/3.0/extensions-parent-3.0.pom
11:07:37.031 [StreamPumper-systemOut] DEBUG - [INFO] Downloaded from central: https://repo.maven.apache.org/maven2/com/google/inject/extensions/extensions-parent/3.0/extensions-parent-3.0.pom (3.6 kB at 212 kB/s)
11:07:37.033 [StreamPumper-systemOut] DEBUG - [INFO] Downloading from central: https://repo.maven.apache.org/maven2/com/google/inject/guice-parent/3.0/guice-parent-3.0.pom
11:07:37.050 [StreamPumper-systemOut] DEBUG - [INFO] Downloaded from central: https://repo.maven.apache.org/maven2/com/google/inject/guice-parent/3.0/guice-parent-3.0.pom (13 kB at 763 kB/s)
11:07:37.052 [StreamPumper-systemOut] DEBUG - [INFO] Downloading from central: https://repo.maven.apache.org/maven2/com/google/inject/guice/3.0/guice-3.0.pom
11:07:37.079 [StreamPumper-systemOut] DEBUG - [INFO] Downloaded from central: https://repo.maven.apache.org/maven2/com/google/inject/guice/3.0/guice-3.0.pom (7.3 kB at 270 kB/s)
11:07:37.081 [StreamPumper-systemOut] DEBUG - [INFO] Downloading from central: https://repo.maven.apache.org/maven2/com/fasterxml/jackson/core/jackson-core/2.9.9/jackson-core-2.9.9.pom
11:07:37.099 [StreamPumper-systemOut] DEBUG - [INFO] Downloaded from central: https://repo.maven.apache.org/maven2/com/fasterxml/jackson/core/jackson-core/2.9.9/jackson-core-2.9.9.pom (4.1 kB at 226 kB/s)
11:07:37.100 [StreamPumper-systemOut] DEBUG - [INFO] Downloading from central: https://repo.maven.apache.org/maven2/com/fasterxml/jackson/jackson-base/2.9.9/jackson-base-2.9.9.pom
11:07:37.116 [StreamPumper-systemOut] DEBUG - [INFO] Downloaded from central: https://repo.maven.apache.org/maven2/com/fasterxml/jackson/jackson-base/2.9.9/jackson-base-2.9.9.pom (5.5 kB at 344 kB/s)
11:07:37.117 [StreamPumper-systemOut] DEBUG - [INFO] Downloading from central: https://repo.maven.apache.org/maven2/com/fasterxml/jackson/jackson-bom/2.9.9/jackson-bom-2.9.9.pom
11:07:37.135 [StreamPumper-systemOut] DEBUG - [INFO] Downloaded from central: https://repo.maven.apache.org/maven2/com/fasterxml/jackson/jackson-bom/2.9.9/jackson-bom-2.9.9.pom (12 kB at 688 kB/s)
11:07:37.137 [StreamPumper-systemOut] DEBUG - [INFO] Downloading from central: https://repo.maven.apache.org/maven2/com/fasterxml/jackson/core/jackson-databind/2.9.9/jackson-databind-2.9.9.pom
11:07:37.154 [StreamPumper-systemOut] DEBUG - [INFO] Downloaded from central: https://repo.maven.apache.org/maven2/com/fasterxml/jackson/core/jackson-databind/2.9.9/jackson-databind-2.9.9.pom (6.4 kB at 358 kB/s)
11:07:37.157 [StreamPumper-systemOut] DEBUG - [INFO] Downloading from central: https://repo.maven.apache.org/maven2/com/fasterxml/jackson/core/jackson-annotations/2.9.9/jackson-annotations-2.9.9.pom
11:07:37.175 [StreamPumper-systemOut] DEBUG - [INFO] Downloaded from central: https://repo.maven.apache.org/maven2/com/fasterxml/jackson/core/jackson-annotations/2.9.9/jackson-annotations-2.9.9.pom (2.6 kB at 144 kB/s)
11:07:37.177 [StreamPumper-systemOut] DEBUG - [INFO] Downloading from central: https://repo.maven.apache.org/maven2/com/fasterxml/jackson/datatype/jackson-datatype-guava/2.9.9/jackson-datatype-guava-2.9.9.pom
11:07:37.294 [StreamPumper-systemOut] DEBUG - [INFO] Downloaded from central: https://repo.maven.apache.org/maven2/com/fasterxml/jackson/datatype/jackson-datatype-guava/2.9.9/jackson-datatype-guava-2.9.9.pom (2.7 kB at 23 kB/s)
11:07:37.296 [StreamPumper-systemOut] DEBUG - [INFO] Downloading from central: https://repo.maven.apache.org/maven2/com/fasterxml/jackson/datatype/jackson-datatypes-collections/2.9.9/jackson-datatypes-collections-2.9.9.pom
11:07:37.514 [StreamPumper-systemOut] DEBUG - [INFO] Downloaded from central: https://repo.maven.apache.org/maven2/com/fasterxml/jackson/datatype/jackson-datatypes-collections/2.9.9/jackson-datatypes-collections-2.9.9.pom (2.1 kB at 9.8 kB/s)
11:07:37.517 [StreamPumper-systemOut] DEBUG - [INFO] Downloading from central: https://repo.maven.apache.org/maven2/com/fasterxml/jackson/datatype/jackson-datatype-json-org/2.9.9/jackson-datatype-json-org-2.9.9.pom
11:07:37.535 [StreamPumper-systemOut] DEBUG - [INFO] Downloaded from central: https://repo.maven.apache.org/maven2/com/fasterxml/jackson/datatype/jackson-datatype-json-org/2.9.9/jackson-datatype-json-org-2.9.9.pom (2.6 kB at 146 kB/s)
11:07:37.537 [StreamPumper-systemOut] DEBUG - [INFO] Downloading from central: https://repo.maven.apache.org/maven2/org/json/json/20171018/json-20171018.pom
11:07:37.555 [StreamPumper-systemOut] DEBUG - [INFO] Downloaded from central: https://repo.maven.apache.org/maven2/org/json/json/20171018/json-20171018.pom (5.7 kB at 315 kB/s)
11:07:37.557 [StreamPumper-systemOut] DEBUG - [INFO] Downloading from central: https://repo.maven.apache.org/maven2/org/msgpack/msgpack-core/0.8.11/msgpack-core-0.8.11.pom
11:07:37.675 [StreamPumper-systemOut] DEBUG - [INFO] Downloaded from central: https://repo.maven.apache.org/maven2/org/msgpack/msgpack-core/0.8.11/msgpack-core-0.8.11.pom (3.5 kB at 30 kB/s)
11:07:37.677 [StreamPumper-systemOut] DEBUG - [INFO] Downloading from central: https://repo.maven.apache.org/maven2/org/postgresql/postgresql/9.4.1211/postgresql-9.4.1211.pom
11:07:37.794 [StreamPumper-systemOut] DEBUG - [INFO] Downloaded from central: https://repo.maven.apache.org/maven2/org/postgresql/postgresql/9.4.1211/postgresql-9.4.1211.pom (10 kB at 86 kB/s)
11:07:37.796 [StreamPumper-systemOut] DEBUG - [INFO] Downloading from central: https://repo.maven.apache.org/maven2/org/postgresql/pgjdbc-core-parent/1.1.1/pgjdbc-core-parent-1.1.1.pom
11:07:38.018 [StreamPumper-systemOut] DEBUG - [INFO] Downloaded from central: https://repo.maven.apache.org/maven2/org/postgresql/pgjdbc-core-parent/1.1.1/pgjdbc-core-parent-1.1.1.pom (16 kB at 72 kB/s)
11:07:38.020 [StreamPumper-systemOut] DEBUG - [INFO] Downloading from central: https://repo.maven.apache.org/maven2/org/postgresql/pgjdbc-versions/1.1.1/pgjdbc-versions-1.1.1.pom
11:07:38.241 [StreamPumper-systemOut] DEBUG - [INFO] Downloaded from central: https://repo.maven.apache.org/maven2/org/postgresql/pgjdbc-versions/1.1.1/pgjdbc-versions-1.1.1.pom (23 kB at 104 kB/s)
11:07:38.244 [StreamPumper-systemOut] DEBUG - [INFO] Downloading from central: https://repo.maven.apache.org/maven2/com/amazonaws/aws-java-sdk-kms/1.12.270/aws-java-sdk-kms-1.12.270.pom
11:07:38.463 [StreamPumper-systemOut] DEBUG - [INFO] Downloaded from central: https://repo.maven.apache.org/maven2/com/amazonaws/aws-java-sdk-kms/1.12.270/aws-java-sdk-kms-1.12.270.pom (3.5 kB at 16 kB/s)
11:07:38.465 [StreamPumper-systemOut] DEBUG - [INFO] Downloading from central: https://repo.maven.apache.org/maven2/com/amazonaws/aws-java-sdk-pom/1.12.270/aws-java-sdk-pom-1.12.270.pom
11:07:38.588 [StreamPumper-systemOut] DEBUG - [INFO] Downloaded from central: https://repo.maven.apache.org/maven2/com/amazonaws/aws-java-sdk-pom/1.12.270/aws-java-sdk-pom-1.12.270.pom (24 kB at 193 kB/s)
11:07:38.591 [StreamPumper-systemOut] DEBUG - [INFO] Downloading from central: https://repo.maven.apache.org/maven2/com/amazonaws/aws-java-sdk-core/1.12.270/aws-java-sdk-core-1.12.270.pom
11:07:38.713 [StreamPumper-systemOut] DEBUG - [INFO] Downloaded from central: https://repo.maven.apache.org/maven2/com/amazonaws/aws-java-sdk-core/1.12.270/aws-java-sdk-core-1.12.270.pom (4.5 kB at 37 kB/s)
11:07:38.722 [StreamPumper-systemOut] DEBUG - [INFO] Downloading from central: https://repo.maven.apache.org/maven2/software/amazon/ion/ion-java/1.0.2/ion-java-1.0.2.pom
11:07:38.740 [StreamPumper-systemOut] DEBUG - [INFO] Downloaded from central: https://repo.maven.apache.org/maven2/software/amazon/ion/ion-java/1.0.2/ion-java-1.0.2.pom (8.8 kB at 520 kB/s)
11:07:38.747 [StreamPumper-systemOut] DEBUG - [INFO] Downloading from central: https://repo.maven.apache.org/maven2/com/fasterxml/jackson/dataformat/jackson-dataformat-cbor/2.12.6/jackson-dataformat-cbor-2.12.6.pom
11:07:38.867 [StreamPumper-systemOut] DEBUG - [INFO] Downloaded from central: https://repo.maven.apache.org/maven2/com/fasterxml/jackson/dataformat/jackson-dataformat-cbor/2.12.6/jackson-dataformat-cbor-2.12.6.pom (2.8 kB at 24 kB/s)
11:07:38.869 [StreamPumper-systemOut] DEBUG - [INFO] Downloading from central: https://repo.maven.apache.org/maven2/com/fasterxml/jackson/dataformat/jackson-dataformats-binary/2.12.6/jackson-dataformats-binary-2.12.6.pom
11:07:38.985 [StreamPumper-systemOut] DEBUG - [INFO] Downloaded from central: https://repo.maven.apache.org/maven2/com/fasterxml/jackson/dataformat/jackson-dataformats-binary/2.12.6/jackson-dataformats-binary-2.12.6.pom (3.5 kB at 30 kB/s)
11:07:38.989 [StreamPumper-systemOut] DEBUG - [INFO] Downloading from central: https://repo.maven.apache.org/maven2/joda-time/joda-time/2.8.1/joda-time-2.8.1.pom
11:07:39.008 [StreamPumper-systemOut] DEBUG - [INFO] Downloaded from central: https://repo.maven.apache.org/maven2/joda-time/joda-time/2.8.1/joda-time-2.8.1.pom (29 kB at 1.5 MB/s)
11:07:39.010 [StreamPumper-systemOut] DEBUG - [INFO] Downloading from central: https://repo.maven.apache.org/maven2/com/amazonaws/jmespath-java/1.12.270/jmespath-java-1.12.270.pom
11:07:39.130 [StreamPumper-systemOut] DEBUG - [INFO] Downloaded from central: https://repo.maven.apache.org/maven2/com/amazonaws/jmespath-java/1.12.270/jmespath-java-1.12.270.pom (3.4 kB at 29 kB/s)
11:07:39.133 [StreamPumper-systemOut] DEBUG - [INFO] Downloading from central: https://repo.maven.apache.org/maven2/com/amazonaws/aws-java-sdk-sts/1.12.270/aws-java-sdk-sts-1.12.270.pom
11:07:39.355 [StreamPumper-systemOut] DEBUG - [INFO] Downloaded from central: https://repo.maven.apache.org/maven2/com/amazonaws/aws-java-sdk-sts/1.12.270/aws-java-sdk-sts-1.12.270.pom (3.5 kB at 16 kB/s)
11:07:39.357 [StreamPumper-systemOut] DEBUG - [INFO] Downloading from central: https://repo.maven.apache.org/maven2/com/amazonaws/aws-java-sdk-ecs/1.12.270/aws-java-sdk-ecs-1.12.270.pom
11:07:39.576 [StreamPumper-systemOut] DEBUG - [INFO] Downloaded from central: https://repo.maven.apache.org/maven2/com/amazonaws/aws-java-sdk-ecs/1.12.270/aws-java-sdk-ecs-1.12.270.pom (3.6 kB at 16 kB/s)
11:07:39.579 [StreamPumper-systemOut] DEBUG - [INFO] Downloading from central: https://repo.maven.apache.org/maven2/com/amazonaws/aws-java-sdk-logs/1.12.270/aws-java-sdk-logs-1.12.270.pom
11:07:39.799 [StreamPumper-systemOut] DEBUG - [INFO] Downloaded from central: https://repo.maven.apache.org/maven2/com/amazonaws/aws-java-sdk-logs/1.12.270/aws-java-sdk-logs-1.12.270.pom (3.6 kB at 16 kB/s)
11:07:39.801 [StreamPumper-systemOut] DEBUG - [INFO] Downloading from central: https://repo.maven.apache.org/maven2/com/amazonaws/aws-java-sdk-s3/1.12.270/aws-java-sdk-s3-1.12.270.pom
11:07:39.922 [StreamPumper-systemOut] DEBUG - [INFO] Downloaded from central: https://repo.maven.apache.org/maven2/com/amazonaws/aws-java-sdk-s3/1.12.270/aws-java-sdk-s3-1.12.270.pom (3.8 kB at 31 kB/s)
11:07:39.925 [StreamPumper-systemOut] DEBUG - [INFO] Downloading from central: https://repo.maven.apache.org/maven2/com/amazonaws/aws-java-sdk-emr/1.12.270/aws-java-sdk-emr-1.12.270.pom
11:07:40.147 [StreamPumper-systemOut] DEBUG - [INFO] Downloaded from central: https://repo.maven.apache.org/maven2/com/amazonaws/aws-java-sdk-emr/1.12.270/aws-java-sdk-emr-1.12.270.pom (3.6 kB at 16 kB/s)
11:07:40.150 [StreamPumper-systemOut] DEBUG - [INFO] Downloading from central: https://repo.maven.apache.org/maven2/com/amazonaws/aws-java-sdk-dynamodb/1.12.270/aws-java-sdk-dynamodb-1.12.270.pom
11:07:40.367 [StreamPumper-systemOut] DEBUG - [INFO] Downloaded from central: https://repo.maven.apache.org/maven2/com/amazonaws/aws-java-sdk-dynamodb/1.12.270/aws-java-sdk-dynamodb-1.12.270.pom (4.4 kB at 21 kB/s)
11:07:40.369 [StreamPumper-systemOut] DEBUG - [INFO] Downloading from central: https://repo.maven.apache.org/maven2/com/google/apis/google-api-services-bigquery/v2-rev325-1.22.0/google-api-services-bigquery-v2-rev325-1.22.0.pom
11:07:40.602 [StreamPumper-systemOut] DEBUG - [INFO] Downloaded from central: https://repo.maven.apache.org/maven2/com/google/apis/google-api-services-bigquery/v2-rev325-1.22.0/google-api-services-bigquery-v2-rev325-1.22.0.pom (2.6 kB at 11 kB/s)
11:07:40.604 [StreamPumper-systemOut] DEBUG - [INFO] Downloading from central: https://repo.maven.apache.org/maven2/com/google/api-client/google-api-client/1.22.0/google-api-client-1.22.0.pom
11:07:40.622 [StreamPumper-systemOut] DEBUG - [INFO] Downloaded from central: https://repo.maven.apache.org/maven2/com/google/api-client/google-api-client/1.22.0/google-api-client-1.22.0.pom (3.9 kB at 217 kB/s)
11:07:40.623 [StreamPumper-systemOut] DEBUG - [INFO] Downloading from central: https://repo.maven.apache.org/maven2/com/google/api-client/google-api-client-parent/1.22.0/google-api-client-parent-1.22.0.pom
11:07:40.640 [StreamPumper-systemOut] DEBUG - [INFO] Downloaded from central: https://repo.maven.apache.org/maven2/com/google/api-client/google-api-client-parent/1.22.0/google-api-client-parent-1.22.0.pom (25 kB at 1.4 MB/s)
11:07:40.642 [StreamPumper-systemOut] DEBUG - [INFO] Downloading from central: https://repo.maven.apache.org/maven2/com/google/oauth-client/google-oauth-client/1.22.0/google-oauth-client-1.22.0.pom
11:07:40.764 [StreamPumper-systemOut] DEBUG - [INFO] Downloaded from central: https://repo.maven.apache.org/maven2/com/google/oauth-client/google-oauth-client/1.22.0/google-oauth-client-1.22.0.pom (2.9 kB at 24 kB/s)
11:07:40.765 [StreamPumper-systemOut] DEBUG - [INFO] Downloading from central: https://repo.maven.apache.org/maven2/com/google/oauth-client/google-oauth-client-parent/1.22.0/google-oauth-client-parent-1.22.0.pom
11:07:40.785 [StreamPumper-systemOut] DEBUG - [INFO] Downloaded from central: https://repo.maven.apache.org/maven2/com/google/oauth-client/google-oauth-client-parent/1.22.0/google-oauth-client-parent-1.22.0.pom (21 kB at 1.1 MB/s)
11:07:40.787 [StreamPumper-systemOut] DEBUG - [INFO] Downloading from central: https://repo.maven.apache.org/maven2/com/google/http-client/google-http-client/1.22.0/google-http-client-1.22.0.pom
11:07:40.807 [StreamPumper-systemOut] DEBUG - [INFO] Downloaded from central: https://repo.maven.apache.org/maven2/com/google/http-client/google-http-client/1.22.0/google-http-client-1.22.0.pom (5.1 kB at 270 kB/s)
11:07:40.808 [StreamPumper-systemOut] DEBUG - [INFO] Downloading from central: https://repo.maven.apache.org/maven2/com/google/http-client/google-http-client-parent/1.22.0/google-http-client-parent-1.22.0.pom
11:07:40.826 [StreamPumper-systemOut] DEBUG - [INFO] Downloaded from central: https://repo.maven.apache.org/maven2/com/google/http-client/google-http-client-parent/1.22.0/google-http-client-parent-1.22.0.pom (25 kB at 1.4 MB/s)
11:07:40.828 [StreamPumper-systemOut] DEBUG - [INFO] Downloading from central: https://repo.maven.apache.org/maven2/org/apache/httpcomponents/httpclient/4.0.1/httpclient-4.0.1.pom
11:07:40.857 [StreamPumper-systemOut] DEBUG - [INFO] Downloaded from central: https://repo.maven.apache.org/maven2/org/apache/httpcomponents/httpclient/4.0.1/httpclient-4.0.1.pom (6.8 kB at 234 kB/s)
11:07:40.858 [StreamPumper-systemOut] DEBUG - [INFO] Downloading from central: https://repo.maven.apache.org/maven2/org/apache/httpcomponents/httpcomponents-client/4.0.1/httpcomponents-client-4.0.1.pom
11:07:40.875 [StreamPumper-systemOut] DEBUG - [INFO] Downloaded from central: https://repo.maven.apache.org/maven2/org/apache/httpcomponents/httpcomponents-client/4.0.1/httpcomponents-client-4.0.1.pom (9.2 kB at 541 kB/s)
11:07:40.879 [StreamPumper-systemOut] DEBUG - [INFO] Downloading from central: https://repo.maven.apache.org/maven2/com/google/http-client/google-http-client-jackson2/1.22.0/google-http-client-jackson2-1.22.0.pom
11:07:40.897 [StreamPumper-systemOut] DEBUG - [INFO] Downloaded from central: https://repo.maven.apache.org/maven2/com/google/http-client/google-http-client-jackson2/1.22.0/google-http-client-jackson2-1.22.0.pom (2.8 kB at 153 kB/s)
11:07:40.899 [StreamPumper-systemOut] DEBUG - [INFO] Downloading from central: https://repo.maven.apache.org/maven2/com/fasterxml/jackson/core/jackson-core/2.1.3/jackson-core-2.1.3.pom
11:07:41.021 [StreamPumper-systemOut] DEBUG - [INFO] Downloaded from central: https://repo.maven.apache.org/maven2/com/fasterxml/jackson/core/jackson-core/2.1.3/jackson-core-2.1.3.pom (5.6 kB at 47 kB/s)
11:07:41.023 [StreamPumper-systemOut] DEBUG - [INFO] Downloading from central: https://repo.maven.apache.org/maven2/com/google/apis/google-api-services-storage/v1-rev20190910-1.30.3/google-api-services-storage-v1-rev20190910-1.30.3.pom
11:07:41.241 [StreamPumper-systemOut] DEBUG - [INFO] Downloaded from central: https://repo.maven.apache.org/maven2/com/google/apis/google-api-services-storage/v1-rev20190910-1.30.3/google-api-services-storage-v1-rev20190910-1.30.3.pom (4.8 kB at 22 kB/s)
11:07:41.243 [StreamPumper-systemOut] DEBUG - [INFO] Downloading from central: https://repo.maven.apache.org/maven2/com/google/api-client/google-api-client/1.30.3/google-api-client-1.30.3.pom
11:07:41.363 [StreamPumper-systemOut] DEBUG - [INFO] Downloaded from central: https://repo.maven.apache.org/maven2/com/google/api-client/google-api-client/1.30.3/google-api-client-1.30.3.pom (5.0 kB at 41 kB/s)
11:07:41.364 [StreamPumper-systemOut] DEBUG - [INFO] Downloading from central: https://repo.maven.apache.org/maven2/com/google/api-client/google-api-client-parent/1.30.3/google-api-client-parent-1.30.3.pom
11:07:41.583 [StreamPumper-systemOut] DEBUG - [INFO] Downloaded from central: https://repo.maven.apache.org/maven2/com/google/api-client/google-api-client-parent/1.30.3/google-api-client-parent-1.30.3.pom (20 kB at 93 kB/s)
11:07:41.585 [StreamPumper-systemOut] DEBUG - [INFO] Downloading from central: https://repo.maven.apache.org/maven2/com/google/http-client/google-http-client-bom/1.32.0/google-http-client-bom-1.32.0.pom
11:07:41.806 [StreamPumper-systemOut] DEBUG - [INFO] Downloaded from central: https://repo.maven.apache.org/maven2/com/google/http-client/google-http-client-bom/1.32.0/google-http-client-bom-1.32.0.pom (6.6 kB at 30 kB/s)
11:07:41.808 [StreamPumper-systemOut] DEBUG - [INFO] Downloading from central: https://repo.maven.apache.org/maven2/com/google/oauth-client/google-oauth-client-bom/1.30.2/google-oauth-client-bom-1.30.2.pom
11:07:42.031 [StreamPumper-systemOut] DEBUG - [INFO] Downloaded from central: https://repo.maven.apache.org/maven2/com/google/oauth-client/google-oauth-client-bom/1.30.2/google-oauth-client-bom-1.30.2.pom (5.4 kB at 24 kB/s)
11:07:42.033 [StreamPumper-systemOut] DEBUG - [INFO] Downloading from central: https://repo.maven.apache.org/maven2/com/google/oauth-client/google-oauth-client/1.30.2/google-oauth-client-1.30.2.pom
11:07:42.250 [StreamPumper-systemOut] DEBUG - [INFO] Downloaded from central: https://repo.maven.apache.org/maven2/com/google/oauth-client/google-oauth-client/1.30.2/google-oauth-client-1.30.2.pom (3.6 kB at 16 kB/s)
11:07:42.251 [StreamPumper-systemOut] DEBUG - [INFO] Downloading from central: https://repo.maven.apache.org/maven2/com/google/oauth-client/google-oauth-client-parent/1.30.2/google-oauth-client-parent-1.30.2.pom
11:07:42.468 [StreamPumper-systemOut] DEBUG - [INFO] Downloaded from central: https://repo.maven.apache.org/maven2/com/google/oauth-client/google-oauth-client-parent/1.30.2/google-oauth-client-parent-1.30.2.pom (19 kB at 86 kB/s)
11:07:42.471 [StreamPumper-systemOut] DEBUG - [INFO] Downloading from central: https://repo.maven.apache.org/maven2/com/google/http-client/google-http-client/1.32.0/google-http-client-1.32.0.pom
11:07:42.488 [StreamPumper-systemOut] DEBUG - [INFO] Downloaded from central: https://repo.maven.apache.org/maven2/com/google/http-client/google-http-client/1.32.0/google-http-client-1.32.0.pom (5.4 kB at 299 kB/s)
11:07:42.489 [StreamPumper-systemOut] DEBUG - [INFO] Downloading from central: https://repo.maven.apache.org/maven2/com/google/http-client/google-http-client-parent/1.32.0/google-http-client-parent-1.32.0.pom
11:07:42.509 [StreamPumper-systemOut] DEBUG - [INFO] Downloaded from central: https://repo.maven.apache.org/maven2/com/google/http-client/google-http-client-parent/1.32.0/google-http-client-parent-1.32.0.pom (24 kB at 1.2 MB/s)
11:07:42.511 [StreamPumper-systemOut] DEBUG - [INFO] Downloading from central: https://repo.maven.apache.org/maven2/org/apache/httpcomponents/httpclient/4.5.9/httpclient-4.5.9.pom
11:07:42.526 [StreamPumper-systemOut] DEBUG - [INFO] Downloaded from central: https://repo.maven.apache.org/maven2/org/apache/httpcomponents/httpclient/4.5.9/httpclient-4.5.9.pom (6.6 kB at 441 kB/s)
11:07:42.527 [StreamPumper-systemOut] DEBUG - [INFO] Downloading from central: https://repo.maven.apache.org/maven2/org/apache/httpcomponents/httpcomponents-client/4.5.9/httpcomponents-client-4.5.9.pom
11:07:42.542 [StreamPumper-systemOut] DEBUG - [INFO] Downloaded from central: https://repo.maven.apache.org/maven2/org/apache/httpcomponents/httpcomponents-client/4.5.9/httpcomponents-client-4.5.9.pom (16 kB at 1.1 MB/s)
11:07:42.545 [StreamPumper-systemOut] DEBUG - [INFO] Downloading from central: https://repo.maven.apache.org/maven2/com/google/guava/guava/28.0-android/guava-28.0-android.pom
11:07:42.563 [StreamPumper-systemOut] DEBUG - [INFO] Downloaded from central: https://repo.maven.apache.org/maven2/com/google/guava/guava/28.0-android/guava-28.0-android.pom (8.7 kB at 485 kB/s)
11:07:42.564 [StreamPumper-systemOut] DEBUG - [INFO] Downloading from central: https://repo.maven.apache.org/maven2/com/google/guava/guava-parent/28.0-android/guava-parent-28.0-android.pom
11:07:42.582 [StreamPumper-systemOut] DEBUG - [INFO] Downloaded from central: https://repo.maven.apache.org/maven2/com/google/guava/guava-parent/28.0-android/guava-parent-28.0-android.pom (13 kB at 766 kB/s)
11:07:42.586 [StreamPumper-systemOut] DEBUG - [INFO] Downloading from central: https://repo.maven.apache.org/maven2/io/opencensus/opencensus-api/0.24.0/opencensus-api-0.24.0.pom
11:07:42.602 [StreamPumper-systemOut] DEBUG - [INFO] Downloaded from central: https://repo.maven.apache.org/maven2/io/opencensus/opencensus-api/0.24.0/opencensus-api-0.24.0.pom (2.2 kB at 140 kB/s)
11:07:42.603 [StreamPumper-systemOut] DEBUG - [INFO] Downloading from central: https://repo.maven.apache.org/maven2/io/grpc/grpc-context/1.22.1/grpc-context-1.22.1.pom
11:07:42.619 [StreamPumper-systemOut] DEBUG - [INFO] Downloaded from central: https://repo.maven.apache.org/maven2/io/grpc/grpc-context/1.22.1/grpc-context-1.22.1.pom (1.2 kB at 75 kB/s)
11:07:42.620 [StreamPumper-systemOut] DEBUG - [INFO] Downloading from central: https://repo.maven.apache.org/maven2/io/opencensus/opencensus-contrib-http-util/0.24.0/opencensus-contrib-http-util-0.24.0.pom
11:07:42.636 [StreamPumper-systemOut] DEBUG - [INFO] Downloaded from central: https://repo.maven.apache.org/maven2/io/opencensus/opencensus-contrib-http-util/0.24.0/opencensus-contrib-http-util-0.24.0.pom (2.4 kB at 152 kB/s)
11:07:42.637 [StreamPumper-systemOut] DEBUG - [INFO] Downloading from central: https://repo.maven.apache.org/maven2/com/google/guava/guava/26.0-android/guava-26.0-android.pom
11:07:42.654 [StreamPumper-systemOut] DEBUG - [INFO] Downloaded from central: https://repo.maven.apache.org/maven2/com/google/guava/guava/26.0-android/guava-26.0-android.pom (7.8 kB at 458 kB/s)
11:07:42.656 [StreamPumper-systemOut] DEBUG - [INFO] Downloading from central: https://repo.maven.apache.org/maven2/com/google/http-client/google-http-client-jackson2/1.32.0/google-http-client-jackson2-1.32.0.pom
11:07:42.876 [StreamPumper-systemOut] DEBUG - [INFO] Downloaded from central: https://repo.maven.apache.org/maven2/com/google/http-client/google-http-client-jackson2/1.32.0/google-http-client-jackson2-1.32.0.pom (3.1 kB at 14 kB/s)
11:07:42.878 [StreamPumper-systemOut] DEBUG - [INFO] Downloading from central: https://repo.maven.apache.org/maven2/io/fabric8/kubernetes-client/5.12.1/kubernetes-client-5.12.1.pom
11:07:43.095 [StreamPumper-systemOut] DEBUG - [INFO] Downloaded from central: https://repo.maven.apache.org/maven2/io/fabric8/kubernetes-client/5.12.1/kubernetes-client-5.12.1.pom (13 kB at 59 kB/s)
11:07:43.097 [StreamPumper-systemOut] DEBUG - [INFO] Downloading from central: https://repo.maven.apache.org/maven2/io/fabric8/kubernetes-client-project/5.12.1/kubernetes-client-project-5.12.1.pom
11:07:43.217 [StreamPumper-systemOut] DEBUG - [INFO] Downloaded from central: https://repo.maven.apache.org/maven2/io/fabric8/kubernetes-client-project/5.12.1/kubernetes-client-project-5.12.1.pom (48 kB at 401 kB/s)
11:07:43.221 [StreamPumper-systemOut] DEBUG - [INFO] Downloading from central: https://repo.maven.apache.org/maven2/io/fabric8/kubernetes-model-core/5.12.1/kubernetes-model-core-5.12.1.pom
11:07:43.444 [StreamPumper-systemOut] DEBUG - [INFO] Downloaded from central: https://repo.maven.apache.org/maven2/io/fabric8/kubernetes-model-core/5.12.1/kubernetes-model-core-5.12.1.pom (10 kB at 45 kB/s)
11:07:43.445 [StreamPumper-systemOut] DEBUG - [INFO] Downloading from central: https://repo.maven.apache.org/maven2/io/fabric8/kubernetes-model-generator/5.12.1/kubernetes-model-generator-5.12.1.pom
11:07:43.666 [StreamPumper-systemOut] DEBUG - [INFO] Downloaded from central: https://repo.maven.apache.org/maven2/io/fabric8/kubernetes-model-generator/5.12.1/kubernetes-model-generator-5.12.1.pom (12 kB at 52 kB/s)
11:07:43.668 [StreamPumper-systemOut] DEBUG - [INFO] Downloading from central: https://repo.maven.apache.org/maven2/io/fabric8/kubernetes-model-common/5.12.1/kubernetes-model-common-5.12.1.pom
11:07:43.887 [StreamPumper-systemOut] DEBUG - [INFO] Downloaded from central: https://repo.maven.apache.org/maven2/io/fabric8/kubernetes-model-common/5.12.1/kubernetes-model-common-5.12.1.pom (2.0 kB at 9.0 kB/s)
11:07:43.892 [StreamPumper-systemOut] DEBUG - [INFO] Downloading from central: https://repo.maven.apache.org/maven2/io/fabric8/kubernetes-model-rbac/5.12.1/kubernetes-model-rbac-5.12.1.pom
11:07:44.112 [StreamPumper-systemOut] DEBUG - [INFO] Downloaded from central: https://repo.maven.apache.org/maven2/io/fabric8/kubernetes-model-rbac/5.12.1/kubernetes-model-rbac-5.12.1.pom (3.2 kB at 15 kB/s)
11:07:44.114 [StreamPumper-systemOut] DEBUG - [INFO] Downloading from central: https://repo.maven.apache.org/maven2/io/fabric8/kubernetes-model-admissionregistration/5.12.1/kubernetes-model-admissionregistration-5.12.1.pom
11:07:44.235 [StreamPumper-systemOut] DEBUG - [INFO] Downloaded from central: https://repo.maven.apache.org/maven2/io/fabric8/kubernetes-model-admissionregistration/5.12.1/kubernetes-model-admissionregistration-5.12.1.pom (4.2 kB at 35 kB/s)
11:07:44.238 [StreamPumper-systemOut] DEBUG - [INFO] Downloading from central: https://repo.maven.apache.org/maven2/io/fabric8/kubernetes-model-apps/5.12.1/kubernetes-model-apps-5.12.1.pom
11:07:44.256 [StreamPumper-systemOut] DEBUG - [INFO] Downloaded from central: https://repo.maven.apache.org/maven2/io/fabric8/kubernetes-model-apps/5.12.1/kubernetes-model-apps-5.12.1.pom (3.1 kB at 161 kB/s)
11:07:44.258 [StreamPumper-systemOut] DEBUG - [INFO] Downloading from central: https://repo.maven.apache.org/maven2/io/fabric8/kubernetes-model-autoscaling/5.12.1/kubernetes-model-autoscaling-5.12.1.pom
11:07:44.482 [StreamPumper-systemOut] DEBUG - [INFO] Downloaded from central: https://repo.maven.apache.org/maven2/io/fabric8/kubernetes-model-autoscaling/5.12.1/kubernetes-model-autoscaling-5.12.1.pom (3.1 kB at 14 kB/s)
11:07:44.484 [StreamPumper-systemOut] DEBUG - [INFO] Downloading from central: https://repo.maven.apache.org/maven2/io/fabric8/kubernetes-model-apiextensions/5.12.1/kubernetes-model-apiextensions-5.12.1.pom
11:07:44.709 [StreamPumper-systemOut] DEBUG - [INFO] Downloaded from central: https://repo.maven.apache.org/maven2/io/fabric8/kubernetes-model-apiextensions/5.12.1/kubernetes-model-apiextensions-5.12.1.pom (3.1 kB at 14 kB/s)
11:07:44.712 [StreamPumper-systemOut] DEBUG - [INFO] Downloading from central: https://repo.maven.apache.org/maven2/io/fabric8/kubernetes-model-batch/5.12.1/kubernetes-model-batch-5.12.1.pom
11:07:44.934 [StreamPumper-systemOut] DEBUG - [INFO] Downloaded from central: https://repo.maven.apache.org/maven2/io/fabric8/kubernetes-model-batch/5.12.1/kubernetes-model-batch-5.12.1.pom (3.1 kB at 14 kB/s)
11:07:44.937 [StreamPumper-systemOut] DEBUG - [INFO] Downloading from central: https://repo.maven.apache.org/maven2/io/fabric8/kubernetes-model-certificates/5.12.1/kubernetes-model-certificates-5.12.1.pom
11:07:45.055 [StreamPumper-systemOut] DEBUG - [INFO] Downloaded from central: https://repo.maven.apache.org/maven2/io/fabric8/kubernetes-model-certificates/5.12.1/kubernetes-model-certificates-5.12.1.pom (3.1 kB at 26 kB/s)
11:07:45.057 [StreamPumper-systemOut] DEBUG - [INFO] Downloading from central: https://repo.maven.apache.org/maven2/io/fabric8/kubernetes-model-coordination/5.12.1/kubernetes-model-coordination-5.12.1.pom
11:07:45.186 [StreamPumper-systemOut] DEBUG - [INFO] Downloaded from central: https://repo.maven.apache.org/maven2/io/fabric8/kubernetes-model-coordination/5.12.1/kubernetes-model-coordination-5.12.1.pom (3.8 kB at 29 kB/s)
11:07:45.189 [StreamPumper-systemOut] DEBUG - [INFO] Downloading from central: https://repo.maven.apache.org/maven2/io/fabric8/kubernetes-model-discovery/5.12.1/kubernetes-model-discovery-5.12.1.pom
11:07:45.413 [StreamPumper-systemOut] DEBUG - [INFO] Downloaded from central: https://repo.maven.apache.org/maven2/io/fabric8/kubernetes-model-discovery/5.12.1/kubernetes-model-discovery-5.12.1.pom (3.1 kB at 14 kB/s)
11:07:45.416 [StreamPumper-systemOut] DEBUG - [INFO] Downloading from central: https://repo.maven.apache.org/maven2/io/fabric8/kubernetes-model-events/5.12.1/kubernetes-model-events-5.12.1.pom
11:07:45.540 [StreamPumper-systemOut] DEBUG - [INFO] Downloaded from central: https://repo.maven.apache.org/maven2/io/fabric8/kubernetes-model-events/5.12.1/kubernetes-model-events-5.12.1.pom (3.1 kB at 25 kB/s)
11:07:45.543 [StreamPumper-systemOut] DEBUG - [INFO] Downloading from central: https://repo.maven.apache.org/maven2/io/fabric8/kubernetes-model-extensions/5.12.1/kubernetes-model-extensions-5.12.1.pom
11:07:45.762 [StreamPumper-systemOut] DEBUG - [INFO] Downloaded from central: https://repo.maven.apache.org/maven2/io/fabric8/kubernetes-model-extensions/5.12.1/kubernetes-model-extensions-5.12.1.pom (3.1 kB at 14 kB/s)
11:07:45.764 [StreamPumper-systemOut] DEBUG - [INFO] Downloading from central: https://repo.maven.apache.org/maven2/io/fabric8/kubernetes-model-flowcontrol/5.12.1/kubernetes-model-flowcontrol-5.12.1.pom
11:07:45.984 [StreamPumper-systemOut] DEBUG - [INFO] Downloaded from central: https://repo.maven.apache.org/maven2/io/fabric8/kubernetes-model-flowcontrol/5.12.1/kubernetes-model-flowcontrol-5.12.1.pom (3.1 kB at 14 kB/s)
11:07:45.987 [StreamPumper-systemOut] DEBUG - [INFO] Downloading from central: https://repo.maven.apache.org/maven2/io/fabric8/kubernetes-model-networking/5.12.1/kubernetes-model-networking-5.12.1.pom
11:07:46.103 [StreamPumper-systemOut] DEBUG - [INFO] Downloaded from central: https://repo.maven.apache.org/maven2/io/fabric8/kubernetes-model-networking/5.12.1/kubernetes-model-networking-5.12.1.pom (3.1 kB at 27 kB/s)
11:07:46.106 [StreamPumper-systemOut] DEBUG - [INFO] Downloading from central: https://repo.maven.apache.org/maven2/io/fabric8/kubernetes-model-metrics/5.12.1/kubernetes-model-metrics-5.12.1.pom
11:07:46.330 [StreamPumper-systemOut] DEBUG - [INFO] Downloaded from central: https://repo.maven.apache.org/maven2/io/fabric8/kubernetes-model-metrics/5.12.1/kubernetes-model-metrics-5.12.1.pom (3.2 kB at 14 kB/s)
11:07:46.332 [StreamPumper-systemOut] DEBUG - [INFO] Downloading from central: https://repo.maven.apache.org/maven2/io/fabric8/kubernetes-model-policy/5.12.1/kubernetes-model-policy-5.12.1.pom
11:07:46.548 [StreamPumper-systemOut] DEBUG - [INFO] Downloaded from central: https://repo.maven.apache.org/maven2/io/fabric8/kubernetes-model-policy/5.12.1/kubernetes-model-policy-5.12.1.pom (3.1 kB at 14 kB/s)
11:07:46.551 [StreamPumper-systemOut] DEBUG - [INFO] Downloading from central: https://repo.maven.apache.org/maven2/io/fabric8/kubernetes-model-scheduling/5.12.1/kubernetes-model-scheduling-5.12.1.pom
11:07:46.771 [StreamPumper-systemOut] DEBUG - [INFO] Downloaded from central: https://repo.maven.apache.org/maven2/io/fabric8/kubernetes-model-scheduling/5.12.1/kubernetes-model-scheduling-5.12.1.pom (3.1 kB at 14 kB/s)
11:07:46.774 [StreamPumper-systemOut] DEBUG - [INFO] Downloading from central: https://repo.maven.apache.org/maven2/io/fabric8/kubernetes-model-storageclass/5.12.1/kubernetes-model-storageclass-5.12.1.pom
11:07:46.994 [StreamPumper-systemOut] DEBUG - [INFO] Downloaded from central: https://repo.maven.apache.org/maven2/io/fabric8/kubernetes-model-storageclass/5.12.1/kubernetes-model-storageclass-5.12.1.pom (3.1 kB at 14 kB/s)
11:07:46.997 [StreamPumper-systemOut] DEBUG - [INFO] Downloading from central: https://repo.maven.apache.org/maven2/io/fabric8/kubernetes-model-node/5.12.1/kubernetes-model-node-5.12.1.pom
11:07:47.216 [StreamPumper-systemOut] DEBUG - [INFO] Downloaded from central: https://repo.maven.apache.org/maven2/io/fabric8/kubernetes-model-node/5.12.1/kubernetes-model-node-5.12.1.pom (3.1 kB at 14 kB/s)
11:07:47.219 [StreamPumper-systemOut] DEBUG - [INFO] Downloading from central: https://repo.maven.apache.org/maven2/com/squareup/okhttp3/logging-interceptor/3.12.12/logging-interceptor-3.12.12.pom
11:07:47.243 [StreamPumper-systemOut] DEBUG - [INFO] Downloaded from central: https://repo.maven.apache.org/maven2/com/squareup/okhttp3/logging-interceptor/3.12.12/logging-interceptor-3.12.12.pom (2.0 kB at 84 kB/s)
11:07:47.244 [StreamPumper-systemOut] DEBUG - [INFO] Downloading from central: https://repo.maven.apache.org/maven2/com/squareup/okhttp3/parent/3.12.12/parent-3.12.12.pom
11:07:47.261 [StreamPumper-systemOut] DEBUG - [INFO] Downloaded from central: https://repo.maven.apache.org/maven2/com/squareup/okhttp3/parent/3.12.12/parent-3.12.12.pom (21 kB at 1.2 MB/s)
11:07:47.265 [StreamPumper-systemOut] DEBUG - [INFO] Downloading from central: https://repo.maven.apache.org/maven2/io/fabric8/zjsonpatch/0.3.0/zjsonpatch-0.3.0.pom
11:07:47.288 [StreamPumper-systemOut] DEBUG - [INFO] Downloaded from central: https://repo.maven.apache.org/maven2/io/fabric8/zjsonpatch/0.3.0/zjsonpatch-0.3.0.pom (14 kB at 602 kB/s)
11:07:47.289 [StreamPumper-systemOut] DEBUG - [INFO] Downloading from central: https://repo.maven.apache.org/maven2/com/fasterxml/jackson/core/jackson-databind/2.3.2/jackson-databind-2.3.2.pom
11:07:47.307 [StreamPumper-systemOut] DEBUG - [INFO] Downloaded from central: https://repo.maven.apache.org/maven2/com/fasterxml/jackson/core/jackson-databind/2.3.2/jackson-databind-2.3.2.pom (5.9 kB at 329 kB/s)
11:07:47.308 [StreamPumper-systemOut] DEBUG - [INFO] Downloading from central: https://repo.maven.apache.org/maven2/com/fasterxml/oss-parent/12/oss-parent-12.pom
11:07:47.325 [StreamPumper-systemOut] DEBUG - [INFO] Downloaded from central: https://repo.maven.apache.org/maven2/com/fasterxml/oss-parent/12/oss-parent-12.pom (23 kB at 1.4 MB/s)
11:07:47.327 [StreamPumper-systemOut] DEBUG - [INFO] Downloading from central: https://repo.maven.apache.org/maven2/com/fasterxml/jackson/core/jackson-annotations/2.3.0/jackson-annotations-2.3.0.pom
11:07:47.344 [StreamPumper-systemOut] DEBUG - [INFO] Downloaded from central: https://repo.maven.apache.org/maven2/com/fasterxml/jackson/core/jackson-annotations/2.3.0/jackson-annotations-2.3.0.pom (1.3 kB at 76 kB/s)
11:07:47.347 [StreamPumper-systemOut] DEBUG - [INFO] Downloading from central: https://repo.maven.apache.org/maven2/com/fasterxml/jackson/core/jackson-core/2.3.2/jackson-core-2.3.2.pom
11:07:47.366 [StreamPumper-systemOut] DEBUG - [INFO] Downloaded from central: https://repo.maven.apache.org/maven2/com/fasterxml/jackson/core/jackson-core/2.3.2/jackson-core-2.3.2.pom (6.0 kB at 314 kB/s)
11:07:47.369 [StreamPumper-systemOut] DEBUG - [INFO] Downloading from central: https://repo.maven.apache.org/maven2/com/google/auth/google-auth-library-credentials/0.18.0/google-auth-library-credentials-0.18.0.pom
11:07:47.385 [StreamPumper-systemOut] DEBUG - [INFO] Downloaded from central: https://repo.maven.apache.org/maven2/com/google/auth/google-auth-library-credentials/0.18.0/google-auth-library-credentials-0.18.0.pom (2.0 kB at 122 kB/s)
11:07:47.386 [StreamPumper-systemOut] DEBUG - [INFO] Downloading from central: https://repo.maven.apache.org/maven2/com/google/auth/google-auth-library-parent/0.18.0/google-auth-library-parent-0.18.0.pom
11:07:47.403 [StreamPumper-systemOut] DEBUG - [INFO] Downloaded from central: https://repo.maven.apache.org/maven2/com/google/auth/google-auth-library-parent/0.18.0/google-auth-library-parent-0.18.0.pom (13 kB at 790 kB/s)
11:07:47.404 [StreamPumper-systemOut] DEBUG - [INFO] Downloading from central: https://repo.maven.apache.org/maven2/com/google/http-client/google-http-client-bom/1.32.1/google-http-client-bom-1.32.1.pom
11:07:47.421 [StreamPumper-systemOut] DEBUG - [INFO] Downloaded from central: https://repo.maven.apache.org/maven2/com/google/http-client/google-http-client-bom/1.32.1/google-http-client-bom-1.32.1.pom (6.6 kB at 387 kB/s)
11:07:47.423 [StreamPumper-systemOut] DEBUG - [INFO] Downloading from central: https://repo.maven.apache.org/maven2/com/google/auth/google-auth-library-oauth2-http/0.18.0/google-auth-library-oauth2-http-0.18.0.pom
11:07:47.439 [StreamPumper-systemOut] DEBUG - [INFO] Downloaded from central: https://repo.maven.apache.org/maven2/com/google/auth/google-auth-library-oauth2-http/0.18.0/google-auth-library-oauth2-http-0.18.0.pom (3.2 kB at 212 kB/s)
11:07:47.440 [StreamPumper-systemOut] DEBUG - [INFO] Downloading from central: https://repo.maven.apache.org/maven2/com/google/auto/value/auto-value-annotations/1.6.6/auto-value-annotations-1.6.6.pom
11:07:47.459 [StreamPumper-systemOut] DEBUG - [INFO] Downloaded from central: https://repo.maven.apache.org/maven2/com/google/auto/value/auto-value-annotations/1.6.6/auto-value-annotations-1.6.6.pom (2.6 kB at 138 kB/s)
11:07:47.461 [StreamPumper-systemOut] DEBUG - [INFO] Downloading from central: https://repo.maven.apache.org/maven2/com/google/auto/value/auto-value-parent/1.6.6/auto-value-parent-1.6.6.pom
11:07:47.477 [StreamPumper-systemOut] DEBUG - [INFO] Downloaded from central: https://repo.maven.apache.org/maven2/com/google/auto/value/auto-value-parent/1.6.6/auto-value-parent-1.6.6.pom (6.1 kB at 359 kB/s)
11:07:47.479 [StreamPumper-systemOut] DEBUG - [INFO] Downloading from central: https://repo.maven.apache.org/maven2/com/google/http-client/google-http-client/1.32.1/google-http-client-1.32.1.pom
11:07:47.501 [StreamPumper-systemOut] DEBUG - [INFO] Downloaded from central: https://repo.maven.apache.org/maven2/com/google/http-client/google-http-client/1.32.1/google-http-client-1.32.1.pom (5.4 kB at 244 kB/s)
11:07:47.502 [StreamPumper-systemOut] DEBUG - [INFO] Downloading from central: https://repo.maven.apache.org/maven2/com/google/http-client/google-http-client-parent/1.32.1/google-http-client-parent-1.32.1.pom
11:07:47.524 [StreamPumper-systemOut] DEBUG - [INFO] Downloaded from central: https://repo.maven.apache.org/maven2/com/google/http-client/google-http-client-parent/1.32.1/google-http-client-parent-1.32.1.pom (24 kB at 1.1 MB/s)
11:07:47.526 [StreamPumper-systemOut] DEBUG - [INFO] Downloading from central: https://repo.maven.apache.org/maven2/org/apache/httpcomponents/httpclient/4.5.10/httpclient-4.5.10.pom
11:07:47.549 [StreamPumper-systemOut] DEBUG - [INFO] Downloaded from central: https://repo.maven.apache.org/maven2/org/apache/httpcomponents/httpclient/4.5.10/httpclient-4.5.10.pom (6.6 kB at 287 kB/s)
11:07:47.550 [StreamPumper-systemOut] DEBUG - [INFO] Downloading from central: https://repo.maven.apache.org/maven2/org/apache/httpcomponents/httpcomponents-client/4.5.10/httpcomponents-client-4.5.10.pom
11:07:47.579 [StreamPumper-systemOut] DEBUG - [INFO] Downloaded from central: https://repo.maven.apache.org/maven2/org/apache/httpcomponents/httpcomponents-client/4.5.10/httpcomponents-client-4.5.10.pom (16 kB at 565 kB/s)
11:07:47.581 [StreamPumper-systemOut] DEBUG - [INFO] Downloading from central: https://repo.maven.apache.org/maven2/org/apache/httpcomponents/httpcore/4.4.12/httpcore-4.4.12.pom
11:07:47.621 [StreamPumper-systemOut] DEBUG - [INFO] Downloaded from central: https://repo.maven.apache.org/maven2/org/apache/httpcomponents/httpcore/4.4.12/httpcore-4.4.12.pom (5.0 kB at 124 kB/s)
11:07:47.622 [StreamPumper-systemOut] DEBUG - [INFO] Downloading from central: https://repo.maven.apache.org/maven2/org/apache/httpcomponents/httpcomponents-core/4.4.12/httpcomponents-core-4.4.12.pom
11:07:47.642 [StreamPumper-systemOut] DEBUG - [INFO] Downloaded from central: https://repo.maven.apache.org/maven2/org/apache/httpcomponents/httpcomponents-core/4.4.12/httpcomponents-core-4.4.12.pom (13 kB at 644 kB/s)
11:07:47.647 [StreamPumper-systemOut] DEBUG - [INFO] Downloading from central: https://repo.maven.apache.org/maven2/com/google/http-client/google-http-client-jackson2/1.32.1/google-http-client-jackson2-1.32.1.pom
11:07:47.665 [StreamPumper-systemOut] DEBUG - [INFO] Downloaded from central: https://repo.maven.apache.org/maven2/com/google/http-client/google-http-client-jackson2/1.32.1/google-http-client-jackson2-1.32.1.pom (3.1 kB at 165 kB/s)
11:07:47.667 [StreamPumper-systemOut] DEBUG - [INFO] Downloading from central: https://repo.maven.apache.org/maven2/com/google/http-client/google-http-client/1.24.1/google-http-client-1.24.1.pom
11:07:47.685 [StreamPumper-systemOut] DEBUG - [INFO] Downloaded from central: https://repo.maven.apache.org/maven2/com/google/http-client/google-http-client/1.24.1/google-http-client-1.24.1.pom (6.1 kB at 321 kB/s)
11:07:47.687 [StreamPumper-systemOut] DEBUG - [INFO] Downloading from central: https://repo.maven.apache.org/maven2/com/google/http-client/google-http-client-parent/1.24.1/google-http-client-parent-1.24.1.pom
11:07:47.708 [StreamPumper-systemOut] DEBUG - [INFO] Downloaded from central: https://repo.maven.apache.org/maven2/com/google/http-client/google-http-client-parent/1.24.1/google-http-client-parent-1.24.1.pom (22 kB at 1.0 MB/s)
11:07:47.710 [StreamPumper-systemOut] DEBUG - [INFO] Downloading from central: https://repo.maven.apache.org/maven2/org/apache/httpcomponents/httpclient/4.5.3/httpclient-4.5.3.pom
11:07:47.733 [StreamPumper-systemOut] DEBUG - [INFO] Downloaded from central: https://repo.maven.apache.org/maven2/org/apache/httpcomponents/httpclient/4.5.3/httpclient-4.5.3.pom (6.4 kB at 278 kB/s)
11:07:47.735 [StreamPumper-systemOut] DEBUG - [INFO] Downloading from central: https://repo.maven.apache.org/maven2/org/apache/httpcomponents/httpcomponents-client/4.5.3/httpcomponents-client-4.5.3.pom
11:07:47.766 [StreamPumper-systemOut] DEBUG - [INFO] Downloaded from central: https://repo.maven.apache.org/maven2/org/apache/httpcomponents/httpcomponents-client/4.5.3/httpcomponents-client-4.5.3.pom (16 kB at 506 kB/s)
11:07:47.768 [StreamPumper-systemOut] DEBUG - [INFO] Downloading from central: https://repo.maven.apache.org/maven2/org/apache/httpcomponents/httpcore/4.4.6/httpcore-4.4.6.pom
11:07:47.786 [StreamPumper-systemOut] DEBUG - [INFO] Downloaded from central: https://repo.maven.apache.org/maven2/org/apache/httpcomponents/httpcore/4.4.6/httpcore-4.4.6.pom (5.1 kB at 284 kB/s)
11:07:47.787 [StreamPumper-systemOut] DEBUG - [INFO] Downloading from central: https://repo.maven.apache.org/maven2/org/apache/httpcomponents/httpcomponents-core/4.4.6/httpcomponents-core-4.4.6.pom
11:07:47.803 [StreamPumper-systemOut] DEBUG - [INFO] Downloaded from central: https://repo.maven.apache.org/maven2/org/apache/httpcomponents/httpcomponents-core/4.4.6/httpcomponents-core-4.4.6.pom (13 kB at 842 kB/s)
11:07:47.805 [StreamPumper-systemOut] DEBUG - [INFO] Downloading from central: https://repo.maven.apache.org/maven2/com/google/http-client/google-http-client-jackson2/1.24.1/google-http-client-jackson2-1.24.1.pom
11:07:47.927 [StreamPumper-systemOut] DEBUG - [INFO] Downloaded from central: https://repo.maven.apache.org/maven2/com/google/http-client/google-http-client-jackson2/1.24.1/google-http-client-jackson2-1.24.1.pom (2.7 kB at 23 kB/s)
11:07:47.929 [StreamPumper-systemOut] DEBUG - [INFO] Downloading from central: https://repo.maven.apache.org/maven2/com/fasterxml/jackson/core/jackson-core/2.9.2/jackson-core-2.9.2.pom
11:07:48.045 [StreamPumper-systemOut] DEBUG - [INFO] Downloaded from central: https://repo.maven.apache.org/maven2/com/fasterxml/jackson/core/jackson-core/2.9.2/jackson-core-2.9.2.pom (3.4 kB at 29 kB/s)
11:07:48.046 [StreamPumper-systemOut] DEBUG - [INFO] Downloading from central: https://repo.maven.apache.org/maven2/com/fasterxml/jackson/jackson-base/2.9.2/jackson-base-2.9.2.pom
11:07:48.164 [StreamPumper-systemOut] DEBUG - [INFO] Downloaded from central: https://repo.maven.apache.org/maven2/com/fasterxml/jackson/jackson-base/2.9.2/jackson-base-2.9.2.pom (5.6 kB at 47 kB/s)
11:07:48.166 [StreamPumper-systemOut] DEBUG - [INFO] Downloading from central: https://repo.maven.apache.org/maven2/com/fasterxml/jackson/jackson-bom/2.9.2/jackson-bom-2.9.2.pom
11:07:48.287 [StreamPumper-systemOut] DEBUG - [INFO] Downloaded from central: https://repo.maven.apache.org/maven2/com/fasterxml/jackson/jackson-bom/2.9.2/jackson-bom-2.9.2.pom (12 kB at 101 kB/s)
11:07:48.290 [StreamPumper-systemOut] DEBUG - [INFO] Downloading from central: https://repo.maven.apache.org/maven2/com/google/cloud/google-cloud-core/1.94.0/google-cloud-core-1.94.0.pom
11:07:48.413 [StreamPumper-systemOut] DEBUG - [INFO] Downloaded from central: https://repo.maven.apache.org/maven2/com/google/cloud/google-cloud-core/1.94.0/google-cloud-core-1.94.0.pom (3.3 kB at 27 kB/s)
11:07:48.414 [StreamPumper-systemOut] DEBUG - [INFO] Downloading from central: https://repo.maven.apache.org/maven2/com/google/cloud/google-cloud-core-parent/1.94.0/google-cloud-core-parent-1.94.0.pom
11:07:48.534 [StreamPumper-systemOut] DEBUG - [INFO] Downloaded from central: https://repo.maven.apache.org/maven2/com/google/cloud/google-cloud-core-parent/1.94.0/google-cloud-core-parent-1.94.0.pom (13 kB at 108 kB/s)
11:07:48.536 [StreamPumper-systemOut] DEBUG - [INFO] Downloading from central: https://repo.maven.apache.org/maven2/com/google/cloud/google-cloud-shared-config/0.9.4/google-cloud-shared-config-0.9.4.pom
11:07:48.557 [StreamPumper-systemOut] DEBUG - [INFO] Downloaded from central: https://repo.maven.apache.org/maven2/com/google/cloud/google-cloud-shared-config/0.9.4/google-cloud-shared-config-0.9.4.pom (32 kB at 1.5 MB/s)
11:07:48.568 [StreamPumper-systemOut] DEBUG - [INFO] Downloading from central: https://repo.maven.apache.org/maven2/com/google/auth/google-auth-library-bom/0.22.0/google-auth-library-bom-0.22.0.pom
11:07:48.687 [StreamPumper-systemOut] DEBUG - [INFO] Downloaded from central: https://repo.maven.apache.org/maven2/com/google/auth/google-auth-library-bom/0.22.0/google-auth-library-bom-0.22.0.pom (4.8 kB at 40 kB/s)
11:07:48.689 [StreamPumper-systemOut] DEBUG - [INFO] Downloading from central: https://repo.maven.apache.org/maven2/com/google/api/gax-bom/1.60.0/gax-bom-1.60.0.pom
11:07:48.807 [StreamPumper-systemOut] DEBUG - [INFO] Downloaded from central: https://repo.maven.apache.org/maven2/com/google/api/gax-bom/1.60.0/gax-bom-1.60.0.pom (2.7 kB at 23 kB/s)
11:07:48.809 [StreamPumper-systemOut] DEBUG - [INFO] Downloading from central: https://repo.maven.apache.org/maven2/com/google/http-client/google-http-client-bom/1.38.0/google-http-client-bom-1.38.0.pom
11:07:48.826 [StreamPumper-systemOut] DEBUG - [INFO] Downloaded from central: https://repo.maven.apache.org/maven2/com/google/http-client/google-http-client-bom/1.38.0/google-http-client-bom-1.38.0.pom (7.1 kB at 416 kB/s)
11:07:48.827 [StreamPumper-systemOut] DEBUG - [INFO] Downloading from central: https://repo.maven.apache.org/maven2/com/google/api-client/google-api-client-bom/1.30.11/google-api-client-bom-1.30.11.pom
11:07:48.944 [StreamPumper-systemOut] DEBUG - [INFO] Downloaded from central: https://repo.maven.apache.org/maven2/com/google/api-client/google-api-client-bom/1.30.11/google-api-client-bom-1.30.11.pom (6.5 kB at 55 kB/s)
11:07:48.946 [StreamPumper-systemOut] DEBUG - [INFO] Downloading from central: https://repo.maven.apache.org/maven2/io/grpc/grpc-bom/1.33.1/grpc-bom-1.33.1.pom
11:07:49.065 [StreamPumper-systemOut] DEBUG - [INFO] Downloaded from central: https://repo.maven.apache.org/maven2/io/grpc/grpc-bom/1.33.1/grpc-bom-1.33.1.pom (4.6 kB at 39 kB/s)
11:07:49.067 [StreamPumper-systemOut] DEBUG - [INFO] Downloading from central: https://repo.maven.apache.org/maven2/com/google/protobuf/protobuf-bom/3.13.0/protobuf-bom-3.13.0.pom
11:07:49.085 [StreamPumper-systemOut] DEBUG - [INFO] Downloaded from central: https://repo.maven.apache.org/maven2/com/google/protobuf/protobuf-bom/3.13.0/protobuf-bom-3.13.0.pom (3.5 kB at 197 kB/s)
11:07:49.086 [StreamPumper-systemOut] DEBUG - [INFO] Downloading from central: https://repo.maven.apache.org/maven2/com/google/guava/guava-bom/30.0-android/guava-bom-30.0-android.pom
11:07:49.204 [StreamPumper-systemOut] DEBUG - [INFO] Downloaded from central: https://repo.maven.apache.org/maven2/com/google/guava/guava-bom/30.0-android/guava-bom-30.0-android.pom (1.5 kB at 13 kB/s)
11:07:49.206 [StreamPumper-systemOut] DEBUG - [INFO] Downloading from central: https://repo.maven.apache.org/maven2/com/google/guava/guava/30.0-android/guava-30.0-android.pom
11:07:49.228 [StreamPumper-systemOut] DEBUG - [INFO] Downloaded from central: https://repo.maven.apache.org/maven2/com/google/guava/guava/30.0-android/guava-30.0-android.pom (11 kB at 521 kB/s)
11:07:49.231 [StreamPumper-systemOut] DEBUG - [INFO] Downloading from central: https://repo.maven.apache.org/maven2/com/google/guava/guava-parent/30.0-android/guava-parent-30.0-android.pom
11:07:49.253 [StreamPumper-systemOut] DEBUG - [INFO] Downloaded from central: https://repo.maven.apache.org/maven2/com/google/guava/guava-parent/30.0-android/guava-parent-30.0-android.pom (13 kB at 617 kB/s)
11:07:49.259 [StreamPumper-systemOut] DEBUG - [INFO] Downloading from central: https://repo.maven.apache.org/maven2/com/google/api/gax/1.60.0/gax-1.60.0.pom
11:07:49.380 [StreamPumper-systemOut] DEBUG - [INFO] Downloaded from central: https://repo.maven.apache.org/maven2/com/google/api/gax/1.60.0/gax-1.60.0.pom (2.3 kB at 19 kB/s)
11:07:49.381 [StreamPumper-systemOut] DEBUG - [INFO] Downloading from central: https://repo.maven.apache.org/maven2/com/google/guava/guava/29.0-android/guava-29.0-android.pom
11:07:49.396 [StreamPumper-systemOut] DEBUG - [INFO] Downloaded from central: https://repo.maven.apache.org/maven2/com/google/guava/guava/29.0-android/guava-29.0-android.pom (11 kB at 729 kB/s)
11:07:49.398 [StreamPumper-systemOut] DEBUG - [INFO] Downloading from central: https://repo.maven.apache.org/maven2/com/google/guava/guava-parent/29.0-android/guava-parent-29.0-android.pom
11:07:49.414 [StreamPumper-systemOut] DEBUG - [INFO] Downloaded from central: https://repo.maven.apache.org/maven2/com/google/guava/guava-parent/29.0-android/guava-parent-29.0-android.pom (13 kB at 807 kB/s)
11:07:49.416 [StreamPumper-systemOut] DEBUG - [INFO] Downloading from central: https://repo.maven.apache.org/maven2/org/threeten/threetenbp/1.4.1/threetenbp-1.4.1.pom
11:07:49.433 [StreamPumper-systemOut] DEBUG - [INFO] Downloaded from central: https://repo.maven.apache.org/maven2/org/threeten/threetenbp/1.4.1/threetenbp-1.4.1.pom (32 kB at 1.8 MB/s)
11:07:49.435 [StreamPumper-systemOut] DEBUG - [INFO] Downloading from central: https://repo.maven.apache.org/maven2/com/google/auth/google-auth-library-oauth2-http/0.21.0/google-auth-library-oauth2-http-0.21.0.pom
11:07:49.655 [StreamPumper-systemOut] DEBUG - [INFO] Downloaded from central: https://repo.maven.apache.org/maven2/com/google/auth/google-auth-library-oauth2-http/0.21.0/google-auth-library-oauth2-http-0.21.0.pom (3.2 kB at 14 kB/s)
11:07:49.657 [StreamPumper-systemOut] DEBUG - [INFO] Downloading from central: https://repo.maven.apache.org/maven2/com/google/auth/google-auth-library-parent/0.21.0/google-auth-library-parent-0.21.0.pom
11:07:49.774 [StreamPumper-systemOut] DEBUG - [INFO] Downloaded from central: https://repo.maven.apache.org/maven2/com/google/auth/google-auth-library-parent/0.21.0/google-auth-library-parent-0.21.0.pom (15 kB at 125 kB/s)
11:07:49.776 [StreamPumper-systemOut] DEBUG - [INFO] Downloading from central: https://repo.maven.apache.org/maven2/com/google/http-client/google-http-client-bom/1.35.0/google-http-client-bom-1.35.0.pom
11:07:49.795 [StreamPumper-systemOut] DEBUG - [INFO] Downloaded from central: https://repo.maven.apache.org/maven2/com/google/http-client/google-http-client-bom/1.35.0/google-http-client-bom-1.35.0.pom (6.6 kB at 365 kB/s)
11:07:49.797 [StreamPumper-systemOut] DEBUG - [INFO] Downloading from central: https://repo.maven.apache.org/maven2/com/google/auth/google-auth-library-credentials/0.21.0/google-auth-library-credentials-0.21.0.pom
11:07:49.914 [StreamPumper-systemOut] DEBUG - [INFO] Downloaded from central: https://repo.maven.apache.org/maven2/com/google/auth/google-auth-library-credentials/0.21.0/google-auth-library-credentials-0.21.0.pom (2.0 kB at 17 kB/s)
11:07:49.917 [StreamPumper-systemOut] DEBUG - [INFO] Downloading from central: https://repo.maven.apache.org/maven2/com/google/http-client/google-http-client/1.35.0/google-http-client-1.35.0.pom
11:07:49.932 [StreamPumper-systemOut] DEBUG - [INFO] Downloaded from central: https://repo.maven.apache.org/maven2/com/google/http-client/google-http-client/1.35.0/google-http-client-1.35.0.pom (5.4 kB at 336 kB/s)
11:07:49.933 [StreamPumper-systemOut] DEBUG - [INFO] Downloading from central: https://repo.maven.apache.org/maven2/com/google/http-client/google-http-client-parent/1.35.0/google-http-client-parent-1.35.0.pom
11:07:49.950 [StreamPumper-systemOut] DEBUG - [INFO] Downloaded from central: https://repo.maven.apache.org/maven2/com/google/http-client/google-http-client-parent/1.35.0/google-http-client-parent-1.35.0.pom (25 kB at 1.4 MB/s)
11:07:49.953 [StreamPumper-systemOut] DEBUG - [INFO] Downloading from central: https://repo.maven.apache.org/maven2/com/google/http-client/google-http-client-jackson2/1.35.0/google-http-client-jackson2-1.35.0.pom
11:07:49.969 [StreamPumper-systemOut] DEBUG - [INFO] Downloaded from central: https://repo.maven.apache.org/maven2/com/google/http-client/google-http-client-jackson2/1.35.0/google-http-client-jackson2-1.35.0.pom (3.1 kB at 195 kB/s)
11:07:49.973 [StreamPumper-systemOut] DEBUG - [INFO] Downloading from central: https://repo.maven.apache.org/maven2/com/google/api/api-common/1.9.3/api-common-1.9.3.pom
11:07:50.088 [StreamPumper-systemOut] DEBUG - [INFO] Downloaded from central: https://repo.maven.apache.org/maven2/com/google/api/api-common/1.9.3/api-common-1.9.3.pom (2.3 kB at 20 kB/s)
11:07:50.090 [StreamPumper-systemOut] DEBUG - [INFO] Downloading from central: https://repo.maven.apache.org/maven2/com/google/auto/value/auto-value-annotations/1.7.4/auto-value-annotations-1.7.4.pom
11:07:50.108 [StreamPumper-systemOut] DEBUG - [INFO] Downloaded from central: https://repo.maven.apache.org/maven2/com/google/auto/value/auto-value-annotations/1.7.4/auto-value-annotations-1.7.4.pom (2.7 kB at 150 kB/s)
11:07:50.110 [StreamPumper-systemOut] DEBUG - [INFO] Downloading from central: https://repo.maven.apache.org/maven2/com/google/auto/value/auto-value-parent/1.7.4/auto-value-parent-1.7.4.pom
11:07:50.127 [StreamPumper-systemOut] DEBUG - [INFO] Downloaded from central: https://repo.maven.apache.org/maven2/com/google/auto/value/auto-value-parent/1.7.4/auto-value-parent-1.7.4.pom (6.1 kB at 339 kB/s)
11:07:50.128 [StreamPumper-systemOut] DEBUG - [INFO] Downloading from central: https://repo.maven.apache.org/maven2/com/google/protobuf/protobuf-java-util/3.13.0/protobuf-java-util-3.13.0.pom
11:07:50.146 [StreamPumper-systemOut] DEBUG - [INFO] Downloaded from central: https://repo.maven.apache.org/maven2/com/google/protobuf/protobuf-java-util/3.13.0/protobuf-java-util-3.13.0.pom (4.8 kB at 265 kB/s)
11:07:50.147 [StreamPumper-systemOut] DEBUG - [INFO] Downloading from central: https://repo.maven.apache.org/maven2/com/google/protobuf/protobuf-parent/3.13.0/protobuf-parent-3.13.0.pom
11:07:50.166 [StreamPumper-systemOut] DEBUG - [INFO] Downloaded from central: https://repo.maven.apache.org/maven2/com/google/protobuf/protobuf-parent/3.13.0/protobuf-parent-3.13.0.pom (7.7 kB at 404 kB/s)
11:07:50.167 [StreamPumper-systemOut] DEBUG - [INFO] Downloading from central: https://repo.maven.apache.org/maven2/com/google/protobuf/protobuf-java/3.13.0/protobuf-java-3.13.0.pom
11:07:50.185 [StreamPumper-systemOut] DEBUG - [INFO] Downloaded from central: https://repo.maven.apache.org/maven2/com/google/protobuf/protobuf-java/3.13.0/protobuf-java-3.13.0.pom (5.6 kB at 309 kB/s)
11:07:50.186 [StreamPumper-systemOut] DEBUG - [INFO] Downloading from central: https://repo.maven.apache.org/maven2/com/google/code/gson/gson/2.8.6/gson-2.8.6.pom
11:07:50.201 [StreamPumper-systemOut] DEBUG - [INFO] Downloaded from central: https://repo.maven.apache.org/maven2/com/google/code/gson/gson/2.8.6/gson-2.8.6.pom (2.5 kB at 168 kB/s)
11:07:50.202 [StreamPumper-systemOut] DEBUG - [INFO] Downloading from central: https://repo.maven.apache.org/maven2/com/google/code/gson/gson-parent/2.8.6/gson-parent-2.8.6.pom
11:07:50.218 [StreamPumper-systemOut] DEBUG - [INFO] Downloaded from central: https://repo.maven.apache.org/maven2/com/google/code/gson/gson-parent/2.8.6/gson-parent-2.8.6.pom (4.4 kB at 276 kB/s)
11:07:50.221 [StreamPumper-systemOut] DEBUG - [INFO] Downloading from central: https://repo.maven.apache.org/maven2/com/google/api/grpc/proto-google-iam-v1/1.0.3/proto-google-iam-v1-1.0.3.pom
11:07:50.356 [StreamPumper-systemOut] DEBUG - [INFO] Downloaded from central: https://repo.maven.apache.org/maven2/com/google/api/grpc/proto-google-iam-v1/1.0.3/proto-google-iam-v1-1.0.3.pom (2.5 kB at 19 kB/s)
11:07:50.358 [StreamPumper-systemOut] DEBUG - [INFO] Downloading from central: https://repo.maven.apache.org/maven2/com/google/api/grpc/proto-google-common-protos/2.0.0/proto-google-common-protos-2.0.0.pom
11:07:50.478 [StreamPumper-systemOut] DEBUG - [INFO] Downloaded from central: https://repo.maven.apache.org/maven2/com/google/api/grpc/proto-google-common-protos/2.0.0/proto-google-common-protos-2.0.0.pom (2.2 kB at 18 kB/s)
11:07:50.480 [StreamPumper-systemOut] DEBUG - [INFO] Downloading from central: https://repo.maven.apache.org/maven2/org/threeten/threetenbp/1.5.0/threetenbp-1.5.0.pom
11:07:50.604 [StreamPumper-systemOut] DEBUG - [INFO] Downloaded from central: https://repo.maven.apache.org/maven2/org/threeten/threetenbp/1.5.0/threetenbp-1.5.0.pom (32 kB at 264 kB/s)
11:07:50.606 [StreamPumper-systemOut] DEBUG - [INFO] Downloading from central: https://repo.maven.apache.org/maven2/com/google/api/api-common/1.10.1/api-common-1.10.1.pom
11:07:50.640 [StreamPumper-systemOut] DEBUG - [INFO] Downloaded from central: https://repo.maven.apache.org/maven2/com/google/api/api-common/1.10.1/api-common-1.10.1.pom (2.0 kB at 59 kB/s)
11:07:50.642 [StreamPumper-systemOut] DEBUG - [INFO] Downloading from central: https://repo.maven.apache.org/maven2/com/google/auth/google-auth-library-credentials/0.22.0/google-auth-library-credentials-0.22.0.pom
11:07:50.759 [StreamPumper-systemOut] DEBUG - [INFO] Downloaded from central: https://repo.maven.apache.org/maven2/com/google/auth/google-auth-library-credentials/0.22.0/google-auth-library-credentials-0.22.0.pom (2.0 kB at 17 kB/s)
11:07:50.761 [StreamPumper-systemOut] DEBUG - [INFO] Downloading from central: https://repo.maven.apache.org/maven2/com/google/auth/google-auth-library-parent/0.22.0/google-auth-library-parent-0.22.0.pom
11:07:50.778 [StreamPumper-systemOut] DEBUG - [INFO] Downloaded from central: https://repo.maven.apache.org/maven2/com/google/auth/google-auth-library-parent/0.22.0/google-auth-library-parent-0.22.0.pom (18 kB at 1.0 MB/s)
11:07:50.780 [StreamPumper-systemOut] DEBUG - [INFO] Downloading from central: https://repo.maven.apache.org/maven2/com/google/http-client/google-http-client-bom/1.37.0/google-http-client-bom-1.37.0.pom
11:07:50.910 [StreamPumper-systemOut] DEBUG - [INFO] Downloaded from central: https://repo.maven.apache.org/maven2/com/google/http-client/google-http-client-bom/1.37.0/google-http-client-bom-1.37.0.pom (7.1 kB at 54 kB/s)
11:07:50.912 [StreamPumper-systemOut] DEBUG - [INFO] Downloading from central: https://repo.maven.apache.org/maven2/com/google/auth/google-auth-library-oauth2-http/0.22.0/google-auth-library-oauth2-http-0.22.0.pom
11:07:51.042 [StreamPumper-systemOut] DEBUG - [INFO] Downloaded from central: https://repo.maven.apache.org/maven2/com/google/auth/google-auth-library-oauth2-http/0.22.0/google-auth-library-oauth2-http-0.22.0.pom (3.2 kB at 24 kB/s)
11:07:51.045 [StreamPumper-systemOut] DEBUG - [INFO] Downloading from central: https://repo.maven.apache.org/maven2/com/google/http-client/google-http-client/1.37.0/google-http-client-1.37.0.pom
11:07:51.150 [StreamPumper-systemOut] DEBUG - [INFO] Downloaded from central: https://repo.maven.apache.org/maven2/com/google/http-client/google-http-client/1.37.0/google-http-client-1.37.0.pom (5.9 kB at 56 kB/s)
11:07:51.151 [StreamPumper-systemOut] DEBUG - [INFO] Downloading from central: https://repo.maven.apache.org/maven2/com/google/http-client/google-http-client-parent/1.37.0/google-http-client-parent-1.37.0.pom
11:07:51.187 [StreamPumper-systemOut] DEBUG - [INFO] Downloaded from central: https://repo.maven.apache.org/maven2/com/google/http-client/google-http-client-parent/1.37.0/google-http-client-parent-1.37.0.pom (25 kB at 699 kB/s)
11:07:51.189 [StreamPumper-systemOut] DEBUG - [INFO] Downloading from central: https://repo.maven.apache.org/maven2/com/google/http-client/google-http-client-jackson2/1.37.0/google-http-client-jackson2-1.37.0.pom
11:07:51.303 [StreamPumper-systemOut] DEBUG - [INFO] Downloaded from central: https://repo.maven.apache.org/maven2/com/google/http-client/google-http-client-jackson2/1.37.0/google-http-client-jackson2-1.37.0.pom (3.1 kB at 27 kB/s)
11:07:51.308 [StreamPumper-systemOut] DEBUG - [INFO] Downloading from central: https://repo.maven.apache.org/maven2/com/google/http-client/google-http-client/1.38.0/google-http-client-1.38.0.pom
11:07:51.326 [StreamPumper-systemOut] DEBUG - [INFO] Downloaded from central: https://repo.maven.apache.org/maven2/com/google/http-client/google-http-client/1.38.0/google-http-client-1.38.0.pom (5.9 kB at 310 kB/s)
11:07:51.327 [StreamPumper-systemOut] DEBUG - [INFO] Downloading from central: https://repo.maven.apache.org/maven2/com/google/http-client/google-http-client-parent/1.38.0/google-http-client-parent-1.38.0.pom
11:07:51.346 [StreamPumper-systemOut] DEBUG - [INFO] Downloaded from central: https://repo.maven.apache.org/maven2/com/google/http-client/google-http-client-parent/1.38.0/google-http-client-parent-1.38.0.pom (25 kB at 1.3 MB/s)
11:07:51.349 [StreamPumper-systemOut] DEBUG - [INFO] Downloading from central: https://repo.maven.apache.org/maven2/com/google/http-client/google-http-client-jackson2/1.38.0/google-http-client-jackson2-1.38.0.pom
11:07:51.368 [StreamPumper-systemOut] DEBUG - [INFO] Downloaded from central: https://repo.maven.apache.org/maven2/com/google/http-client/google-http-client-jackson2/1.38.0/google-http-client-jackson2-1.38.0.pom (3.1 kB at 165 kB/s)
11:07:51.370 [StreamPumper-systemOut] DEBUG - [INFO] Downloading from central: https://repo.maven.apache.org/maven2/org/eclipse/jetty/jetty-client/9.3.11.v20160721/jetty-client-9.3.11.v20160721.pom
11:07:51.597 [StreamPumper-systemOut] DEBUG - [INFO] Downloaded from central: https://repo.maven.apache.org/maven2/org/eclipse/jetty/jetty-client/9.3.11.v20160721/jetty-client-9.3.11.v20160721.pom (2.9 kB at 13 kB/s)
11:07:51.599 [StreamPumper-systemOut] DEBUG - [INFO] Downloading from central: https://repo.maven.apache.org/maven2/org/eclipse/jetty/jetty-project/9.3.11.v20160721/jetty-project-9.3.11.v20160721.pom
11:07:51.624 [StreamPumper-systemOut] DEBUG - [INFO] Downloaded from central: https://repo.maven.apache.org/maven2/org/eclipse/jetty/jetty-project/9.3.11.v20160721/jetty-project-9.3.11.v20160721.pom (36 kB at 1.4 MB/s)
11:07:51.625 [StreamPumper-systemOut] DEBUG - [INFO] Downloading from central: https://repo.maven.apache.org/maven2/org/eclipse/jetty/jetty-parent/25/jetty-parent-25.pom
11:07:51.644 [StreamPumper-systemOut] DEBUG - [INFO] Downloaded from central: https://repo.maven.apache.org/maven2/org/eclipse/jetty/jetty-parent/25/jetty-parent-25.pom (22 kB at 1.2 MB/s)
11:07:51.646 [StreamPumper-systemOut] DEBUG - [INFO] Downloading from central: https://repo.maven.apache.org/maven2/org/eclipse/jetty/jetty-http/9.3.11.v20160721/jetty-http-9.3.11.v20160721.pom
11:07:51.763 [StreamPumper-systemOut] DEBUG - [INFO] Downloaded from central: https://repo.maven.apache.org/maven2/org/eclipse/jetty/jetty-http/9.3.11.v20160721/jetty-http-9.3.11.v20160721.pom (1.6 kB at 14 kB/s)
11:07:51.766 [StreamPumper-systemOut] DEBUG - [INFO] Downloading from central: https://repo.maven.apache.org/maven2/org/eclipse/jetty/jetty-util/9.3.11.v20160721/jetty-util-9.3.11.v20160721.pom
11:07:51.783 [StreamPumper-systemOut] DEBUG - [INFO] Downloaded from central: https://repo.maven.apache.org/maven2/org/eclipse/jetty/jetty-util/9.3.11.v20160721/jetty-util-9.3.11.v20160721.pom (2.1 kB at 122 kB/s)
11:07:51.785 [StreamPumper-systemOut] DEBUG - [INFO] Downloading from central: https://repo.maven.apache.org/maven2/org/eclipse/jetty/jetty-io/9.3.11.v20160721/jetty-io-9.3.11.v20160721.pom
11:07:51.909 [StreamPumper-systemOut] DEBUG - [INFO] Downloaded from central: https://repo.maven.apache.org/maven2/org/eclipse/jetty/jetty-io/9.3.11.v20160721/jetty-io-9.3.11.v20160721.pom (1.4 kB at 12 kB/s)
11:07:51.913 [StreamPumper-systemOut] DEBUG - [INFO] Downloading from central: https://repo.maven.apache.org/maven2/redis/clients/jedis/2.9.0/jedis-2.9.0.pom
11:07:51.935 [StreamPumper-systemOut] DEBUG - [INFO] Downloaded from central: https://repo.maven.apache.org/maven2/redis/clients/jedis/2.9.0/jedis-2.9.0.pom (5.9 kB at 266 kB/s)
11:07:51.937 [StreamPumper-systemOut] DEBUG - [INFO] Downloading from central: https://repo.maven.apache.org/maven2/org/apache/commons/commons-pool2/2.4.2/commons-pool2-2.4.2.pom
11:07:51.954 [StreamPumper-systemOut] DEBUG - [INFO] Downloaded from central: https://repo.maven.apache.org/maven2/org/apache/commons/commons-pool2/2.4.2/commons-pool2-2.4.2.pom (11 kB at 652 kB/s)
11:07:51.958 [StreamPumper-systemOut] DEBUG - [INFO] Downloading from central: https://repo.maven.apache.org/maven2/com/github/tomakehurst/wiremock/2.6.0/wiremock-2.6.0.pom
11:07:52.076 [StreamPumper-systemOut] DEBUG - [INFO] Downloaded from central: https://repo.maven.apache.org/maven2/com/github/tomakehurst/wiremock/2.6.0/wiremock-2.6.0.pom (4.9 kB at 42 kB/s)
11:07:52.077 [StreamPumper-systemOut] DEBUG - [INFO] Downloading from central: https://repo.maven.apache.org/maven2/org/eclipse/jetty/jetty-server/9.2.13.v20150730/jetty-server-9.2.13.v20150730.pom
11:07:52.198 [StreamPumper-systemOut] DEBUG - [INFO] Downloaded from central: https://repo.maven.apache.org/maven2/org/eclipse/jetty/jetty-server/9.2.13.v20150730/jetty-server-9.2.13.v20150730.pom (4.1 kB at 34 kB/s)
11:07:52.200 [StreamPumper-systemOut] DEBUG - [INFO] Downloading from central: https://repo.maven.apache.org/maven2/org/eclipse/jetty/jetty-project/9.2.13.v20150730/jetty-project-9.2.13.v20150730.pom
11:07:52.219 [StreamPumper-systemOut] DEBUG - [INFO] Downloaded from central: https://repo.maven.apache.org/maven2/org/eclipse/jetty/jetty-project/9.2.13.v20150730/jetty-project-9.2.13.v20150730.pom (37 kB at 1.9 MB/s)
11:07:52.222 [StreamPumper-systemOut] DEBUG - [INFO] Downloading from central: https://repo.maven.apache.org/maven2/org/eclipse/jetty/jetty-http/9.2.13.v20150730/jetty-http-9.2.13.v20150730.pom
11:07:52.438 [StreamPumper-systemOut] DEBUG - [INFO] Downloaded from central: https://repo.maven.apache.org/maven2/org/eclipse/jetty/jetty-http/9.2.13.v20150730/jetty-http-9.2.13.v20150730.pom (2.5 kB at 12 kB/s)
11:07:52.440 [StreamPumper-systemOut] DEBUG - [INFO] Downloading from central: https://repo.maven.apache.org/maven2/org/eclipse/jetty/jetty-util/9.2.13.v20150730/jetty-util-9.2.13.v20150730.pom
11:07:52.459 [StreamPumper-systemOut] DEBUG - [INFO] Downloaded from central: https://repo.maven.apache.org/maven2/org/eclipse/jetty/jetty-util/9.2.13.v20150730/jetty-util-9.2.13.v20150730.pom (3.6 kB at 189 kB/s)
11:07:52.460 [StreamPumper-systemOut] DEBUG - [INFO] Downloading from central: https://repo.maven.apache.org/maven2/org/eclipse/jetty/jetty-io/9.2.13.v20150730/jetty-io-9.2.13.v20150730.pom
11:07:52.478 [StreamPumper-systemOut] DEBUG - [INFO] Downloaded from central: https://repo.maven.apache.org/maven2/org/eclipse/jetty/jetty-io/9.2.13.v20150730/jetty-io-9.2.13.v20150730.pom (2.3 kB at 127 kB/s)
11:07:52.479 [StreamPumper-systemOut] DEBUG - [INFO] Downloading from central: https://repo.maven.apache.org/maven2/org/eclipse/jetty/jetty-servlet/9.2.13.v20150730/jetty-servlet-9.2.13.v20150730.pom
11:07:52.695 [StreamPumper-systemOut] DEBUG - [INFO] Downloaded from central: https://repo.maven.apache.org/maven2/org/eclipse/jetty/jetty-servlet/9.2.13.v20150730/jetty-servlet-9.2.13.v20150730.pom (3.3 kB at 15 kB/s)
11:07:52.697 [StreamPumper-systemOut] DEBUG - [INFO] Downloading from central: https://repo.maven.apache.org/maven2/org/eclipse/jetty/jetty-security/9.2.13.v20150730/jetty-security-9.2.13.v20150730.pom
11:07:52.915 [StreamPumper-systemOut] DEBUG - [INFO] Downloaded from central: https://repo.maven.apache.org/maven2/org/eclipse/jetty/jetty-security/9.2.13.v20150730/jetty-security-9.2.13.v20150730.pom (2.8 kB at 13 kB/s)
11:07:52.917 [StreamPumper-systemOut] DEBUG - [INFO] Downloading from central: https://repo.maven.apache.org/maven2/org/eclipse/jetty/jetty-servlets/9.2.13.v20150730/jetty-servlets-9.2.13.v20150730.pom
11:07:53.136 [StreamPumper-systemOut] DEBUG - [INFO] Downloaded from central: https://repo.maven.apache.org/maven2/org/eclipse/jetty/jetty-servlets/9.2.13.v20150730/jetty-servlets-9.2.13.v20150730.pom (3.8 kB at 18 kB/s)
11:07:53.138 [StreamPumper-systemOut] DEBUG - [INFO] Downloading from central: https://repo.maven.apache.org/maven2/org/eclipse/jetty/jetty-continuation/9.2.13.v20150730/jetty-continuation-9.2.13.v20150730.pom
11:07:53.258 [StreamPumper-systemOut] DEBUG - [INFO] Downloaded from central: https://repo.maven.apache.org/maven2/org/eclipse/jetty/jetty-continuation/9.2.13.v20150730/jetty-continuation-9.2.13.v20150730.pom (2.0 kB at 17 kB/s)
11:07:53.260 [StreamPumper-systemOut] DEBUG - [INFO] Downloading from central: https://repo.maven.apache.org/maven2/org/eclipse/jetty/jetty-webapp/9.2.13.v20150730/jetty-webapp-9.2.13.v20150730.pom
11:07:53.375 [StreamPumper-systemOut] DEBUG - [INFO] Downloaded from central: https://repo.maven.apache.org/maven2/org/eclipse/jetty/jetty-webapp/9.2.13.v20150730/jetty-webapp-9.2.13.v20150730.pom (3.5 kB at 31 kB/s)
11:07:53.377 [StreamPumper-systemOut] DEBUG - [INFO] Downloading from central: https://repo.maven.apache.org/maven2/org/eclipse/jetty/jetty-xml/9.2.13.v20150730/jetty-xml-9.2.13.v20150730.pom
11:07:53.594 [StreamPumper-systemOut] DEBUG - [INFO] Downloaded from central: https://repo.maven.apache.org/maven2/org/eclipse/jetty/jetty-xml/9.2.13.v20150730/jetty-xml-9.2.13.v20150730.pom (2.0 kB at 9.4 kB/s)
11:07:53.596 [StreamPumper-systemOut] DEBUG - [INFO] Downloading from central: https://repo.maven.apache.org/maven2/com/fasterxml/jackson/core/jackson-annotations/2.6.1/jackson-annotations-2.6.1.pom
11:07:53.714 [StreamPumper-systemOut] DEBUG - [INFO] Downloaded from central: https://repo.maven.apache.org/maven2/com/fasterxml/jackson/core/jackson-annotations/2.6.1/jackson-annotations-2.6.1.pom (1.2 kB at 10 kB/s)
11:07:53.717 [StreamPumper-systemOut] DEBUG - [INFO] Downloading from central: https://repo.maven.apache.org/maven2/org/apache/httpcomponents/httpcore/4.4.3/httpcore-4.4.3.pom
11:07:53.736 [StreamPumper-systemOut] DEBUG - [INFO] Downloaded from central: https://repo.maven.apache.org/maven2/org/apache/httpcomponents/httpcore/4.4.3/httpcore-4.4.3.pom (5.5 kB at 291 kB/s)
11:07:53.737 [StreamPumper-systemOut] DEBUG - [INFO] Downloading from central: https://repo.maven.apache.org/maven2/org/apache/httpcomponents/httpcomponents-core/4.4.3/httpcomponents-core-4.4.3.pom
11:07:53.755 [StreamPumper-systemOut] DEBUG - [INFO] Downloaded from central: https://repo.maven.apache.org/maven2/org/apache/httpcomponents/httpcomponents-core/4.4.3/httpcomponents-core-4.4.3.pom (13 kB at 714 kB/s)
11:07:53.757 [StreamPumper-systemOut] DEBUG - [INFO] Downloading from central: https://repo.maven.apache.org/maven2/org/xmlunit/xmlunit-core/2.3.0/xmlunit-core-2.3.0.pom
11:07:53.979 [StreamPumper-systemOut] DEBUG - [INFO] Downloaded from central: https://repo.maven.apache.org/maven2/org/xmlunit/xmlunit-core/2.3.0/xmlunit-core-2.3.0.pom (1.8 kB at 8.1 kB/s)
11:07:53.980 [StreamPumper-systemOut] DEBUG - [INFO] Downloading from central: https://repo.maven.apache.org/maven2/org/xmlunit/xmlunit-parent/2.3.0/xmlunit-parent-2.3.0.pom
11:07:54.099 [StreamPumper-systemOut] DEBUG - [INFO] Downloaded from central: https://repo.maven.apache.org/maven2/org/xmlunit/xmlunit-parent/2.3.0/xmlunit-parent-2.3.0.pom (16 kB at 134 kB/s)
11:07:54.101 [StreamPumper-systemOut] DEBUG - [INFO] Downloading from central: https://repo.maven.apache.org/maven2/org/xmlunit/xmlunit-legacy/2.3.0/xmlunit-legacy-2.3.0.pom
11:07:54.219 [StreamPumper-systemOut] DEBUG - [INFO] Downloaded from central: https://repo.maven.apache.org/maven2/org/xmlunit/xmlunit-legacy/2.3.0/xmlunit-legacy-2.3.0.pom (3.0 kB at 25 kB/s)
11:07:54.223 [StreamPumper-systemOut] DEBUG - [INFO] Downloading from central: https://repo.maven.apache.org/maven2/net/sf/jopt-simple/jopt-simple/4.9/jopt-simple-4.9.pom
11:07:54.341 [StreamPumper-systemOut] DEBUG - [INFO] Downloaded from central: https://repo.maven.apache.org/maven2/net/sf/jopt-simple/jopt-simple/4.9/jopt-simple-4.9.pom (14 kB at 118 kB/s)
11:07:54.345 [StreamPumper-systemOut] DEBUG - [INFO] Downloading from central: https://repo.maven.apache.org/maven2/com/flipkart/zjsonpatch/zjsonpatch/0.3.0/zjsonpatch-0.3.0.pom
11:07:54.465 [StreamPumper-systemOut] DEBUG - [INFO] Downloaded from central: https://repo.maven.apache.org/maven2/com/flipkart/zjsonpatch/zjsonpatch/0.3.0/zjsonpatch-0.3.0.pom (6.2 kB at 52 kB/s)
11:07:54.466 [StreamPumper-systemOut] DEBUG - [INFO] Downloading from central: https://repo.maven.apache.org/maven2/org/apache/commons/commons-collections4/4.1/commons-collections4-4.1.pom
11:07:54.482 [StreamPumper-systemOut] DEBUG - [INFO] Downloaded from central: https://repo.maven.apache.org/maven2/org/apache/commons/commons-collections4/4.1/commons-collections4-4.1.pom (21 kB at 1.3 MB/s)
11:07:54.484 [StreamPumper-systemOut] DEBUG - [INFO] Downloading from central: https://repo.maven.apache.org/maven2/com/github/jknack/handlebars/4.0.6/handlebars-4.0.6.pom
11:07:54.500 [StreamPumper-systemOut] DEBUG - [INFO] Downloaded from central: https://repo.maven.apache.org/maven2/com/github/jknack/handlebars/4.0.6/handlebars-4.0.6.pom (5.2 kB at 328 kB/s)
11:07:54.501 [StreamPumper-systemOut] DEBUG - [INFO] Downloading from central: https://repo.maven.apache.org/maven2/com/github/jknack/handlebars.java/4.0.6/handlebars.java-4.0.6.pom
11:07:54.617 [StreamPumper-systemOut] DEBUG - [INFO] Downloaded from central: https://repo.maven.apache.org/maven2/com/github/jknack/handlebars.java/4.0.6/handlebars.java-4.0.6.pom (15 kB at 130 kB/s)
11:07:54.620 [StreamPumper-systemOut] DEBUG - [INFO] Downloading from central: https://repo.maven.apache.org/maven2/org/antlr/antlr4-runtime/4.5.1-1/antlr4-runtime-4.5.1-1.pom
11:07:54.628 [StreamPumper-systemOut] DEBUG - [INFO] Downloaded from central: https://repo.maven.apache.org/maven2/org/antlr/antlr4-runtime/4.5.1-1/antlr4-runtime-4.5.1-1.pom (0 B at 0 B/s)
11:07:54.629 [StreamPumper-systemOut] DEBUG - [INFO] Downloading from central: https://repo.maven.apache.org/maven2/org/antlr/antlr4-master/4.5.1-1/antlr4-master-4.5.1-1.pom
11:07:54.636 [StreamPumper-systemOut] DEBUG - [INFO] Downloaded from central: https://repo.maven.apache.org/maven2/org/antlr/antlr4-master/4.5.1-1/antlr4-master-4.5.1-1.pom (0 B at 0 B/s)
11:07:54.638 [StreamPumper-systemOut] DEBUG - [INFO] Downloading from central: https://repo.maven.apache.org/maven2/org/slf4j/slf4j-api/1.6.4/slf4j-api-1.6.4.pom
11:07:54.654 [StreamPumper-systemOut] DEBUG - [INFO] Downloaded from central: https://repo.maven.apache.org/maven2/org/slf4j/slf4j-api/1.6.4/slf4j-api-1.6.4.pom (2.7 kB at 158 kB/s)
11:07:54.655 [StreamPumper-systemOut] DEBUG - [INFO] Downloading from central: https://repo.maven.apache.org/maven2/org/slf4j/slf4j-parent/1.6.4/slf4j-parent-1.6.4.pom
11:07:54.671 [StreamPumper-systemOut] DEBUG - [INFO] Downloaded from central: https://repo.maven.apache.org/maven2/org/slf4j/slf4j-parent/1.6.4/slf4j-parent-1.6.4.pom (12 kB at 763 kB/s)
11:07:54.672 [StreamPumper-systemOut] DEBUG - [INFO] Downloading from central: https://repo.maven.apache.org/maven2/org/eclipse/jetty/jetty-server/9.3.11.v20160721/jetty-server-9.3.11.v20160721.pom
11:07:54.789 [StreamPumper-systemOut] DEBUG - [INFO] Downloaded from central: https://repo.maven.apache.org/maven2/org/eclipse/jetty/jetty-server/9.3.11.v20160721/jetty-server-9.3.11.v20160721.pom (2.8 kB at 24 kB/s)
11:07:54.791 [StreamPumper-systemOut] DEBUG - [INFO] Downloading from central: https://repo.maven.apache.org/maven2/org/eclipse/jetty/jetty-servlet/9.3.11.v20160721/jetty-servlet-9.3.11.v20160721.pom
11:07:55.006 [StreamPumper-systemOut] DEBUG - [INFO] Downloaded from central: https://repo.maven.apache.org/maven2/org/eclipse/jetty/jetty-servlet/9.3.11.v20160721/jetty-servlet-9.3.11.v20160721.pom (2.1 kB at 9.9 kB/s)
11:07:55.008 [StreamPumper-systemOut] DEBUG - [INFO] Downloading from central: https://repo.maven.apache.org/maven2/org/eclipse/jetty/jetty-security/9.3.11.v20160721/jetty-security-9.3.11.v20160721.pom
11:07:55.126 [StreamPumper-systemOut] DEBUG - [INFO] Downloaded from central: https://repo.maven.apache.org/maven2/org/eclipse/jetty/jetty-security/9.3.11.v20160721/jetty-security-9.3.11.v20160721.pom (2.0 kB at 17 kB/s)
11:07:55.128 [StreamPumper-systemOut] DEBUG - [INFO] Downloading from central: https://repo.maven.apache.org/maven2/org/eclipse/jetty/jetty-servlets/9.3.11.v20160721/jetty-servlets-9.3.11.v20160721.pom
11:07:55.346 [StreamPumper-systemOut] DEBUG - [INFO] Downloaded from central: https://repo.maven.apache.org/maven2/org/eclipse/jetty/jetty-servlets/9.3.11.v20160721/jetty-servlets-9.3.11.v20160721.pom (2.9 kB at 13 kB/s)
11:07:55.348 [StreamPumper-systemOut] DEBUG - [INFO] Downloading from central: https://repo.maven.apache.org/maven2/org/eclipse/jetty/jetty-continuation/9.3.11.v20160721/jetty-continuation-9.3.11.v20160721.pom
11:07:55.566 [StreamPumper-systemOut] DEBUG - [INFO] Downloaded from central: https://repo.maven.apache.org/maven2/org/eclipse/jetty/jetty-continuation/9.3.11.v20160721/jetty-continuation-9.3.11.v20160721.pom (1.2 kB at 5.4 kB/s)
11:07:55.568 [StreamPumper-systemOut] DEBUG - [INFO] Downloading from central: https://repo.maven.apache.org/maven2/org/eclipse/jetty/jetty-webapp/9.3.11.v20160721/jetty-webapp-9.3.11.v20160721.pom
11:07:55.687 [StreamPumper-systemOut] DEBUG - [INFO] Downloaded from central: https://repo.maven.apache.org/maven2/org/eclipse/jetty/jetty-webapp/9.3.11.v20160721/jetty-webapp-9.3.11.v20160721.pom (2.4 kB at 20 kB/s)
11:07:55.689 [StreamPumper-systemOut] DEBUG - [INFO] Downloading from central: https://repo.maven.apache.org/maven2/org/eclipse/jetty/jetty-xml/9.3.11.v20160721/jetty-xml-9.3.11.v20160721.pom
11:07:55.905 [StreamPumper-systemOut] DEBUG - [INFO] Downloaded from central: https://repo.maven.apache.org/maven2/org/eclipse/jetty/jetty-xml/9.3.11.v20160721/jetty-xml-9.3.11.v20160721.pom (1.3 kB at 6.1 kB/s)
11:07:55.907 [StreamPumper-systemOut] DEBUG - [INFO] Downloading from central: https://repo.maven.apache.org/maven2/com/icegreen/greenmail/1.5.8/greenmail-1.5.8.pom
11:07:56.024 [StreamPumper-systemOut] DEBUG - [INFO] Downloaded from central: https://repo.maven.apache.org/maven2/com/icegreen/greenmail/1.5.8/greenmail-1.5.8.pom (3.9 kB at 34 kB/s)
11:07:56.025 [StreamPumper-systemOut] DEBUG - [INFO] Downloading from central: https://repo.maven.apache.org/maven2/com/icegreen/greenmail-parent/1.5.8/greenmail-parent-1.5.8.pom
11:07:56.144 [StreamPumper-systemOut] DEBUG - [INFO] Downloaded from central: https://repo.maven.apache.org/maven2/com/icegreen/greenmail-parent/1.5.8/greenmail-parent-1.5.8.pom (20 kB at 171 kB/s)
11:07:56.157 [StreamPumper-systemOut] DEBUG - [INFO] Downloading from central: https://repo.maven.apache.org/maven2/it/sauronsoftware/cron4j/cron4j/2.2.5/cron4j-2.2.5.jar
11:07:56.157 [StreamPumper-systemOut] DEBUG - [INFO] Downloading from central: https://repo.maven.apache.org/maven2/com/treasuredata/client/td-client/0.9.0/td-client-0.9.0.jar
11:07:56.158 [StreamPumper-systemOut] DEBUG - [INFO] Downloading from central: https://repo.maven.apache.org/maven2/com/squareup/okhttp3/okhttp-urlconnection/3.12.0/okhttp-urlconnection-3.12.0.jar
11:07:56.158 [StreamPumper-systemOut] DEBUG - [INFO] Downloading from central: https://repo.maven.apache.org/maven2/org/json/json/20171018/json-20171018.jar
11:07:56.159 [StreamPumper-systemOut] DEBUG - [INFO] Downloading from central: https://repo.maven.apache.org/maven2/com/fasterxml/jackson/datatype/jackson-datatype-json-org/2.9.9/jackson-datatype-json-org-2.9.9.jar
11:07:56.176 [StreamPumper-systemOut] DEBUG - [INFO] Downloaded from central: https://repo.maven.apache.org/maven2/it/sauronsoftware/cron4j/cron4j/2.2.5/cron4j-2.2.5.jar (36 kB at 1.7 MB/s)
11:07:56.176 [StreamPumper-systemOut] DEBUG - [INFO] Downloading from central: https://repo.maven.apache.org/maven2/org/msgpack/msgpack-core/0.8.11/msgpack-core-0.8.11.jar
11:07:56.177 [StreamPumper-systemOut] DEBUG - [INFO] Downloaded from central: https://repo.maven.apache.org/maven2/com/fasterxml/jackson/datatype/jackson-datatype-json-org/2.9.9/jackson-datatype-json-org-2.9.9.jar (17 kB at 835 kB/s)
11:07:56.177 [StreamPumper-systemOut] DEBUG - [INFO] Downloading from central: https://repo.maven.apache.org/maven2/org/postgresql/postgresql/9.4.1211/postgresql-9.4.1211.jar
11:07:56.277 [StreamPumper-systemOut] DEBUG - [INFO] Downloaded from central: https://repo.maven.apache.org/maven2/org/json/json/20171018/json-20171018.jar (62 kB at 519 kB/s)
11:07:56.277 [StreamPumper-systemOut] DEBUG - [INFO] Downloading from central: https://repo.maven.apache.org/maven2/com/amazonaws/aws-java-sdk-kms/1.12.270/aws-java-sdk-kms-1.12.270.jar
11:07:56.293 [StreamPumper-systemOut] DEBUG - [INFO] Downloaded from central: https://repo.maven.apache.org/maven2/org/msgpack/msgpack-core/0.8.11/msgpack-core-0.8.11.jar (116 kB at 863 kB/s)
11:07:56.293 [StreamPumper-systemOut] DEBUG - [INFO] Downloading from central: https://repo.maven.apache.org/maven2/com/amazonaws/aws-java-sdk-core/1.12.270/aws-java-sdk-core-1.12.270.jar
11:07:56.381 [StreamPumper-systemOut] DEBUG - [INFO] Downloaded from central: https://repo.maven.apache.org/maven2/com/squareup/okhttp3/okhttp-urlconnection/3.12.0/okhttp-urlconnection-3.12.0.jar (34 kB at 153 kB/s)
11:07:56.381 [StreamPumper-systemOut] DEBUG - [INFO] Downloading from central: https://repo.maven.apache.org/maven2/software/amazon/ion/ion-java/1.0.2/ion-java-1.0.2.jar
11:07:56.385 [StreamPumper-systemOut] DEBUG - [INFO] Downloaded from central: https://repo.maven.apache.org/maven2/com/treasuredata/client/td-client/0.9.0/td-client-0.9.0.jar (196 kB at 854 kB/s)
11:07:56.386 [StreamPumper-systemOut] DEBUG - [INFO] Downloading from central: https://repo.maven.apache.org/maven2/com/fasterxml/jackson/dataformat/jackson-dataformat-cbor/2.12.6/jackson-dataformat-cbor-2.12.6.jar
11:07:56.402 [StreamPumper-systemOut] DEBUG - [INFO] Downloaded from central: https://repo.maven.apache.org/maven2/software/amazon/ion/ion-java/1.0.2/ion-java-1.0.2.jar (565 kB at 2.3 MB/s)
11:07:56.402 [StreamPumper-systemOut] DEBUG - [INFO] Downloading from central: https://repo.maven.apache.org/maven2/com/amazonaws/jmespath-java/1.12.270/jmespath-java-1.12.270.jar
11:07:56.410 [StreamPumper-systemOut] DEBUG - [INFO] Downloaded from central: https://repo.maven.apache.org/maven2/org/postgresql/postgresql/9.4.1211/postgresql-9.4.1211.jar (678 kB at 2.7 MB/s)
11:07:56.410 [StreamPumper-systemOut] DEBUG - [INFO] Downloading from central: https://repo.maven.apache.org/maven2/com/amazonaws/aws-java-sdk-sts/1.12.270/aws-java-sdk-sts-1.12.270.jar
11:07:56.499 [StreamPumper-systemOut] DEBUG - [INFO] Downloaded from central: https://repo.maven.apache.org/maven2/com/amazonaws/aws-java-sdk-kms/1.12.270/aws-java-sdk-kms-1.12.270.jar (656 kB at 1.9 MB/s)
11:07:56.499 [StreamPumper-systemOut] DEBUG - [INFO] Downloading from central: https://repo.maven.apache.org/maven2/com/amazonaws/aws-java-sdk-ecs/1.12.270/aws-java-sdk-ecs-1.12.270.jar
11:07:56.503 [StreamPumper-systemOut] DEBUG - [INFO] Downloaded from central: https://repo.maven.apache.org/maven2/com/fasterxml/jackson/dataformat/jackson-dataformat-cbor/2.12.6/jackson-dataformat-cbor-2.12.6.jar (62 kB at 178 kB/s)
11:07:56.503 [StreamPumper-systemOut] DEBUG - [INFO] Downloading from central: https://repo.maven.apache.org/maven2/com/amazonaws/aws-java-sdk-logs/1.12.270/aws-java-sdk-logs-1.12.270.jar
11:07:56.528 [StreamPumper-systemOut] DEBUG - [INFO] Downloaded from central: https://repo.maven.apache.org/maven2/com/amazonaws/aws-java-sdk-sts/1.12.270/aws-java-sdk-sts-1.12.270.jar (151 kB at 407 kB/s)
11:07:56.528 [StreamPumper-systemOut] DEBUG - [INFO] Downloading from central: https://repo.maven.apache.org/maven2/com/amazonaws/aws-java-sdk-s3/1.12.270/aws-java-sdk-s3-1.12.270.jar
11:07:56.532 [StreamPumper-systemOut] DEBUG - [INFO] Downloaded from central: https://repo.maven.apache.org/maven2/com/amazonaws/aws-java-sdk-core/1.12.270/aws-java-sdk-core-1.12.270.jar (1.0 MB at 2.8 MB/s)
11:07:56.532 [StreamPumper-systemOut] DEBUG - [INFO] Downloading from central: https://repo.maven.apache.org/maven2/com/amazonaws/aws-java-sdk-emr/1.12.270/aws-java-sdk-emr-1.12.270.jar
11:07:56.617 [StreamPumper-systemOut] DEBUG - [INFO] Downloaded from central: https://repo.maven.apache.org/maven2/com/amazonaws/jmespath-java/1.12.270/jmespath-java-1.12.270.jar (28 kB at 60 kB/s)
11:07:56.617 [StreamPumper-systemOut] DEBUG - [INFO] Downloading from central: https://repo.maven.apache.org/maven2/com/amazonaws/aws-java-sdk-dynamodb/1.12.270/aws-java-sdk-dynamodb-1.12.270.jar
11:07:56.739 [StreamPumper-systemOut] DEBUG - [INFO] Downloaded from central: https://repo.maven.apache.org/maven2/com/amazonaws/aws-java-sdk-ecs/1.12.270/aws-java-sdk-ecs-1.12.270.jar (1.2 MB at 2.1 MB/s)
11:07:56.739 [StreamPumper-systemOut] DEBUG - [INFO] Downloading from central: https://repo.maven.apache.org/maven2/com/google/apis/google-api-services-bigquery/v2-rev325-1.22.0/google-api-services-bigquery-v2-rev325-1.22.0.jar
11:07:56.741 [StreamPumper-systemOut] DEBUG - [INFO] Downloaded from central: https://repo.maven.apache.org/maven2/com/amazonaws/aws-java-sdk-logs/1.12.270/aws-java-sdk-logs-1.12.270.jar (568 kB at 974 kB/s)
11:07:56.741 [StreamPumper-systemOut] DEBUG - [INFO] Downloading from central: https://repo.maven.apache.org/maven2/com/google/api-client/google-api-client/1.22.0/google-api-client-1.22.0.jar
11:07:56.764 [StreamPumper-systemOut] DEBUG - [INFO] Downloaded from central: https://repo.maven.apache.org/maven2/com/amazonaws/aws-java-sdk-s3/1.12.270/aws-java-sdk-s3-1.12.270.jar (1.3 MB at 2.1 MB/s)
11:07:56.764 [StreamPumper-systemOut] DEBUG - [INFO] Downloading from central: https://repo.maven.apache.org/maven2/com/google/apis/google-api-services-storage/v1-rev20190910-1.30.3/google-api-services-storage-v1-rev20190910-1.30.3.jar
11:07:56.770 [StreamPumper-systemOut] DEBUG - [INFO] Downloaded from central: https://repo.maven.apache.org/maven2/com/amazonaws/aws-java-sdk-emr/1.12.270/aws-java-sdk-emr-1.12.270.jar (1.2 MB at 1.9 MB/s)
11:07:56.770 [StreamPumper-systemOut] DEBUG - [INFO] Downloading from central: https://repo.maven.apache.org/maven2/io/fabric8/kubernetes-client/5.12.1/kubernetes-client-5.12.1.jar
11:07:56.862 [StreamPumper-systemOut] DEBUG - [INFO] Downloaded from central: https://repo.maven.apache.org/maven2/com/amazonaws/aws-java-sdk-dynamodb/1.12.270/aws-java-sdk-dynamodb-1.12.270.jar (2.0 MB at 2.8 MB/s)
11:07:56.862 [StreamPumper-systemOut] DEBUG - [INFO] Downloading from central: https://repo.maven.apache.org/maven2/io/fabric8/kubernetes-model-core/5.12.1/kubernetes-model-core-5.12.1.jar
11:07:56.863 [StreamPumper-systemOut] DEBUG - [INFO] Downloaded from central: https://repo.maven.apache.org/maven2/com/google/api-client/google-api-client/1.22.0/google-api-client-1.22.0.jar (199 kB at 282 kB/s)
11:07:56.863 [StreamPumper-systemOut] DEBUG - [INFO] Downloading from central: https://repo.maven.apache.org/maven2/io/fabric8/kubernetes-model-common/5.12.1/kubernetes-model-common-5.12.1.jar
11:07:56.889 [StreamPumper-systemOut] DEBUG - [INFO] Downloaded from central: https://repo.maven.apache.org/maven2/com/google/apis/google-api-services-storage/v1-rev20190910-1.30.3/google-api-services-storage-v1-rev20190910-1.30.3.jar (186 kB at 254 kB/s)
11:07:56.889 [StreamPumper-systemOut] DEBUG - [INFO] Downloading from central: https://repo.maven.apache.org/maven2/io/fabric8/kubernetes-model-rbac/5.12.1/kubernetes-model-rbac-5.12.1.jar
11:07:56.904 [StreamPumper-systemOut] DEBUG - [INFO] Downloaded from central: https://repo.maven.apache.org/maven2/io/fabric8/kubernetes-client/5.12.1/kubernetes-client-5.12.1.jar (857 kB at 1.2 MB/s)
11:07:56.904 [StreamPumper-systemOut] DEBUG - [INFO] Downloading from central: https://repo.maven.apache.org/maven2/io/fabric8/kubernetes-model-admissionregistration/5.12.1/kubernetes-model-admissionregistration-5.12.1.jar
11:07:56.981 [StreamPumper-systemOut] DEBUG - [INFO] Downloaded from central: https://repo.maven.apache.org/maven2/io/fabric8/kubernetes-model-common/5.12.1/kubernetes-model-common-5.12.1.jar (20 kB at 24 kB/s)
11:07:56.981 [StreamPumper-systemOut] DEBUG - [INFO] Downloading from central: https://repo.maven.apache.org/maven2/io/fabric8/kubernetes-model-apps/5.12.1/kubernetes-model-apps-5.12.1.jar
11:07:57.024 [StreamPumper-systemOut] DEBUG - [INFO] Downloaded from central: https://repo.maven.apache.org/maven2/io/fabric8/kubernetes-model-admissionregistration/5.12.1/kubernetes-model-admissionregistration-5.12.1.jar (776 kB at 896 kB/s)
11:07:57.024 [StreamPumper-systemOut] DEBUG - [INFO] Downloading from central: https://repo.maven.apache.org/maven2/io/fabric8/kubernetes-model-autoscaling/5.12.1/kubernetes-model-autoscaling-5.12.1.jar
11:07:57.088 [StreamPumper-systemOut] DEBUG - [INFO] Downloaded from central: https://repo.maven.apache.org/maven2/com/google/apis/google-api-services-bigquery/v2-rev325-1.22.0/google-api-services-bigquery-v2-rev325-1.22.0.jar (107 kB at 115 kB/s)
11:07:57.088 [StreamPumper-systemOut] DEBUG - [INFO] Downloading from central: https://repo.maven.apache.org/maven2/io/fabric8/kubernetes-model-apiextensions/5.12.1/kubernetes-model-apiextensions-5.12.1.jar
11:07:57.116 [StreamPumper-systemOut] DEBUG - [INFO] Downloaded from central: https://repo.maven.apache.org/maven2/io/fabric8/kubernetes-model-rbac/5.12.1/kubernetes-model-rbac-5.12.1.jar (177 kB at 185 kB/s)
11:07:57.116 [StreamPumper-systemOut] DEBUG - [INFO] Downloading from central: https://repo.maven.apache.org/maven2/io/fabric8/kubernetes-model-batch/5.12.1/kubernetes-model-batch-5.12.1.jar
11:07:57.168 [StreamPumper-systemOut] DEBUG - [INFO] Downloaded from central: https://repo.maven.apache.org/maven2/io/fabric8/kubernetes-model-core/5.12.1/kubernetes-model-core-5.12.1.jar (4.2 MB at 4.2 MB/s)
11:07:57.168 [StreamPumper-systemOut] DEBUG - [INFO] Downloading from central: https://repo.maven.apache.org/maven2/io/fabric8/kubernetes-model-certificates/5.12.1/kubernetes-model-certificates-5.12.1.jar
11:07:57.205 [StreamPumper-systemOut] DEBUG - [INFO] Downloaded from central: https://repo.maven.apache.org/maven2/io/fabric8/kubernetes-model-apps/5.12.1/kubernetes-model-apps-5.12.1.jar (444 kB at 424 kB/s)
11:07:57.205 [StreamPumper-systemOut] DEBUG - [INFO] Downloading from central: https://repo.maven.apache.org/maven2/io/fabric8/kubernetes-model-coordination/5.12.1/kubernetes-model-coordination-5.12.1.jar
11:07:57.210 [StreamPumper-systemOut] DEBUG - [INFO] Downloaded from central: https://repo.maven.apache.org/maven2/io/fabric8/kubernetes-model-apiextensions/5.12.1/kubernetes-model-apiextensions-5.12.1.jar (718 kB at 682 kB/s)
11:07:57.210 [StreamPumper-systemOut] DEBUG - [INFO] Downloading from central: https://repo.maven.apache.org/maven2/io/fabric8/kubernetes-model-discovery/5.12.1/kubernetes-model-discovery-5.12.1.jar
11:07:57.267 [StreamPumper-systemOut] DEBUG - [INFO] Downloaded from central: https://repo.maven.apache.org/maven2/io/fabric8/kubernetes-model-autoscaling/5.12.1/kubernetes-model-autoscaling-5.12.1.jar (654 kB at 589 kB/s)
11:07:57.267 [StreamPumper-systemOut] DEBUG - [INFO] Downloading from central: https://repo.maven.apache.org/maven2/io/fabric8/kubernetes-model-events/5.12.1/kubernetes-model-events-5.12.1.jar
11:07:57.292 [StreamPumper-systemOut] DEBUG - [INFO] Downloaded from central: https://repo.maven.apache.org/maven2/io/fabric8/kubernetes-model-certificates/5.12.1/kubernetes-model-certificates-5.12.1.jar (147 kB at 130 kB/s)
11:07:57.292 [StreamPumper-systemOut] DEBUG - [INFO] Downloading from central: https://repo.maven.apache.org/maven2/io/fabric8/kubernetes-model-extensions/5.12.1/kubernetes-model-extensions-5.12.1.jar
11:07:57.339 [StreamPumper-systemOut] DEBUG - [INFO] Downloaded from central: https://repo.maven.apache.org/maven2/io/fabric8/kubernetes-model-batch/5.12.1/kubernetes-model-batch-5.12.1.jar (249 kB at 211 kB/s)
11:07:57.339 [StreamPumper-systemOut] DEBUG - [INFO] Downloading from central: https://repo.maven.apache.org/maven2/io/fabric8/kubernetes-model-flowcontrol/5.12.1/kubernetes-model-flowcontrol-5.12.1.jar
11:07:57.418 [StreamPumper-systemOut] DEBUG - [INFO] Downloaded from central: https://repo.maven.apache.org/maven2/io/fabric8/kubernetes-model-extensions/5.12.1/kubernetes-model-extensions-5.12.1.jar (538 kB at 427 kB/s)
11:07:57.418 [StreamPumper-systemOut] DEBUG - [INFO] Downloading from central: https://repo.maven.apache.org/maven2/io/fabric8/kubernetes-model-networking/5.12.1/kubernetes-model-networking-5.12.1.jar
11:07:57.423 [StreamPumper-systemOut] DEBUG - [INFO] Downloaded from central: https://repo.maven.apache.org/maven2/io/fabric8/kubernetes-model-coordination/5.12.1/kubernetes-model-coordination-5.12.1.jar (49 kB at 39 kB/s)
11:07:57.423 [StreamPumper-systemOut] DEBUG - [INFO] Downloading from central: https://repo.maven.apache.org/maven2/io/fabric8/kubernetes-model-metrics/5.12.1/kubernetes-model-metrics-5.12.1.jar
11:07:57.428 [StreamPumper-systemOut] DEBUG - [INFO] Downloaded from central: https://repo.maven.apache.org/maven2/io/fabric8/kubernetes-model-discovery/5.12.1/kubernetes-model-discovery-5.12.1.jar (194 kB at 153 kB/s)
11:07:57.428 [StreamPumper-systemOut] DEBUG - [INFO] Downloading from central: https://repo.maven.apache.org/maven2/io/fabric8/kubernetes-model-policy/5.12.1/kubernetes-model-policy-5.12.1.jar
11:07:57.464 [StreamPumper-systemOut] DEBUG - [INFO] Downloaded from central: https://repo.maven.apache.org/maven2/io/fabric8/kubernetes-model-flowcontrol/5.12.1/kubernetes-model-flowcontrol-5.12.1.jar (269 kB at 206 kB/s)
11:07:57.464 [StreamPumper-systemOut] DEBUG - [INFO] Downloading from central: https://repo.maven.apache.org/maven2/io/fabric8/kubernetes-model-scheduling/5.12.1/kubernetes-model-scheduling-5.12.1.jar
11:07:57.487 [StreamPumper-systemOut] DEBUG - [INFO] Downloaded from central: https://repo.maven.apache.org/maven2/io/fabric8/kubernetes-model-events/5.12.1/kubernetes-model-events-5.12.1.jar (104 kB at 79 kB/s)
11:07:57.488 [StreamPumper-systemOut] DEBUG - [INFO] Downloading from central: https://repo.maven.apache.org/maven2/io/fabric8/kubernetes-model-storageclass/5.12.1/kubernetes-model-storageclass-5.12.1.jar
11:07:57.549 [StreamPumper-systemOut] DEBUG - [INFO] Downloaded from central: https://repo.maven.apache.org/maven2/io/fabric8/kubernetes-model-policy/5.12.1/kubernetes-model-policy-5.12.1.jar (344 kB at 247 kB/s)
11:07:57.549 [StreamPumper-systemOut] DEBUG - [INFO] Downloading from central: https://repo.maven.apache.org/maven2/io/fabric8/kubernetes-model-node/5.12.1/kubernetes-model-node-5.12.1.jar
11:07:57.559 [StreamPumper-systemOut] DEBUG - [INFO] Downloaded from central: https://repo.maven.apache.org/maven2/io/fabric8/kubernetes-model-metrics/5.12.1/kubernetes-model-metrics-5.12.1.jar (78 kB at 56 kB/s)
11:07:57.559 [StreamPumper-systemOut] DEBUG - [INFO] Downloading from central: https://repo.maven.apache.org/maven2/com/squareup/okhttp3/logging-interceptor/3.12.12/logging-interceptor-3.12.12.jar
11:07:57.577 [StreamPumper-systemOut] DEBUG - [INFO] Downloaded from central: https://repo.maven.apache.org/maven2/com/squareup/okhttp3/logging-interceptor/3.12.12/logging-interceptor-3.12.12.jar (12 kB at 8.8 kB/s)
11:07:57.577 [StreamPumper-systemOut] DEBUG - [INFO] Downloading from central: https://repo.maven.apache.org/maven2/io/fabric8/zjsonpatch/0.3.0/zjsonpatch-0.3.0.jar
11:07:57.594 [StreamPumper-systemOut] DEBUG - [INFO] Downloaded from central: https://repo.maven.apache.org/maven2/io/fabric8/zjsonpatch/0.3.0/zjsonpatch-0.3.0.jar (36 kB at 25 kB/s)
11:07:57.594 [StreamPumper-systemOut] DEBUG - [INFO] Downloading from central: https://repo.maven.apache.org/maven2/joda-time/joda-time/2.9.4/joda-time-2.9.4.jar
11:07:57.615 [StreamPumper-systemOut] DEBUG - [INFO] Downloaded from central: https://repo.maven.apache.org/maven2/joda-time/joda-time/2.9.4/joda-time-2.9.4.jar (630 kB at 432 kB/s)
11:07:57.615 [StreamPumper-systemOut] DEBUG - [INFO] Downloading from central: https://repo.maven.apache.org/maven2/com/google/auth/google-auth-library-credentials/0.18.0/google-auth-library-credentials-0.18.0.jar
11:07:57.632 [StreamPumper-systemOut] DEBUG - [INFO] Downloaded from central: https://repo.maven.apache.org/maven2/com/google/auth/google-auth-library-credentials/0.18.0/google-auth-library-credentials-0.18.0.jar (5.7 kB at 3.8 kB/s)
11:07:57.633 [StreamPumper-systemOut] DEBUG - [INFO] Downloading from central: https://repo.maven.apache.org/maven2/com/google/auth/google-auth-library-oauth2-http/0.18.0/google-auth-library-oauth2-http-0.18.0.jar
11:07:57.645 [StreamPumper-systemOut] DEBUG - [INFO] Downloaded from central: https://repo.maven.apache.org/maven2/io/fabric8/kubernetes-model-networking/5.12.1/kubernetes-model-networking-5.12.1.jar (464 kB at 312 kB/s)
11:07:57.645 [StreamPumper-systemOut] DEBUG - [INFO] Downloading from central: https://repo.maven.apache.org/maven2/com/google/auto/value/auto-value-annotations/1.6.6/auto-value-annotations-1.6.6.jar
11:07:57.651 [StreamPumper-systemOut] DEBUG - [INFO] Downloaded from central: https://repo.maven.apache.org/maven2/com/google/auth/google-auth-library-oauth2-http/0.18.0/google-auth-library-oauth2-http-0.18.0.jar (103 kB at 69 kB/s)
11:07:57.651 [StreamPumper-systemOut] DEBUG - [INFO] Downloading from central: https://repo.maven.apache.org/maven2/com/google/http-client/google-http-client/1.24.1/google-http-client-1.24.1.jar
11:07:57.663 [StreamPumper-systemOut] DEBUG - [INFO] Downloaded from central: https://repo.maven.apache.org/maven2/com/google/auto/value/auto-value-annotations/1.6.6/auto-value-annotations-1.6.6.jar (5.9 kB at 3.9 kB/s)
11:07:57.663 [StreamPumper-systemOut] DEBUG - [INFO] Downloading from central: https://repo.maven.apache.org/maven2/com/google/http-client/google-http-client-jackson2/1.24.1/google-http-client-jackson2-1.24.1.jar
11:07:57.666 [StreamPumper-systemOut] DEBUG - [INFO] Downloaded from central: https://repo.maven.apache.org/maven2/io/fabric8/kubernetes-model-node/5.12.1/kubernetes-model-node-5.12.1.jar (160 kB at 106 kB/s)
11:07:57.666 [StreamPumper-systemOut] DEBUG - [INFO] Downloading from central: https://repo.maven.apache.org/maven2/com/google/oauth-client/google-oauth-client/1.22.0/google-oauth-client-1.22.0.jar
11:07:57.684 [StreamPumper-systemOut] DEBUG - [INFO] Downloaded from central: https://repo.maven.apache.org/maven2/io/fabric8/kubernetes-model-scheduling/5.12.1/kubernetes-model-scheduling-5.12.1.jar (66 kB at 43 kB/s)
11:07:57.684 [StreamPumper-systemOut] DEBUG - [INFO] Downloading from central: https://repo.maven.apache.org/maven2/com/google/cloud/google-cloud-core/1.94.0/google-cloud-core-1.94.0.jar
11:07:57.714 [StreamPumper-systemOut] DEBUG - [INFO] Downloaded from central: https://repo.maven.apache.org/maven2/io/fabric8/kubernetes-model-storageclass/5.12.1/kubernetes-model-storageclass-5.12.1.jar (370 kB at 238 kB/s)
11:07:57.714 [StreamPumper-systemOut] DEBUG - [INFO] Downloading from central: https://repo.maven.apache.org/maven2/com/google/api/gax/1.60.0/gax-1.60.0.jar
11:07:57.776 [StreamPumper-systemOut] DEBUG - [INFO] Downloaded from central: https://repo.maven.apache.org/maven2/com/google/http-client/google-http-client/1.24.1/google-http-client-1.24.1.jar (383 kB at 237 kB/s)
11:07:57.776 [StreamPumper-systemOut] DEBUG - [INFO] Downloading from central: https://repo.maven.apache.org/maven2/io/opencensus/opencensus-api/0.24.0/opencensus-api-0.24.0.jar
11:07:57.790 [StreamPumper-systemOut] DEBUG - [INFO] Downloaded from central: https://repo.maven.apache.org/maven2/com/google/oauth-client/google-oauth-client/1.22.0/google-oauth-client-1.22.0.jar (61 kB at 38 kB/s)
11:07:57.790 [StreamPumper-systemOut] DEBUG - [INFO] Downloading from central: https://repo.maven.apache.org/maven2/io/grpc/grpc-context/1.22.1/grpc-context-1.22.1.jar
11:07:57.796 [StreamPumper-systemOut] DEBUG - [INFO] Downloaded from central: https://repo.maven.apache.org/maven2/io/opencensus/opencensus-api/0.24.0/opencensus-api-0.24.0.jar (352 kB at 215 kB/s)
11:07:57.796 [StreamPumper-systemOut] DEBUG - [INFO] Downloading from central: https://repo.maven.apache.org/maven2/com/google/protobuf/protobuf-java-util/3.13.0/protobuf-java-util-3.13.0.jar
11:07:57.802 [StreamPumper-systemOut] DEBUG - [INFO] Downloaded from central: https://repo.maven.apache.org/maven2/com/google/cloud/google-cloud-core/1.94.0/google-cloud-core-1.94.0.jar (131 kB at 80 kB/s)
11:07:57.802 [StreamPumper-systemOut] DEBUG - [INFO] Downloading from central: https://repo.maven.apache.org/maven2/com/google/code/gson/gson/2.8.6/gson-2.8.6.jar
11:07:57.808 [StreamPumper-systemOut] DEBUG - [INFO] Downloaded from central: https://repo.maven.apache.org/maven2/io/grpc/grpc-context/1.22.1/grpc-context-1.22.1.jar (29 kB at 18 kB/s)
11:07:57.808 [StreamPumper-systemOut] DEBUG - [INFO] Downloading from central: https://repo.maven.apache.org/maven2/com/google/api/grpc/proto-google-iam-v1/1.0.3/proto-google-iam-v1-1.0.3.jar
11:07:57.813 [StreamPumper-systemOut] DEBUG - [INFO] Downloaded from central: https://repo.maven.apache.org/maven2/com/google/protobuf/protobuf-java-util/3.13.0/protobuf-java-util-3.13.0.jar (75 kB at 45 kB/s)
11:07:57.813 [StreamPumper-systemOut] DEBUG - [INFO] Downloading from central: https://repo.maven.apache.org/maven2/org/threeten/threetenbp/1.5.0/threetenbp-1.5.0.jar
11:07:57.819 [StreamPumper-systemOut] DEBUG - [INFO] Downloaded from central: https://repo.maven.apache.org/maven2/com/google/code/gson/gson/2.8.6/gson-2.8.6.jar (240 kB at 145 kB/s)
11:07:57.819 [StreamPumper-systemOut] DEBUG - [INFO] Downloading from central: https://repo.maven.apache.org/maven2/com/google/api/api-common/1.10.1/api-common-1.10.1.jar
11:07:57.836 [StreamPumper-systemOut] DEBUG - [INFO] Downloaded from central: https://repo.maven.apache.org/maven2/com/google/api/gax/1.60.0/gax-1.60.0.jar (335 kB at 199 kB/s)
11:07:57.836 [StreamPumper-systemOut] DEBUG - [INFO] Downloading from central: https://repo.maven.apache.org/maven2/com/google/protobuf/protobuf-java/3.13.0/protobuf-java-3.13.0.jar
11:07:57.864 [StreamPumper-systemOut] DEBUG - [INFO] Downloaded from central: https://repo.maven.apache.org/maven2/com/google/protobuf/protobuf-java/3.13.0/protobuf-java-3.13.0.jar (1.7 MB at 980 kB/s)
11:07:57.864 [StreamPumper-systemOut] DEBUG - [INFO] Downloading from central: https://repo.maven.apache.org/maven2/org/eclipse/jetty/jetty-client/9.3.11.v20160721/jetty-client-9.3.11.v20160721.jar
11:07:57.878 [StreamPumper-systemOut] DEBUG - [INFO] Downloaded from central: https://repo.maven.apache.org/maven2/com/google/http-client/google-http-client-jackson2/1.24.1/google-http-client-jackson2-1.24.1.jar (6.7 kB at 3.9 kB/s)
11:07:57.878 [StreamPumper-systemOut] DEBUG - [INFO] Downloading from central: https://repo.maven.apache.org/maven2/org/eclipse/jetty/jetty-http/9.3.11.v20160721/jetty-http-9.3.11.v20160721.jar
11:07:57.925 [StreamPumper-systemOut] DEBUG - [INFO] Downloaded from central: https://repo.maven.apache.org/maven2/com/google/api/grpc/proto-google-iam-v1/1.0.3/proto-google-iam-v1-1.0.3.jar (145 kB at 82 kB/s)
11:07:57.925 [StreamPumper-systemOut] DEBUG - [INFO] Downloading from central: https://repo.maven.apache.org/maven2/org/eclipse/jetty/jetty-io/9.3.11.v20160721/jetty-io-9.3.11.v20160721.jar
11:07:57.933 [StreamPumper-systemOut] DEBUG - [INFO] Downloaded from central: https://repo.maven.apache.org/maven2/org/threeten/threetenbp/1.5.0/threetenbp-1.5.0.jar (516 kB at 291 kB/s)
11:07:57.933 [StreamPumper-systemOut] DEBUG - [INFO] Downloading from central: https://repo.maven.apache.org/maven2/redis/clients/jedis/2.9.0/jedis-2.9.0.jar
11:07:57.938 [StreamPumper-systemOut] DEBUG - [INFO] Downloaded from central: https://repo.maven.apache.org/maven2/com/google/api/api-common/1.10.1/api-common-1.10.1.jar (49 kB at 28 kB/s)
11:07:57.938 [StreamPumper-systemOut] DEBUG - [INFO] Downloading from central: https://repo.maven.apache.org/maven2/org/apache/commons/commons-pool2/2.4.2/commons-pool2-2.4.2.jar
11:07:57.955 [StreamPumper-systemOut] DEBUG - [INFO] Downloaded from central: https://repo.maven.apache.org/maven2/org/apache/commons/commons-pool2/2.4.2/commons-pool2-2.4.2.jar (112 kB at 62 kB/s)
11:07:57.956 [StreamPumper-systemOut] DEBUG - [INFO] Downloading from central: https://repo.maven.apache.org/maven2/io/digdag/digdag-core/0.10.5/digdag-core-0.10.5-tests.jar
11:07:57.996 [StreamPumper-systemOut] DEBUG - [INFO] Downloaded from central: https://repo.maven.apache.org/maven2/org/eclipse/jetty/jetty-http/9.3.11.v20160721/jetty-http-9.3.11.v20160721.jar (149 kB at 81 kB/s)
11:07:57.996 [StreamPumper-systemOut] DEBUG - [INFO] Downloading from central: https://repo.maven.apache.org/maven2/com/github/tomakehurst/wiremock/2.6.0/wiremock-2.6.0.jar
11:07:58.042 [StreamPumper-systemOut] DEBUG - [INFO] Downloaded from central: https://repo.maven.apache.org/maven2/org/eclipse/jetty/jetty-io/9.3.11.v20160721/jetty-io-9.3.11.v20160721.jar (112 kB at 59 kB/s)
11:07:58.043 [StreamPumper-systemOut] DEBUG - [INFO] Downloading from central: https://repo.maven.apache.org/maven2/org/xmlunit/xmlunit-core/2.3.0/xmlunit-core-2.3.0.jar
11:07:58.053 [StreamPumper-systemOut] DEBUG - [INFO] Downloaded from central: https://repo.maven.apache.org/maven2/redis/clients/jedis/2.9.0/jedis-2.9.0.jar (554 kB at 292 kB/s)
11:07:58.053 [StreamPumper-systemOut] DEBUG - [INFO] Downloading from central: https://repo.maven.apache.org/maven2/org/xmlunit/xmlunit-legacy/2.3.0/xmlunit-legacy-2.3.0.jar
11:07:58.060 [StreamPumper-systemOut] DEBUG - [INFO] Downloaded from central: https://repo.maven.apache.org/maven2/org/xmlunit/xmlunit-core/2.3.0/xmlunit-core-2.3.0.jar (156 kB at 82 kB/s)
11:07:58.060 [StreamPumper-systemOut] DEBUG - [INFO] Downloading from central: https://repo.maven.apache.org/maven2/net/sf/jopt-simple/jopt-simple/4.9/jopt-simple-4.9.jar
11:07:58.077 [StreamPumper-systemOut] DEBUG - [INFO] Downloaded from central: https://repo.maven.apache.org/maven2/net/sf/jopt-simple/jopt-simple/4.9/jopt-simple-4.9.jar (66 kB at 35 kB/s)
11:07:58.078 [StreamPumper-systemOut] DEBUG - [INFO] Downloading from central: https://repo.maven.apache.org/maven2/com/flipkart/zjsonpatch/zjsonpatch/0.3.0/zjsonpatch-0.3.0.jar
11:07:58.091 [StreamPumper-systemOut] DEBUG - [INFO] Downloaded from central: https://repo.maven.apache.org/maven2/org/eclipse/jetty/jetty-client/9.3.11.v20160721/jetty-client-9.3.11.v20160721.jar (261 kB at 135 kB/s)
11:07:58.091 [StreamPumper-systemOut] DEBUG - [INFO] Downloading from central: https://repo.maven.apache.org/maven2/org/apache/commons/commons-collections4/4.1/commons-collections4-4.1.jar
11:07:58.116 [StreamPumper-systemOut] DEBUG - [INFO] Downloaded from central: https://repo.maven.apache.org/maven2/org/apache/commons/commons-collections4/4.1/commons-collections4-4.1.jar (751 kB at 384 kB/s)
11:07:58.116 [StreamPumper-systemOut] DEBUG - [INFO] Downloading from central: https://repo.maven.apache.org/maven2/com/github/jknack/handlebars/4.0.6/handlebars-4.0.6.jar
11:07:58.142 [StreamPumper-systemOut] DEBUG - [INFO] Downloaded from central: https://repo.maven.apache.org/maven2/com/github/jknack/handlebars/4.0.6/handlebars-4.0.6.jar (333 kB at 168 kB/s)
11:07:58.142 [StreamPumper-systemOut] DEBUG - [INFO] Downloading from central: https://repo.maven.apache.org/maven2/org/antlr/antlr4-runtime/4.5.1-1/antlr4-runtime-4.5.1-1.jar
11:07:58.150 [StreamPumper-systemOut] DEBUG - [INFO] Downloaded from central: https://repo.maven.apache.org/maven2/org/antlr/antlr4-runtime/4.5.1-1/antlr4-runtime-4.5.1-1.jar (0 B at 0 B/s)
11:07:58.150 [StreamPumper-systemOut] DEBUG - [INFO] Downloading from central: https://repo.maven.apache.org/maven2/org/eclipse/jetty/jetty-server/9.3.11.v20160721/jetty-server-9.3.11.v20160721.jar
11:07:58.170 [StreamPumper-systemOut] DEBUG - [INFO] Downloaded from central: https://repo.maven.apache.org/maven2/org/xmlunit/xmlunit-legacy/2.3.0/xmlunit-legacy-2.3.0.jar (125 kB at 62 kB/s)
11:07:58.170 [StreamPumper-systemOut] DEBUG - [INFO] Downloading from central: https://repo.maven.apache.org/maven2/org/eclipse/jetty/jetty-servlet/9.3.11.v20160721/jetty-servlet-9.3.11.v20160721.jar
11:07:58.260 [StreamPumper-systemOut] DEBUG - [INFO] Downloaded from central: https://repo.maven.apache.org/maven2/com/github/tomakehurst/wiremock/2.6.0/wiremock-2.6.0.jar (1.4 MB at 650 kB/s)
11:07:58.260 [StreamPumper-systemOut] DEBUG - [INFO] Downloading from central: https://repo.maven.apache.org/maven2/org/eclipse/jetty/jetty-security/9.3.11.v20160721/jetty-security-9.3.11.v20160721.jar
11:07:58.269 [StreamPumper-systemOut] DEBUG - [INFO] Downloaded from central: https://repo.maven.apache.org/maven2/org/eclipse/jetty/jetty-server/9.3.11.v20160721/jetty-server-9.3.11.v20160721.jar (494 kB at 234 kB/s)
11:07:58.270 [StreamPumper-systemOut] DEBUG - [INFO] Downloading from central: https://repo.maven.apache.org/maven2/org/eclipse/jetty/jetty-servlets/9.3.11.v20160721/jetty-servlets-9.3.11.v20160721.jar
11:07:58.270 [StreamPumper-systemOut] DEBUG - [INFO] Downloaded from central: https://repo.maven.apache.org/maven2/io/digdag/digdag-core/0.10.5/digdag-core-0.10.5-tests.jar (167 kB at 79 kB/s)
11:07:58.270 [StreamPumper-systemOut] DEBUG - [INFO] Downloading from central: https://repo.maven.apache.org/maven2/org/eclipse/jetty/jetty-continuation/9.3.11.v20160721/jetty-continuation-9.3.11.v20160721.jar
11:07:58.302 [StreamPumper-systemOut] DEBUG - [INFO] Downloaded from central: https://repo.maven.apache.org/maven2/com/flipkart/zjsonpatch/zjsonpatch/0.3.0/zjsonpatch-0.3.0.jar (24 kB at 11 kB/s)
11:07:58.302 [StreamPumper-systemOut] DEBUG - [INFO] Downloading from central: https://repo.maven.apache.org/maven2/org/eclipse/jetty/jetty-util/9.3.11.v20160721/jetty-util-9.3.11.v20160721.jar
11:07:58.322 [StreamPumper-systemOut] DEBUG - [INFO] Downloaded from central: https://repo.maven.apache.org/maven2/org/eclipse/jetty/jetty-util/9.3.11.v20160721/jetty-util-9.3.11.v20160721.jar (432 kB at 200 kB/s)
11:07:58.322 [StreamPumper-systemOut] DEBUG - [INFO] Downloading from central: https://repo.maven.apache.org/maven2/org/eclipse/jetty/jetty-webapp/9.3.11.v20160721/jetty-webapp-9.3.11.v20160721.jar
11:07:58.388 [StreamPumper-systemOut] DEBUG - [INFO] Downloaded from central: https://repo.maven.apache.org/maven2/org/eclipse/jetty/jetty-security/9.3.11.v20160721/jetty-security-9.3.11.v20160721.jar (95 kB at 42 kB/s)
11:07:58.388 [StreamPumper-systemOut] DEBUG - [INFO] Downloading from central: https://repo.maven.apache.org/maven2/org/eclipse/jetty/jetty-xml/9.3.11.v20160721/jetty-xml-9.3.11.v20160721.jar
11:07:58.393 [StreamPumper-systemOut] DEBUG - [INFO] Downloaded from central: https://repo.maven.apache.org/maven2/org/eclipse/jetty/jetty-servlet/9.3.11.v20160721/jetty-servlet-9.3.11.v20160721.jar (117 kB at 52 kB/s)
11:07:58.393 [StreamPumper-systemOut] DEBUG - [INFO] Downloading from central: https://repo.maven.apache.org/maven2/com/icegreen/greenmail/1.5.8/greenmail-1.5.8.jar
11:07:58.486 [StreamPumper-systemOut] DEBUG - [INFO] Downloaded from central: https://repo.maven.apache.org/maven2/org/eclipse/jetty/jetty-servlets/9.3.11.v20160721/jetty-servlets-9.3.11.v20160721.jar (86 kB at 37 kB/s)
11:07:58.488 [StreamPumper-systemOut] DEBUG - [INFO] Downloaded from central: https://repo.maven.apache.org/maven2/org/eclipse/jetty/jetty-continuation/9.3.11.v20160721/jetty-continuation-9.3.11.v20160721.jar (16 kB at 6.8 kB/s)
11:07:58.511 [StreamPumper-systemOut] DEBUG - [INFO] Downloaded from central: https://repo.maven.apache.org/maven2/com/icegreen/greenmail/1.5.8/greenmail-1.5.8.jar (285 kB at 121 kB/s)
11:07:58.545 [StreamPumper-systemOut] DEBUG - [INFO] Downloaded from central: https://repo.maven.apache.org/maven2/org/eclipse/jetty/jetty-webapp/9.3.11.v20160721/jetty-webapp-9.3.11.v20160721.jar (113 kB at 47 kB/s)
11:07:58.609 [StreamPumper-systemOut] DEBUG - [INFO] Downloaded from central: https://repo.maven.apache.org/maven2/org/eclipse/jetty/jetty-xml/9.3.11.v20160721/jetty-xml-9.3.11.v20160721.jar (50 kB at 21 kB/s)
11:07:58.632 [StreamPumper-systemOut] DEBUG - [INFO] 
11:07:58.632 [StreamPumper-systemOut] DEBUG - [INFO] --- maven-dependency-plugin:2.8:build-classpath (default-cli) @ digdag-standards ---
11:07:58.635 [StreamPumper-systemOut] DEBUG - [INFO] Wrote classpath file '/home/alex/Respector-fork/dataset/digdag/digdag-standards/spoon.classpath-app.tmp'.
11:07:58.635 [StreamPumper-systemOut] DEBUG - [INFO] 
11:07:58.635 [StreamPumper-systemOut] DEBUG - [INFO] --------------------< io.digdag:digdag-storage-s3 >---------------------
11:07:58.635 [StreamPumper-systemOut] DEBUG - [INFO] Building digdag-storage-s3 0.10.5                                [12/17]
11:07:58.635 [StreamPumper-systemOut] DEBUG - [INFO] --------------------------------[ jar ]---------------------------------
11:07:58.642 [StreamPumper-systemOut] DEBUG - [INFO] Downloading from central: https://repo.maven.apache.org/maven2/joda-time/joda-time/2.8.1/joda-time-2.8.1.jar
11:07:58.681 [StreamPumper-systemOut] DEBUG - [INFO] Downloaded from central: https://repo.maven.apache.org/maven2/joda-time/joda-time/2.8.1/joda-time-2.8.1.jar (622 kB at 16 MB/s)
11:07:58.682 [StreamPumper-systemOut] DEBUG - [INFO] 
11:07:58.682 [StreamPumper-systemOut] DEBUG - [INFO] --- maven-dependency-plugin:2.8:build-classpath (default-cli) @ digdag-storage-s3 ---
11:07:58.684 [StreamPumper-systemOut] DEBUG - [INFO] Wrote classpath file '/home/alex/Respector-fork/dataset/digdag/digdag-storage-s3/spoon.classpath-app.tmp'.
11:07:58.684 [StreamPumper-systemOut] DEBUG - [INFO] 
11:07:58.684 [StreamPumper-systemOut] DEBUG - [INFO] --------------------< io.digdag:digdag-storage-gcs >--------------------
11:07:58.684 [StreamPumper-systemOut] DEBUG - [INFO] Building digdag-storage-gcs 0.10.5                               [13/17]
11:07:58.684 [StreamPumper-systemOut] DEBUG - [INFO] --------------------------------[ jar ]---------------------------------
11:07:58.686 [StreamPumper-systemOut] DEBUG - [INFO] Downloading from central: https://repo.maven.apache.org/maven2/com/google/cloud/google-cloud-storage/1.101.0/google-cloud-storage-1.101.0.pom
11:07:58.906 [StreamPumper-systemOut] DEBUG - [INFO] Downloaded from central: https://repo.maven.apache.org/maven2/com/google/cloud/google-cloud-storage/1.101.0/google-cloud-storage-1.101.0.pom (2.7 kB at 12 kB/s)
11:07:58.908 [StreamPumper-systemOut] DEBUG - [INFO] Downloading from central: https://repo.maven.apache.org/maven2/com/google/cloud/google-cloud-clients/0.119.0-alpha/google-cloud-clients-0.119.0-alpha.pom
11:07:59.131 [StreamPumper-systemOut] DEBUG - [INFO] Downloaded from central: https://repo.maven.apache.org/maven2/com/google/cloud/google-cloud-clients/0.119.0-alpha/google-cloud-clients-0.119.0-alpha.pom (39 kB at 174 kB/s)
11:07:59.133 [StreamPumper-systemOut] DEBUG - [INFO] Downloading from central: https://repo.maven.apache.org/maven2/com/google/cloud/google-cloud-bom/0.119.0-alpha/google-cloud-bom-0.119.0-alpha.pom
11:07:59.258 [StreamPumper-systemOut] DEBUG - [INFO] Downloaded from central: https://repo.maven.apache.org/maven2/com/google/cloud/google-cloud-bom/0.119.0-alpha/google-cloud-bom-0.119.0-alpha.pom (36 kB at 291 kB/s)
11:07:59.260 [StreamPumper-systemOut] DEBUG - [INFO] Downloading from central: https://repo.maven.apache.org/maven2/com/google/api/gax-bom/1.49.1/gax-bom-1.49.1.pom
11:07:59.278 [StreamPumper-systemOut] DEBUG - [INFO] Downloaded from central: https://repo.maven.apache.org/maven2/com/google/api/gax-bom/1.49.1/gax-bom-1.49.1.pom (2.7 kB at 148 kB/s)
11:07:59.279 [StreamPumper-systemOut] DEBUG - [INFO] Downloading from central: https://repo.maven.apache.org/maven2/com/google/cloud/google-cloud-asset-bom/0.115.0-beta/google-cloud-asset-bom-0.115.0-beta.pom
11:07:59.302 [StreamPumper-systemOut] DEBUG - [INFO] Downloaded from central: https://repo.maven.apache.org/maven2/com/google/cloud/google-cloud-asset-bom/0.115.0-beta/google-cloud-asset-bom-0.115.0-beta.pom (4.1 kB at 176 kB/s)
11:07:59.303 [StreamPumper-systemOut] DEBUG - [INFO] Downloading from central: https://repo.maven.apache.org/maven2/com/google/cloud/google-cloud-shared-config/0.2.1/google-cloud-shared-config-0.2.1.pom
11:07:59.425 [StreamPumper-systemOut] DEBUG - [INFO] Downloaded from central: https://repo.maven.apache.org/maven2/com/google/cloud/google-cloud-shared-config/0.2.1/google-cloud-shared-config-0.2.1.pom (16 kB at 130 kB/s)
11:07:59.427 [StreamPumper-systemOut] DEBUG - [INFO] Downloading from central: https://repo.maven.apache.org/maven2/com/google/cloud/google-cloud-automl-bom/0.114.1-beta/google-cloud-automl-bom-0.114.1-beta.pom
11:07:59.543 [StreamPumper-systemOut] DEBUG - [INFO] Downloaded from central: https://repo.maven.apache.org/maven2/com/google/cloud/google-cloud-automl-bom/0.114.1-beta/google-cloud-automl-bom-0.114.1-beta.pom (3.6 kB at 31 kB/s)
11:07:59.545 [StreamPumper-systemOut] DEBUG - [INFO] Downloading from central: https://repo.maven.apache.org/maven2/com/google/cloud/google-cloud-core-bom/1.91.3/google-cloud-core-bom-1.91.3.pom
11:07:59.665 [StreamPumper-systemOut] DEBUG - [INFO] Downloaded from central: https://repo.maven.apache.org/maven2/com/google/cloud/google-cloud-core-bom/1.91.3/google-cloud-core-bom-1.91.3.pom (3.0 kB at 25 kB/s)
11:07:59.666 [StreamPumper-systemOut] DEBUG - [INFO] Downloading from central: https://repo.maven.apache.org/maven2/com/google/cloud/google-cloud-datacatalog-bom/0.29.0-alpha/google-cloud-datacatalog-bom-0.29.0-alpha.pom
11:07:59.796 [StreamPumper-systemOut] DEBUG - [INFO] Downloaded from central: https://repo.maven.apache.org/maven2/com/google/cloud/google-cloud-datacatalog-bom/0.29.0-alpha/google-cloud-datacatalog-bom-0.29.0-alpha.pom (3.2 kB at 24 kB/s)
11:07:59.798 [StreamPumper-systemOut] DEBUG - [INFO] Downloading from central: https://repo.maven.apache.org/maven2/com/google/cloud/google-cloud-datalabeling-bom/0.116.1-alpha/google-cloud-datalabeling-bom-0.116.1-alpha.pom
11:07:59.818 [StreamPumper-systemOut] DEBUG - [INFO] Downloaded from central: https://repo.maven.apache.org/maven2/com/google/cloud/google-cloud-datalabeling-bom/0.116.1-alpha/google-cloud-datalabeling-bom-0.116.1-alpha.pom (3.2 kB at 158 kB/s)
11:07:59.819 [StreamPumper-systemOut] DEBUG - [INFO] Downloading from central: https://repo.maven.apache.org/maven2/com/google/cloud/google-cloud-dlp-bom/0.116.0-beta/google-cloud-dlp-bom-0.116.0-beta.pom
11:07:59.940 [StreamPumper-systemOut] DEBUG - [INFO] Downloaded from central: https://repo.maven.apache.org/maven2/com/google/cloud/google-cloud-dlp-bom/0.116.0-beta/google-cloud-dlp-bom-0.116.0-beta.pom (3.0 kB at 25 kB/s)
11:07:59.942 [StreamPumper-systemOut] DEBUG - [INFO] Downloading from central: https://repo.maven.apache.org/maven2/com/google/cloud/google-cloud-speech-bom/1.21.0/google-cloud-speech-bom-1.21.0.pom
11:08:00.065 [StreamPumper-systemOut] DEBUG - [INFO] Downloaded from central: https://repo.maven.apache.org/maven2/com/google/cloud/google-cloud-speech-bom/1.21.0/google-cloud-speech-bom-1.21.0.pom (4.1 kB at 33 kB/s)
11:08:00.067 [StreamPumper-systemOut] DEBUG - [INFO] Downloading from central: https://repo.maven.apache.org/maven2/com/google/cloud/google-cloud-tasks-bom/1.26.0/google-cloud-tasks-bom-1.26.0.pom
11:08:00.186 [StreamPumper-systemOut] DEBUG - [INFO] Downloaded from central: https://repo.maven.apache.org/maven2/com/google/cloud/google-cloud-tasks-bom/1.26.0/google-cloud-tasks-bom-1.26.0.pom (4.0 kB at 34 kB/s)
11:08:00.188 [StreamPumper-systemOut] DEBUG - [INFO] Downloading from central: https://repo.maven.apache.org/maven2/com/google/cloud/google-cloud-texttospeech-bom/0.117.0-beta/google-cloud-texttospeech-bom-0.117.0-beta.pom
11:08:00.304 [StreamPumper-systemOut] DEBUG - [INFO] Downloaded from central: https://repo.maven.apache.org/maven2/com/google/cloud/google-cloud-texttospeech-bom/0.117.0-beta/google-cloud-texttospeech-bom-0.117.0-beta.pom (3.7 kB at 32 kB/s)
11:08:00.305 [StreamPumper-systemOut] DEBUG - [INFO] Downloading from central: https://repo.maven.apache.org/maven2/com/google/cloud/google-cloud-trace-bom/0.109.0-beta/google-cloud-trace-bom-0.109.0-beta.pom
11:08:00.428 [StreamPumper-systemOut] DEBUG - [INFO] Downloaded from central: https://repo.maven.apache.org/maven2/com/google/cloud/google-cloud-trace-bom/0.109.0-beta/google-cloud-trace-bom-0.109.0-beta.pom (3.5 kB at 29 kB/s)
11:08:00.430 [StreamPumper-systemOut] DEBUG - [INFO] Downloading from central: https://repo.maven.apache.org/maven2/com/google/cloud/google-cloud-translate-bom/1.94.0/google-cloud-translate-bom-1.94.0.pom
11:08:00.553 [StreamPumper-systemOut] DEBUG - [INFO] Downloaded from central: https://repo.maven.apache.org/maven2/com/google/cloud/google-cloud-translate-bom/1.94.0/google-cloud-translate-bom-1.94.0.pom (3.6 kB at 29 kB/s)
11:08:00.555 [StreamPumper-systemOut] DEBUG - [INFO] Downloading from central: https://repo.maven.apache.org/maven2/com/google/cloud/google-cloud-vision-bom/1.98.0/google-cloud-vision-bom-1.98.0.pom
11:08:00.676 [StreamPumper-systemOut] DEBUG - [INFO] Downloaded from central: https://repo.maven.apache.org/maven2/com/google/cloud/google-cloud-vision-bom/1.98.0/google-cloud-vision-bom-1.98.0.pom (5.1 kB at 42 kB/s)
11:08:00.678 [StreamPumper-systemOut] DEBUG - [INFO] Downloading from central: https://repo.maven.apache.org/maven2/com/google/cloud/google-cloud-iot-bom/0.116.0-beta/google-cloud-iot-bom-0.116.0-beta.pom
11:08:00.796 [StreamPumper-systemOut] DEBUG - [INFO] Downloaded from central: https://repo.maven.apache.org/maven2/com/google/cloud/google-cloud-iot-bom/0.116.0-beta/google-cloud-iot-bom-0.116.0-beta.pom (3.0 kB at 26 kB/s)
11:08:00.798 [StreamPumper-systemOut] DEBUG - [INFO] Downloading from central: https://repo.maven.apache.org/maven2/com/google/cloud/google-cloud-websecurityscanner-bom/0.116.0/google-cloud-websecurityscanner-bom-0.116.0.pom
11:08:00.914 [StreamPumper-systemOut] DEBUG - [INFO] Downloaded from central: https://repo.maven.apache.org/maven2/com/google/cloud/google-cloud-websecurityscanner-bom/0.116.0/google-cloud-websecurityscanner-bom-0.116.0.pom (3.8 kB at 33 kB/s)
11:08:00.916 [StreamPumper-systemOut] DEBUG - [INFO] Downloading from central: https://repo.maven.apache.org/maven2/com/google/cloud/google-cloud-iamcredentials-bom/0.43.0-alpha/google-cloud-iamcredentials-bom-0.43.0-alpha.pom
11:08:00.934 [StreamPumper-systemOut] DEBUG - [INFO] Downloaded from central: https://repo.maven.apache.org/maven2/com/google/cloud/google-cloud-iamcredentials-bom/0.43.0-alpha/google-cloud-iamcredentials-bom-0.43.0-alpha.pom (3.2 kB at 177 kB/s)
11:08:00.936 [StreamPumper-systemOut] DEBUG - [INFO] Downloading from central: https://repo.maven.apache.org/maven2/com/google/cloud/google-cloud-talent-bom/0.34.0-beta/google-cloud-talent-bom-0.34.0-beta.pom
11:08:01.056 [StreamPumper-systemOut] DEBUG - [INFO] Downloaded from central: https://repo.maven.apache.org/maven2/com/google/cloud/google-cloud-talent-bom/0.34.0-beta/google-cloud-talent-bom-0.34.0-beta.pom (3.1 kB at 26 kB/s)
11:08:01.058 [StreamPumper-systemOut] DEBUG - [INFO] Downloading from central: https://repo.maven.apache.org/maven2/com/google/cloud/google-cloud-phishingprotection-bom/0.28.0/google-cloud-phishingprotection-bom-0.28.0.pom
11:08:01.074 [StreamPumper-systemOut] DEBUG - [INFO] Downloaded from central: https://repo.maven.apache.org/maven2/com/google/cloud/google-cloud-phishingprotection-bom/0.28.0/google-cloud-phishingprotection-bom-0.28.0.pom (3.2 kB at 202 kB/s)
11:08:01.076 [StreamPumper-systemOut] DEBUG - [INFO] Downloading from central: https://repo.maven.apache.org/maven2/com/google/cloud/google-cloud-gameservices-bom/0.17.0/google-cloud-gameservices-bom-0.17.0.pom
11:08:01.192 [StreamPumper-systemOut] DEBUG - [INFO] Downloaded from central: https://repo.maven.apache.org/maven2/com/google/cloud/google-cloud-gameservices-bom/0.17.0/google-cloud-gameservices-bom-0.17.0.pom (3.1 kB at 27 kB/s)
11:08:01.195 [StreamPumper-systemOut] DEBUG - [INFO] Downloading from central: https://repo.maven.apache.org/maven2/com/google/http-client/google-http-client-bom/1.33.0/google-http-client-bom-1.33.0.pom
11:08:01.408 [StreamPumper-systemOut] DEBUG - [INFO] Downloaded from central: https://repo.maven.apache.org/maven2/com/google/http-client/google-http-client-bom/1.33.0/google-http-client-bom-1.33.0.pom (6.6 kB at 31 kB/s)
11:08:01.410 [StreamPumper-systemOut] DEBUG - [INFO] Downloading from central: https://repo.maven.apache.org/maven2/com/google/oauth-client/google-oauth-client-bom/1.30.4/google-oauth-client-bom-1.30.4.pom
11:08:01.532 [StreamPumper-systemOut] DEBUG - [INFO] Downloaded from central: https://repo.maven.apache.org/maven2/com/google/oauth-client/google-oauth-client-bom/1.30.4/google-oauth-client-bom-1.30.4.pom (5.4 kB at 44 kB/s)
11:08:01.534 [StreamPumper-systemOut] DEBUG - [INFO] Downloading from central: https://repo.maven.apache.org/maven2/com/google/api-client/google-api-client-bom/1.30.5/google-api-client-bom-1.30.5.pom
11:08:01.750 [StreamPumper-systemOut] DEBUG - [INFO] Downloaded from central: https://repo.maven.apache.org/maven2/com/google/api-client/google-api-client-bom/1.30.5/google-api-client-bom-1.30.5.pom (6.5 kB at 30 kB/s)
11:08:01.752 [StreamPumper-systemOut] DEBUG - [INFO] Downloading from central: https://repo.maven.apache.org/maven2/com/google/auth/google-auth-library-bom/0.18.0/google-auth-library-bom-0.18.0.pom
11:08:01.972 [StreamPumper-systemOut] DEBUG - [INFO] Downloaded from central: https://repo.maven.apache.org/maven2/com/google/auth/google-auth-library-bom/0.18.0/google-auth-library-bom-0.18.0.pom (4.3 kB at 19 kB/s)
11:08:01.974 [StreamPumper-systemOut] DEBUG - [INFO] Downloading from central: https://repo.maven.apache.org/maven2/io/grpc/grpc-bom/1.24.1/grpc-bom-1.24.1.pom
11:08:02.195 [StreamPumper-systemOut] DEBUG - [INFO] Downloaded from central: https://repo.maven.apache.org/maven2/io/grpc/grpc-bom/1.24.1/grpc-bom-1.24.1.pom (4.3 kB at 19 kB/s)
11:08:02.197 [StreamPumper-systemOut] DEBUG - [INFO] Downloading from central: https://repo.maven.apache.org/maven2/com/google/protobuf/protobuf-bom/3.10.0/protobuf-bom-3.10.0.pom
11:08:02.213 [StreamPumper-systemOut] DEBUG - [INFO] Downloaded from central: https://repo.maven.apache.org/maven2/com/google/protobuf/protobuf-bom/3.10.0/protobuf-bom-3.10.0.pom (3.6 kB at 222 kB/s)
11:08:02.214 [StreamPumper-systemOut] DEBUG - [INFO] Downloading from central: https://repo.maven.apache.org/maven2/com/google/cloud/google-cloud-core-http/1.91.3/google-cloud-core-http-1.91.3.pom
11:08:02.431 [StreamPumper-systemOut] DEBUG - [INFO] Downloaded from central: https://repo.maven.apache.org/maven2/com/google/cloud/google-cloud-core-http/1.91.3/google-cloud-core-http-1.91.3.pom (3.3 kB at 15 kB/s)
11:08:02.432 [StreamPumper-systemOut] DEBUG - [INFO] Downloading from central: https://repo.maven.apache.org/maven2/com/google/cloud/google-cloud-core-parent/1.91.3/google-cloud-core-parent-1.91.3.pom
11:08:02.547 [StreamPumper-systemOut] DEBUG - [INFO] Downloaded from central: https://repo.maven.apache.org/maven2/com/google/cloud/google-cloud-core-parent/1.91.3/google-cloud-core-parent-1.91.3.pom (13 kB at 117 kB/s)
11:08:02.549 [StreamPumper-systemOut] DEBUG - [INFO] Downloading from central: https://repo.maven.apache.org/maven2/com/google/api-client/google-api-client-bom/1.30.4/google-api-client-bom-1.30.4.pom
11:08:02.569 [StreamPumper-systemOut] DEBUG - [INFO] Downloaded from central: https://repo.maven.apache.org/maven2/com/google/api-client/google-api-client-bom/1.30.4/google-api-client-bom-1.30.4.pom (6.5 kB at 323 kB/s)
11:08:02.570 [StreamPumper-systemOut] DEBUG - [INFO] Downloading from central: https://repo.maven.apache.org/maven2/com/google/guava/guava-bom/28.1-android/guava-bom-28.1-android.pom
11:08:02.587 [StreamPumper-systemOut] DEBUG - [INFO] Downloaded from central: https://repo.maven.apache.org/maven2/com/google/guava/guava-bom/28.1-android/guava-bom-28.1-android.pom (1.5 kB at 88 kB/s)
11:08:02.588 [StreamPumper-systemOut] DEBUG - [INFO] Downloading from central: https://repo.maven.apache.org/maven2/com/google/cloud/google-cloud-core/1.91.3/google-cloud-core-1.91.3.pom
11:08:02.803 [StreamPumper-systemOut] DEBUG - [INFO] Downloaded from central: https://repo.maven.apache.org/maven2/com/google/cloud/google-cloud-core/1.91.3/google-cloud-core-1.91.3.pom (3.3 kB at 15 kB/s)
11:08:02.805 [StreamPumper-systemOut] DEBUG - [INFO] Downloading from central: https://repo.maven.apache.org/maven2/com/google/api/gax/1.49.1/gax-1.49.1.pom
11:08:03.021 [StreamPumper-systemOut] DEBUG - [INFO] Downloaded from central: https://repo.maven.apache.org/maven2/com/google/api/gax/1.49.1/gax-1.49.1.pom (2.3 kB at 11 kB/s)
11:08:03.023 [StreamPumper-systemOut] DEBUG - [INFO] Downloading from central: https://repo.maven.apache.org/maven2/org/threeten/threetenbp/1.3.3/threetenbp-1.3.3.pom
11:08:03.041 [StreamPumper-systemOut] DEBUG - [INFO] Downloaded from central: https://repo.maven.apache.org/maven2/org/threeten/threetenbp/1.3.3/threetenbp-1.3.3.pom (28 kB at 1.5 MB/s)
11:08:03.042 [StreamPumper-systemOut] DEBUG - [INFO] Downloading from central: https://repo.maven.apache.org/maven2/com/google/api/api-common/1.8.1/api-common-1.8.1.pom
11:08:03.061 [StreamPumper-systemOut] DEBUG - [INFO] Downloaded from central: https://repo.maven.apache.org/maven2/com/google/api/api-common/1.8.1/api-common-1.8.1.pom (2.5 kB at 139 kB/s)
11:08:03.062 [StreamPumper-systemOut] DEBUG - [INFO] Downloading from central: https://repo.maven.apache.org/maven2/com/google/protobuf/protobuf-java-util/3.10.0/protobuf-java-util-3.10.0.pom
11:08:03.176 [StreamPumper-systemOut] DEBUG - [INFO] Downloaded from central: https://repo.maven.apache.org/maven2/com/google/protobuf/protobuf-java-util/3.10.0/protobuf-java-util-3.10.0.pom (4.8 kB at 42 kB/s)
11:08:03.177 [StreamPumper-systemOut] DEBUG - [INFO] Downloading from central: https://repo.maven.apache.org/maven2/com/google/protobuf/protobuf-parent/3.10.0/protobuf-parent-3.10.0.pom
11:08:03.194 [StreamPumper-systemOut] DEBUG - [INFO] Downloaded from central: https://repo.maven.apache.org/maven2/com/google/protobuf/protobuf-parent/3.10.0/protobuf-parent-3.10.0.pom (7.7 kB at 451 kB/s)
11:08:03.195 [StreamPumper-systemOut] DEBUG - [INFO] Downloading from central: https://repo.maven.apache.org/maven2/com/google/protobuf/protobuf-java/3.10.0/protobuf-java-3.10.0.pom
11:08:03.212 [StreamPumper-systemOut] DEBUG - [INFO] Downloaded from central: https://repo.maven.apache.org/maven2/com/google/protobuf/protobuf-java/3.10.0/protobuf-java-3.10.0.pom (5.4 kB at 319 kB/s)
11:08:03.214 [StreamPumper-systemOut] DEBUG - [INFO] Downloading from central: https://repo.maven.apache.org/maven2/com/google/code/gson/gson/2.8.5/gson-2.8.5.pom
11:08:03.231 [StreamPumper-systemOut] DEBUG - [INFO] Downloaded from central: https://repo.maven.apache.org/maven2/com/google/code/gson/gson/2.8.5/gson-2.8.5.pom (2.5 kB at 158 kB/s)
11:08:03.232 [StreamPumper-systemOut] DEBUG - [INFO] Downloading from central: https://repo.maven.apache.org/maven2/com/google/code/gson/gson-parent/2.8.5/gson-parent-2.8.5.pom
11:08:03.248 [StreamPumper-systemOut] DEBUG - [INFO] Downloaded from central: https://repo.maven.apache.org/maven2/com/google/code/gson/gson-parent/2.8.5/gson-parent-2.8.5.pom (3.8 kB at 236 kB/s)
11:08:03.250 [StreamPumper-systemOut] DEBUG - [INFO] Downloading from central: https://repo.maven.apache.org/maven2/com/google/api/grpc/proto-google-common-protos/1.17.0/proto-google-common-protos-1.17.0.pom
11:08:03.368 [StreamPumper-systemOut] DEBUG - [INFO] Downloaded from central: https://repo.maven.apache.org/maven2/com/google/api/grpc/proto-google-common-protos/1.17.0/proto-google-common-protos-1.17.0.pom (2.2 kB at 18 kB/s)
11:08:03.369 [StreamPumper-systemOut] DEBUG - [INFO] Downloading from central: https://repo.maven.apache.org/maven2/com/google/protobuf/protobuf-java/3.7.1/protobuf-java-3.7.1.pom
11:08:03.385 [StreamPumper-systemOut] DEBUG - [INFO] Downloaded from central: https://repo.maven.apache.org/maven2/com/google/protobuf/protobuf-java/3.7.1/protobuf-java-3.7.1.pom (5.3 kB at 332 kB/s)
11:08:03.386 [StreamPumper-systemOut] DEBUG - [INFO] Downloading from central: https://repo.maven.apache.org/maven2/com/google/protobuf/protobuf-parent/3.7.1/protobuf-parent-3.7.1.pom
11:08:03.404 [StreamPumper-systemOut] DEBUG - [INFO] Downloaded from central: https://repo.maven.apache.org/maven2/com/google/protobuf/protobuf-parent/3.7.1/protobuf-parent-3.7.1.pom (7.2 kB at 425 kB/s)
11:08:03.405 [StreamPumper-systemOut] DEBUG - [INFO] Downloading from central: https://repo.maven.apache.org/maven2/com/google/protobuf/protobuf-bom/3.7.1/protobuf-bom-3.7.1.pom
11:08:03.619 [StreamPumper-systemOut] DEBUG - [INFO] Downloaded from central: https://repo.maven.apache.org/maven2/com/google/protobuf/protobuf-bom/3.7.1/protobuf-bom-3.7.1.pom (3.6 kB at 17 kB/s)
11:08:03.621 [StreamPumper-systemOut] DEBUG - [INFO] Downloading from central: https://repo.maven.apache.org/maven2/com/google/api/grpc/proto-google-iam-v1/0.13.0/proto-google-iam-v1-0.13.0.pom
11:08:03.739 [StreamPumper-systemOut] DEBUG - [INFO] Downloaded from central: https://repo.maven.apache.org/maven2/com/google/api/grpc/proto-google-iam-v1/0.13.0/proto-google-iam-v1-0.13.0.pom (2.5 kB at 21 kB/s)
11:08:03.741 [StreamPumper-systemOut] DEBUG - [INFO] Downloading from central: https://repo.maven.apache.org/maven2/com/google/api/grpc/proto-google-common-protos/1.16.0/proto-google-common-protos-1.16.0.pom
11:08:03.760 [StreamPumper-systemOut] DEBUG - [INFO] Downloaded from central: https://repo.maven.apache.org/maven2/com/google/api/grpc/proto-google-common-protos/1.16.0/proto-google-common-protos-1.16.0.pom (1.5 kB at 79 kB/s)
11:08:03.761 [StreamPumper-systemOut] DEBUG - [INFO] Downloading from central: https://repo.maven.apache.org/maven2/com/google/http-client/google-http-client-appengine/1.32.1/google-http-client-appengine-1.32.1.pom
11:08:03.879 [StreamPumper-systemOut] DEBUG - [INFO] Downloaded from central: https://repo.maven.apache.org/maven2/com/google/http-client/google-http-client-appengine/1.32.1/google-http-client-appengine-1.32.1.pom (3.7 kB at 31 kB/s)
11:08:03.881 [StreamPumper-systemOut] DEBUG - [INFO] Downloading from central: https://repo.maven.apache.org/maven2/com/google/api/gax-httpjson/0.66.1/gax-httpjson-0.66.1.pom
11:08:04.102 [StreamPumper-systemOut] DEBUG - [INFO] Downloaded from central: https://repo.maven.apache.org/maven2/com/google/api/gax-httpjson/0.66.1/gax-httpjson-0.66.1.pom (2.9 kB at 13 kB/s)
11:08:04.104 [StreamPumper-systemOut] DEBUG - [INFO] Downloading from central: https://repo.maven.apache.org/maven2/com/google/cloud/google-cloud-nio/0.119.0-alpha/google-cloud-nio-0.119.0-alpha.pom
11:08:04.366 [StreamPumper-systemOut] DEBUG - [INFO] Downloaded from central: https://repo.maven.apache.org/maven2/com/google/cloud/google-cloud-nio/0.119.0-alpha/google-cloud-nio-0.119.0-alpha.pom (5.2 kB at 20 kB/s)
11:08:04.367 [StreamPumper-systemOut] DEBUG - [INFO] Downloading from central: https://repo.maven.apache.org/maven2/com/google/cloud/google-cloud-contrib/0.119.0-alpha/google-cloud-contrib-0.119.0-alpha.pom
11:08:04.594 [StreamPumper-systemOut] DEBUG - [INFO] Downloaded from central: https://repo.maven.apache.org/maven2/com/google/cloud/google-cloud-contrib/0.119.0-alpha/google-cloud-contrib-0.119.0-alpha.pom (1.6 kB at 7.0 kB/s)
11:08:04.596 [StreamPumper-systemOut] DEBUG - [INFO] Downloading from central: https://repo.maven.apache.org/maven2/com/google/api-client/google-api-client/1.30.4/google-api-client-1.30.4.pom
11:08:04.713 [StreamPumper-systemOut] DEBUG - [INFO] Downloaded from central: https://repo.maven.apache.org/maven2/com/google/api-client/google-api-client/1.30.4/google-api-client-1.30.4.pom (5.0 kB at 42 kB/s)
11:08:04.714 [StreamPumper-systemOut] DEBUG - [INFO] Downloading from central: https://repo.maven.apache.org/maven2/com/google/api-client/google-api-client-parent/1.30.4/google-api-client-parent-1.30.4.pom
11:08:04.832 [StreamPumper-systemOut] DEBUG - [INFO] Downloaded from central: https://repo.maven.apache.org/maven2/com/google/api-client/google-api-client-parent/1.30.4/google-api-client-parent-1.30.4.pom (20 kB at 173 kB/s)
11:08:04.834 [StreamPumper-systemOut] DEBUG - [INFO] Downloading from central: https://repo.maven.apache.org/maven2/com/google/oauth-client/google-oauth-client-bom/1.30.3/google-oauth-client-bom-1.30.3.pom
11:08:04.949 [StreamPumper-systemOut] DEBUG - [INFO] Downloaded from central: https://repo.maven.apache.org/maven2/com/google/oauth-client/google-oauth-client-bom/1.30.3/google-oauth-client-bom-1.30.3.pom (5.4 kB at 47 kB/s)
11:08:04.951 [StreamPumper-systemOut] DEBUG - [INFO] Downloading from central: https://repo.maven.apache.org/maven2/com/google/oauth-client/google-oauth-client/1.30.3/google-oauth-client-1.30.3.pom
11:08:05.069 [StreamPumper-systemOut] DEBUG - [INFO] Downloaded from central: https://repo.maven.apache.org/maven2/com/google/oauth-client/google-oauth-client/1.30.3/google-oauth-client-1.30.3.pom (3.6 kB at 30 kB/s)
11:08:05.071 [StreamPumper-systemOut] DEBUG - [INFO] Downloading from central: https://repo.maven.apache.org/maven2/com/google/oauth-client/google-oauth-client-parent/1.30.3/google-oauth-client-parent-1.30.3.pom
11:08:05.188 [StreamPumper-systemOut] DEBUG - [INFO] Downloaded from central: https://repo.maven.apache.org/maven2/com/google/oauth-client/google-oauth-client-parent/1.30.3/google-oauth-client-parent-1.30.3.pom (19 kB at 159 kB/s)
11:08:05.191 [StreamPumper-systemOut] DEBUG - [INFO] Downloading from central: https://repo.maven.apache.org/maven2/com/google/http-client/google-http-client/1.31.0/google-http-client-1.31.0.pom
11:08:05.208 [StreamPumper-systemOut] DEBUG - [INFO] Downloaded from central: https://repo.maven.apache.org/maven2/com/google/http-client/google-http-client/1.31.0/google-http-client-1.31.0.pom (4.1 kB at 226 kB/s)
11:08:05.209 [StreamPumper-systemOut] DEBUG - [INFO] Downloading from central: https://repo.maven.apache.org/maven2/com/google/http-client/google-http-client-parent/1.31.0/google-http-client-parent-1.31.0.pom
11:08:05.229 [StreamPumper-systemOut] DEBUG - [INFO] Downloaded from central: https://repo.maven.apache.org/maven2/com/google/http-client/google-http-client-parent/1.31.0/google-http-client-parent-1.31.0.pom (23 kB at 1.2 MB/s)
11:08:05.231 [StreamPumper-systemOut] DEBUG - [INFO] Downloading from central: https://repo.maven.apache.org/maven2/io/opencensus/opencensus-api/0.21.0/opencensus-api-0.21.0.pom
11:08:05.249 [StreamPumper-systemOut] DEBUG - [INFO] Downloaded from central: https://repo.maven.apache.org/maven2/io/opencensus/opencensus-api/0.21.0/opencensus-api-0.21.0.pom (2.2 kB at 118 kB/s)
11:08:05.250 [StreamPumper-systemOut] DEBUG - [INFO] Downloading from central: https://repo.maven.apache.org/maven2/io/grpc/grpc-context/1.19.0/grpc-context-1.19.0.pom
11:08:05.266 [StreamPumper-systemOut] DEBUG - [INFO] Downloaded from central: https://repo.maven.apache.org/maven2/io/grpc/grpc-context/1.19.0/grpc-context-1.19.0.pom (1.2 kB at 75 kB/s)
11:08:05.267 [StreamPumper-systemOut] DEBUG - [INFO] Downloading from central: https://repo.maven.apache.org/maven2/io/opencensus/opencensus-contrib-http-util/0.21.0/opencensus-contrib-http-util-0.21.0.pom
11:08:05.285 [StreamPumper-systemOut] DEBUG - [INFO] Downloaded from central: https://repo.maven.apache.org/maven2/io/opencensus/opencensus-contrib-http-util/0.21.0/opencensus-contrib-http-util-0.21.0.pom (2.4 kB at 136 kB/s)
11:08:05.291 [StreamPumper-systemOut] DEBUG - [INFO] Downloading from central: https://repo.maven.apache.org/maven2/com/google/cloud/google-cloud-storage/1.101.0/google-cloud-storage-1.101.0.jar
11:08:05.292 [StreamPumper-systemOut] DEBUG - [INFO] Downloading from central: https://repo.maven.apache.org/maven2/com/google/cloud/google-cloud-core-http/1.91.3/google-cloud-core-http-1.91.3.jar
11:08:05.292 [StreamPumper-systemOut] DEBUG - [INFO] Downloading from central: https://repo.maven.apache.org/maven2/com/google/cloud/google-cloud-core/1.91.3/google-cloud-core-1.91.3.jar
11:08:05.293 [StreamPumper-systemOut] DEBUG - [INFO] Downloading from central: https://repo.maven.apache.org/maven2/com/google/protobuf/protobuf-java-util/3.10.0/protobuf-java-util-3.10.0.jar
11:08:05.293 [StreamPumper-systemOut] DEBUG - [INFO] Downloading from central: https://repo.maven.apache.org/maven2/com/google/api/grpc/proto-google-common-protos/1.17.0/proto-google-common-protos-1.17.0.jar
11:08:05.414 [StreamPumper-systemOut] DEBUG - [INFO] Downloaded from central: https://repo.maven.apache.org/maven2/com/google/protobuf/protobuf-java-util/3.10.0/protobuf-java-util-3.10.0.jar (74 kB at 605 kB/s)
11:08:05.414 [StreamPumper-systemOut] DEBUG - [INFO] Downloading from central: https://repo.maven.apache.org/maven2/com/google/api/grpc/proto-google-iam-v1/0.13.0/proto-google-iam-v1-0.13.0.jar
11:08:05.434 [StreamPumper-systemOut] DEBUG - [INFO] Downloaded from central: https://repo.maven.apache.org/maven2/com/google/api/grpc/proto-google-iam-v1/0.13.0/proto-google-iam-v1-0.13.0.jar (146 kB at 1.0 MB/s)
11:08:05.434 [StreamPumper-systemOut] DEBUG - [INFO] Downloading from central: https://repo.maven.apache.org/maven2/org/threeten/threetenbp/1.3.3/threetenbp-1.3.3.jar
11:08:05.510 [StreamPumper-systemOut] DEBUG - [INFO] Downloaded from central: https://repo.maven.apache.org/maven2/com/google/cloud/google-cloud-core-http/1.91.3/google-cloud-core-http-1.91.3.jar (15 kB at 68 kB/s)
11:08:05.510 [StreamPumper-systemOut] DEBUG - [INFO] Downloading from central: https://repo.maven.apache.org/maven2/com/google/protobuf/protobuf-java/3.10.0/protobuf-java-3.10.0.jar
11:08:05.513 [StreamPumper-systemOut] DEBUG - [INFO] Downloaded from central: https://repo.maven.apache.org/maven2/com/google/cloud/google-cloud-core/1.91.3/google-cloud-core-1.91.3.jar (121 kB at 544 kB/s)
11:08:05.513 [StreamPumper-systemOut] DEBUG - [INFO] Downloading from central: https://repo.maven.apache.org/maven2/com/google/http-client/google-http-client-appengine/1.32.1/google-http-client-appengine-1.32.1.jar
11:08:05.538 [StreamPumper-systemOut] DEBUG - [INFO] Downloaded from central: https://repo.maven.apache.org/maven2/com/google/api/grpc/proto-google-common-protos/1.17.0/proto-google-common-protos-1.17.0.jar (1.3 MB at 5.5 MB/s)
11:08:05.538 [StreamPumper-systemOut] DEBUG - [INFO] Downloading from central: https://repo.maven.apache.org/maven2/com/google/api/gax/1.49.1/gax-1.49.1.jar
11:08:05.549 [StreamPumper-systemOut] DEBUG - [INFO] Downloaded from central: https://repo.maven.apache.org/maven2/com/google/protobuf/protobuf-java/3.10.0/protobuf-java-3.10.0.jar (1.7 MB at 6.5 MB/s)
11:08:05.549 [StreamPumper-systemOut] DEBUG - [INFO] Downloading from central: https://repo.maven.apache.org/maven2/com/google/api/gax-httpjson/0.66.1/gax-httpjson-0.66.1.jar
11:08:05.558 [StreamPumper-systemOut] DEBUG - [INFO] Downloaded from central: https://repo.maven.apache.org/maven2/org/threeten/threetenbp/1.3.3/threetenbp-1.3.3.jar (511 kB at 1.9 MB/s)
11:08:05.558 [StreamPumper-systemOut] DEBUG - [INFO] Downloading from central: https://repo.maven.apache.org/maven2/com/google/code/gson/gson/2.8.5/gson-2.8.5.jar
11:08:05.580 [StreamPumper-systemOut] DEBUG - [INFO] Downloaded from central: https://repo.maven.apache.org/maven2/com/google/code/gson/gson/2.8.5/gson-2.8.5.jar (242 kB at 842 kB/s)
11:08:05.580 [StreamPumper-systemOut] DEBUG - [INFO] Downloading from central: https://repo.maven.apache.org/maven2/io/opencensus/opencensus-contrib-http-util/0.24.0/opencensus-contrib-http-util-0.24.0.jar
11:08:05.597 [StreamPumper-systemOut] DEBUG - [INFO] Downloaded from central: https://repo.maven.apache.org/maven2/io/opencensus/opencensus-contrib-http-util/0.24.0/opencensus-contrib-http-util-0.24.0.jar (23 kB at 77 kB/s)
11:08:05.597 [StreamPumper-systemOut] DEBUG - [INFO] Downloading from central: https://repo.maven.apache.org/maven2/com/google/api/api-common/1.8.1/api-common-1.8.1.jar
11:08:05.656 [StreamPumper-systemOut] DEBUG - [INFO] Downloaded from central: https://repo.maven.apache.org/maven2/com/google/api/gax/1.49.1/gax-1.49.1.jar (322 kB at 887 kB/s)
11:08:05.656 [StreamPumper-systemOut] DEBUG - [INFO] Downloading from central: https://repo.maven.apache.org/maven2/com/google/http-client/google-http-client/1.32.1/google-http-client-1.32.1.jar
11:08:05.661 [StreamPumper-systemOut] DEBUG - [INFO] Downloaded from central: https://repo.maven.apache.org/maven2/com/google/cloud/google-cloud-storage/1.101.0/google-cloud-storage-1.101.0.jar (315 kB at 850 kB/s)
11:08:05.661 [StreamPumper-systemOut] DEBUG - [INFO] Downloading from central: https://repo.maven.apache.org/maven2/org/apache/httpcomponents/httpcore/4.4.12/httpcore-4.4.12.jar
11:08:05.668 [StreamPumper-systemOut] DEBUG - [INFO] Downloaded from central: https://repo.maven.apache.org/maven2/com/google/api/gax-httpjson/0.66.1/gax-httpjson-0.66.1.jar (70 kB at 188 kB/s)
11:08:05.668 [StreamPumper-systemOut] DEBUG - [INFO] Downloading from central: https://repo.maven.apache.org/maven2/com/google/http-client/google-http-client-jackson2/1.32.1/google-http-client-jackson2-1.32.1.jar
11:08:05.685 [StreamPumper-systemOut] DEBUG - [INFO] Downloaded from central: https://repo.maven.apache.org/maven2/com/google/http-client/google-http-client-jackson2/1.32.1/google-http-client-jackson2-1.32.1.jar (8.5 kB at 22 kB/s)
11:08:05.685 [StreamPumper-systemOut] DEBUG - [INFO] Downloading from central: https://repo.maven.apache.org/maven2/com/google/guava/guava/28.1-android/guava-28.1-android.jar
11:08:05.719 [StreamPumper-systemOut] DEBUG - [INFO] Downloaded from central: https://repo.maven.apache.org/maven2/com/google/guava/guava/28.1-android/guava-28.1-android.jar (2.6 MB at 6.1 MB/s)
11:08:05.719 [StreamPumper-systemOut] DEBUG - [INFO] Downloading from central: https://repo.maven.apache.org/maven2/com/google/errorprone/error_prone_annotations/2.3.2/error_prone_annotations-2.3.2.jar
11:08:05.731 [StreamPumper-systemOut] DEBUG - [INFO] Downloaded from central: https://repo.maven.apache.org/maven2/com/google/http-client/google-http-client-appengine/1.32.1/google-http-client-appengine-1.32.1.jar (18 kB at 41 kB/s)
11:08:05.731 [StreamPumper-systemOut] DEBUG - [INFO] Downloading from central: https://repo.maven.apache.org/maven2/org/codehaus/mojo/animal-sniffer-annotations/1.18/animal-sniffer-annotations-1.18.jar
11:08:05.735 [StreamPumper-systemOut] DEBUG - [INFO] Downloaded from central: https://repo.maven.apache.org/maven2/com/google/errorprone/error_prone_annotations/2.3.2/error_prone_annotations-2.3.2.jar (13 kB at 30 kB/s)
11:08:05.735 [StreamPumper-systemOut] DEBUG - [INFO] Downloading from central: https://repo.maven.apache.org/maven2/com/google/cloud/google-cloud-nio/0.119.0-alpha/google-cloud-nio-0.119.0-alpha.jar
11:08:05.748 [StreamPumper-systemOut] DEBUG - [INFO] Downloaded from central: https://repo.maven.apache.org/maven2/org/codehaus/mojo/animal-sniffer-annotations/1.18/animal-sniffer-annotations-1.18.jar (3.5 kB at 7.6 kB/s)
11:08:05.775 [StreamPumper-systemOut] DEBUG - [INFO] Downloaded from central: https://repo.maven.apache.org/maven2/com/google/http-client/google-http-client/1.32.1/google-http-client-1.32.1.jar (283 kB at 587 kB/s)
11:08:05.812 [StreamPumper-systemOut] DEBUG - [INFO] Downloaded from central: https://repo.maven.apache.org/maven2/org/apache/httpcomponents/httpcore/4.4.12/httpcore-4.4.12.jar (328 kB at 633 kB/s)
11:08:05.818 [StreamPumper-systemOut] DEBUG - [INFO] Downloaded from central: https://repo.maven.apache.org/maven2/com/google/api/api-common/1.8.1/api-common-1.8.1.jar (45 kB at 86 kB/s)
11:08:05.961 [StreamPumper-systemOut] DEBUG - [INFO] Downloaded from central: https://repo.maven.apache.org/maven2/com/google/cloud/google-cloud-nio/0.119.0-alpha/google-cloud-nio-0.119.0-alpha.jar (99 kB at 148 kB/s)
11:08:05.965 [StreamPumper-systemOut] DEBUG - [INFO] 
11:08:05.965 [StreamPumper-systemOut] DEBUG - [INFO] --- maven-dependency-plugin:2.8:build-classpath (default-cli) @ digdag-storage-gcs ---
11:08:05.967 [StreamPumper-systemOut] DEBUG - [INFO] Wrote classpath file '/home/alex/Respector-fork/dataset/digdag/digdag-storage-gcs/spoon.classpath-app.tmp'.
11:08:05.967 [StreamPumper-systemOut] DEBUG - [INFO] 
11:08:05.967 [StreamPumper-systemOut] DEBUG - [INFO] ------------------------< io.digdag:digdag-cli >------------------------
11:08:05.967 [StreamPumper-systemOut] DEBUG - [INFO] Building digdag-cli 0.10.5                                       [14/17]
11:08:05.967 [StreamPumper-systemOut] DEBUG - [INFO] --------------------------------[ jar ]---------------------------------
11:08:05.972 [StreamPumper-systemOut] DEBUG - [INFO] Downloading from central: https://repo.maven.apache.org/maven2/org/fusesource/jansi/jansi/1.11/jansi-1.11.pom
11:08:05.989 [StreamPumper-systemOut] DEBUG - [INFO] Downloaded from central: https://repo.maven.apache.org/maven2/org/fusesource/jansi/jansi/1.11/jansi-1.11.pom (3.6 kB at 212 kB/s)
11:08:05.990 [StreamPumper-systemOut] DEBUG - [INFO] Downloading from central: https://repo.maven.apache.org/maven2/org/fusesource/jansi/jansi-project/1.11/jansi-project-1.11.pom
11:08:06.007 [StreamPumper-systemOut] DEBUG - [INFO] Downloaded from central: https://repo.maven.apache.org/maven2/org/fusesource/jansi/jansi-project/1.11/jansi-project-1.11.pom (11 kB at 673 kB/s)
11:08:06.008 [StreamPumper-systemOut] DEBUG - [INFO] Downloading from central: https://repo.maven.apache.org/maven2/org/fusesource/fusesource-pom/1.8/fusesource-pom-1.8.pom
11:08:06.024 [StreamPumper-systemOut] DEBUG - [INFO] Downloaded from central: https://repo.maven.apache.org/maven2/org/fusesource/fusesource-pom/1.8/fusesource-pom-1.8.pom (15 kB at 916 kB/s)
11:08:06.026 [StreamPumper-systemOut] DEBUG - [INFO] Downloading from central: https://repo.maven.apache.org/maven2/com/beust/jcommander/1.58/jcommander-1.58.pom
11:08:06.142 [StreamPumper-systemOut] DEBUG - [INFO] Downloaded from central: https://repo.maven.apache.org/maven2/com/beust/jcommander/1.58/jcommander-1.58.pom (1.2 kB at 10 kB/s)
11:08:06.153 [StreamPumper-systemOut] DEBUG - [INFO] Downloading from central: https://repo.maven.apache.org/maven2/io/digdag/digdag-server/0.10.5/digdag-server-0.10.5.jar
11:08:06.154 [StreamPumper-systemOut] DEBUG - [INFO] Downloading from central: https://repo.maven.apache.org/maven2/io/digdag/digdag-standards/0.10.5/digdag-standards-0.10.5.jar
11:08:06.154 [StreamPumper-systemOut] DEBUG - [INFO] Downloading from central: https://repo.maven.apache.org/maven2/org/fusesource/jansi/jansi/1.11/jansi-1.11.jar
11:08:06.155 [StreamPumper-systemOut] DEBUG - [INFO] Downloading from central: https://repo.maven.apache.org/maven2/com/beust/jcommander/1.58/jcommander-1.58.jar
11:08:06.155 [StreamPumper-systemOut] DEBUG - [INFO] Downloading from central: https://repo.maven.apache.org/maven2/io/digdag/digdag-storage-s3/0.10.5/digdag-storage-s3-0.10.5.jar
11:08:06.171 [StreamPumper-systemOut] DEBUG - [INFO] Downloaded from central: https://repo.maven.apache.org/maven2/org/fusesource/jansi/jansi/1.11/jansi-1.11.jar (114 kB at 6.4 MB/s)
11:08:06.172 [StreamPumper-systemOut] DEBUG - [INFO] Downloading from central: https://repo.maven.apache.org/maven2/io/digdag/digdag-storage-gcs/0.10.5/digdag-storage-gcs-0.10.5.jar
11:08:06.375 [StreamPumper-systemOut] DEBUG - [INFO] Downloaded from central: https://repo.maven.apache.org/maven2/com/beust/jcommander/1.58/jcommander-1.58.jar (62 kB at 282 kB/s)
11:08:06.387 [StreamPumper-systemOut] DEBUG - [INFO] Downloaded from central: https://repo.maven.apache.org/maven2/io/digdag/digdag-standards/0.10.5/digdag-standards-0.10.5.jar (667 kB at 2.9 MB/s)
11:08:06.387 [StreamPumper-systemOut] DEBUG - [INFO] Downloaded from central: https://repo.maven.apache.org/maven2/io/digdag/digdag-storage-gcs/0.10.5/digdag-storage-gcs-0.10.5.jar (10 kB at 44 kB/s)
11:08:06.445 [StreamPumper-systemOut] DEBUG - [INFO] Downloaded from central: https://repo.maven.apache.org/maven2/io/digdag/digdag-storage-s3/0.10.5/digdag-storage-s3-0.10.5.jar (12 kB at 40 kB/s)
11:08:06.503 [StreamPumper-systemOut] DEBUG - [INFO] Downloaded from central: https://repo.maven.apache.org/maven2/io/digdag/digdag-server/0.10.5/digdag-server-0.10.5.jar (174 kB at 496 kB/s)
11:08:06.505 [StreamPumper-systemOut] DEBUG - [INFO] 
11:08:06.505 [StreamPumper-systemOut] DEBUG - [INFO] --- maven-dependency-plugin:2.8:build-classpath (default-cli) @ digdag-cli ---
11:08:06.507 [StreamPumper-systemOut] DEBUG - [INFO] Wrote classpath file '/home/alex/Respector-fork/dataset/digdag/digdag-cli/spoon.classpath-app.tmp'.
11:08:06.507 [StreamPumper-systemOut] DEBUG - [INFO] 
11:08:06.507 [StreamPumper-systemOut] DEBUG - [INFO] -----------------------< io.digdag:digdag-docs >------------------------
11:08:06.507 [StreamPumper-systemOut] DEBUG - [INFO] Building digdag-docs 0.10.5                                      [15/17]
11:08:06.507 [StreamPumper-systemOut] DEBUG - [INFO] --------------------------------[ jar ]---------------------------------
11:08:06.509 [StreamPumper-systemOut] DEBUG - [INFO] 
11:08:06.509 [StreamPumper-systemOut] DEBUG - [INFO] --- maven-dependency-plugin:2.8:build-classpath (default-cli) @ digdag-docs ---
11:08:06.509 [StreamPumper-systemOut] DEBUG - [INFO] Wrote classpath file '/home/alex/Respector-fork/dataset/digdag/digdag-docs/spoon.classpath-app.tmp'.
11:08:06.509 [StreamPumper-systemOut] DEBUG - [INFO] 
11:08:06.509 [StreamPumper-systemOut] DEBUG - [INFO] -----------------------< io.digdag:digdag-tests >-----------------------
11:08:06.509 [StreamPumper-systemOut] DEBUG - [INFO] Building digdag-tests 0.10.5                                     [16/17]
11:08:06.509 [StreamPumper-systemOut] DEBUG - [INFO] --------------------------------[ jar ]---------------------------------
11:08:06.515 [StreamPumper-systemOut] DEBUG - [INFO] Downloading from central: https://repo.maven.apache.org/maven2/xyz/rogfam/littleproxy/2.0.3/littleproxy-2.0.3.pom
11:08:06.733 [StreamPumper-systemOut] DEBUG - [INFO] Downloaded from central: https://repo.maven.apache.org/maven2/xyz/rogfam/littleproxy/2.0.3/littleproxy-2.0.3.pom (28 kB at 130 kB/s)
11:08:06.737 [StreamPumper-systemOut] DEBUG - [INFO] Downloading from central: https://repo.maven.apache.org/maven2/io/netty/netty-all/4.1.52.Final/netty-all-4.1.52.Final.pom
11:08:06.958 [StreamPumper-systemOut] DEBUG - [INFO] Downloaded from central: https://repo.maven.apache.org/maven2/io/netty/netty-all/4.1.52.Final/netty-all-4.1.52.Final.pom (27 kB at 123 kB/s)
11:08:06.960 [StreamPumper-systemOut] DEBUG - [INFO] Downloading from central: https://repo.maven.apache.org/maven2/io/netty/netty-parent/4.1.52.Final/netty-parent-4.1.52.Final.pom
11:08:06.978 [StreamPumper-systemOut] DEBUG - [INFO] Downloaded from central: https://repo.maven.apache.org/maven2/io/netty/netty-parent/4.1.52.Final/netty-parent-4.1.52.Final.pom (58 kB at 3.2 MB/s)
11:08:06.981 [StreamPumper-systemOut] DEBUG - [INFO] Downloading from central: https://repo.maven.apache.org/maven2/io/netty/netty-bom/4.1.52.Final/netty-bom-4.1.52.Final.pom
11:08:06.998 [StreamPumper-systemOut] DEBUG - [INFO] Downloaded from central: https://repo.maven.apache.org/maven2/io/netty/netty-bom/4.1.52.Final/netty-bom-4.1.52.Final.pom (8.8 kB at 516 kB/s)
11:08:07.000 [StreamPumper-systemOut] DEBUG - [INFO] Downloading from central: https://repo.maven.apache.org/maven2/com/barchart/udt/barchart-udt-bundle/2.3.0/barchart-udt-bundle-2.3.0.pom
11:08:07.121 [StreamPumper-systemOut] DEBUG - [INFO] Downloaded from central: https://repo.maven.apache.org/maven2/com/barchart/udt/barchart-udt-bundle/2.3.0/barchart-udt-bundle-2.3.0.pom (8.2 kB at 68 kB/s)
11:08:07.122 [StreamPumper-systemOut] DEBUG - [INFO] Downloading from central: https://repo.maven.apache.org/maven2/com/barchart/udt/barchart-udt-archon/2.3.0/barchart-udt-archon-2.3.0.pom
11:08:07.140 [StreamPumper-systemOut] DEBUG - [INFO] Downloaded from central: https://repo.maven.apache.org/maven2/com/barchart/udt/barchart-udt-archon/2.3.0/barchart-udt-archon-2.3.0.pom (12 kB at 701 kB/s)
11:08:07.141 [StreamPumper-systemOut] DEBUG - [INFO] Downloading from central: https://repo.maven.apache.org/maven2/com/barchart/base/barchart-archon/2.5.10/barchart-archon-2.5.10.pom
11:08:07.158 [StreamPumper-systemOut] DEBUG - [INFO] Downloaded from central: https://repo.maven.apache.org/maven2/com/barchart/base/barchart-archon/2.5.10/barchart-archon-2.5.10.pom (60 kB at 3.5 MB/s)
11:08:07.161 [StreamPumper-systemOut] DEBUG - [INFO] Downloading from central: https://repo.maven.apache.org/maven2/org/apache/avro/avro/1.8.1/avro-1.8.1.pom
11:08:07.178 [StreamPumper-systemOut] DEBUG - [INFO] Downloaded from central: https://repo.maven.apache.org/maven2/org/apache/avro/avro/1.8.1/avro-1.8.1.pom (7.1 kB at 417 kB/s)
11:08:07.179 [StreamPumper-systemOut] DEBUG - [INFO] Downloading from central: https://repo.maven.apache.org/maven2/org/apache/avro/avro-parent/1.8.1/avro-parent-1.8.1.pom
11:08:07.196 [StreamPumper-systemOut] DEBUG - [INFO] Downloaded from central: https://repo.maven.apache.org/maven2/org/apache/avro/avro-parent/1.8.1/avro-parent-1.8.1.pom (21 kB at 1.2 MB/s)
11:08:07.197 [StreamPumper-systemOut] DEBUG - [INFO] Downloading from central: https://repo.maven.apache.org/maven2/org/apache/avro/avro-toplevel/1.8.1/avro-toplevel-1.8.1.pom
11:08:07.214 [StreamPumper-systemOut] DEBUG - [INFO] Downloaded from central: https://repo.maven.apache.org/maven2/org/apache/avro/avro-toplevel/1.8.1/avro-toplevel-1.8.1.pom (15 kB at 902 kB/s)
11:08:07.216 [StreamPumper-systemOut] DEBUG - [INFO] Downloading from central: https://repo.maven.apache.org/maven2/com/thoughtworks/paranamer/paranamer/2.7/paranamer-2.7.pom
11:08:07.234 [StreamPumper-systemOut] DEBUG - [INFO] Downloaded from central: https://repo.maven.apache.org/maven2/com/thoughtworks/paranamer/paranamer/2.7/paranamer-2.7.pom (5.3 kB at 293 kB/s)
11:08:07.235 [StreamPumper-systemOut] DEBUG - [INFO] Downloading from central: https://repo.maven.apache.org/maven2/com/thoughtworks/paranamer/paranamer-parent/2.7/paranamer-parent-2.7.pom
11:08:07.252 [StreamPumper-systemOut] DEBUG - [INFO] Downloaded from central: https://repo.maven.apache.org/maven2/com/thoughtworks/paranamer/paranamer-parent/2.7/paranamer-parent-2.7.pom (12 kB at 677 kB/s)
11:08:07.253 [StreamPumper-systemOut] DEBUG - [INFO] Downloading from central: https://repo.maven.apache.org/maven2/org/xerial/snappy/snappy-java/1.1.1.3/snappy-java-1.1.1.3.pom
11:08:07.273 [StreamPumper-systemOut] DEBUG - [INFO] Downloaded from central: https://repo.maven.apache.org/maven2/org/xerial/snappy/snappy-java/1.1.1.3/snappy-java-1.1.1.3.pom (3.3 kB at 164 kB/s)
11:08:07.274 [StreamPumper-systemOut] DEBUG - [INFO] Downloading from central: https://repo.maven.apache.org/maven2/org/tukaani/xz/1.5/xz-1.5.pom
11:08:07.291 [StreamPumper-systemOut] DEBUG - [INFO] Downloaded from central: https://repo.maven.apache.org/maven2/org/tukaani/xz/1.5/xz-1.5.pom (1.9 kB at 112 kB/s)
11:08:07.302 [StreamPumper-systemOut] DEBUG - [INFO] Downloading from central: https://repo.maven.apache.org/maven2/io/digdag/digdag-cli/0.10.5/digdag-cli-0.10.5.jar
11:08:07.303 [StreamPumper-systemOut] DEBUG - [INFO] Downloading from central: https://repo.maven.apache.org/maven2/xyz/rogfam/littleproxy/2.0.3/littleproxy-2.0.3.jar
11:08:07.303 [StreamPumper-systemOut] DEBUG - [INFO] Downloading from central: https://repo.maven.apache.org/maven2/javax/mail/mail/1.4.4/mail-1.4.4.jar
11:08:07.313 [StreamPumper-systemOut] DEBUG - [INFO] Downloading from central: https://repo.maven.apache.org/maven2/io/netty/netty-all/4.1.52.Final/netty-all-4.1.52.Final.jar
11:08:07.314 [StreamPumper-systemOut] DEBUG - [INFO] Downloading from central: https://repo.maven.apache.org/maven2/com/barchart/udt/barchart-udt-bundle/2.3.0/barchart-udt-bundle-2.3.0.jar
11:08:07.446 [StreamPumper-systemOut] DEBUG - [INFO] Downloaded from central: https://repo.maven.apache.org/maven2/com/barchart/udt/barchart-udt-bundle/2.3.0/barchart-udt-bundle-2.3.0.jar (1.8 MB at 13 MB/s)
11:08:07.446 [StreamPumper-systemOut] DEBUG - [INFO] Downloading from central: https://repo.maven.apache.org/maven2/org/apache/avro/avro/1.8.1/avro-1.8.1.jar
11:08:07.471 [StreamPumper-systemOut] DEBUG - [INFO] Downloaded from central: https://repo.maven.apache.org/maven2/org/apache/avro/avro/1.8.1/avro-1.8.1.jar (1.3 MB at 8.0 MB/s)
11:08:07.471 [StreamPumper-systemOut] DEBUG - [INFO] Downloading from central: https://repo.maven.apache.org/maven2/com/thoughtworks/paranamer/paranamer/2.7/paranamer-2.7.jar
11:08:07.488 [StreamPumper-systemOut] DEBUG - [INFO] Downloaded from central: https://repo.maven.apache.org/maven2/com/thoughtworks/paranamer/paranamer/2.7/paranamer-2.7.jar (35 kB at 187 kB/s)
11:08:07.488 [StreamPumper-systemOut] DEBUG - [INFO] Downloading from central: https://repo.maven.apache.org/maven2/org/xerial/snappy/snappy-java/1.1.1.3/snappy-java-1.1.1.3.jar
11:08:07.510 [StreamPumper-systemOut] DEBUG - [INFO] Downloaded from central: https://repo.maven.apache.org/maven2/org/xerial/snappy/snappy-java/1.1.1.3/snappy-java-1.1.1.3.jar (589 kB at 2.8 MB/s)
11:08:07.510 [StreamPumper-systemOut] DEBUG - [INFO] Downloading from central: https://repo.maven.apache.org/maven2/org/tukaani/xz/1.5/xz-1.5.jar
11:08:07.523 [StreamPumper-systemOut] DEBUG - [INFO] Downloaded from central: https://repo.maven.apache.org/maven2/xyz/rogfam/littleproxy/2.0.3/littleproxy-2.0.3.jar (139 kB at 627 kB/s)
11:08:07.528 [StreamPumper-systemOut] DEBUG - [INFO] Downloaded from central: https://repo.maven.apache.org/maven2/org/tukaani/xz/1.5/xz-1.5.jar (100 kB at 442 kB/s)
11:08:07.528 [StreamPumper-systemOut] DEBUG - [INFO] Downloaded from central: https://repo.maven.apache.org/maven2/io/digdag/digdag-cli/0.10.5/digdag-cli-0.10.5.jar (217 kB at 957 kB/s)
11:08:07.557 [StreamPumper-systemOut] DEBUG - [INFO] Downloaded from central: https://repo.maven.apache.org/maven2/javax/mail/mail/1.4.4/mail-1.4.4.jar (495 kB at 1.9 MB/s)
11:08:07.594 [StreamPumper-systemOut] DEBUG - [INFO] Downloaded from central: https://repo.maven.apache.org/maven2/io/netty/netty-all/4.1.52.Final/netty-all-4.1.52.Final.jar (4.3 MB at 15 MB/s)
11:08:07.597 [StreamPumper-systemOut] DEBUG - [INFO] 
11:08:07.597 [StreamPumper-systemOut] DEBUG - [INFO] --- maven-dependency-plugin:2.8:build-classpath (default-cli) @ digdag-tests ---
11:08:07.598 [StreamPumper-systemOut] DEBUG - [INFO] Wrote classpath file '/home/alex/Respector-fork/dataset/digdag/digdag-tests/spoon.classpath-app.tmp'.
11:08:07.599 [StreamPumper-systemOut] DEBUG - [INFO] 
11:08:07.599 [StreamPumper-systemOut] DEBUG - [INFO] ------------------------< io.digdag:digdag-ui >-------------------------
11:08:07.599 [StreamPumper-systemOut] DEBUG - [INFO] Building digdag-ui 0.10.5                                        [17/17]
11:08:07.599 [StreamPumper-systemOut] DEBUG - [INFO] --------------------------------[ jar ]---------------------------------
11:08:07.600 [StreamPumper-systemOut] DEBUG - [INFO] 
11:08:07.600 [StreamPumper-systemOut] DEBUG - [INFO] --- maven-dependency-plugin:2.8:build-classpath (default-cli) @ digdag-ui ---
11:08:07.601 [StreamPumper-systemOut] DEBUG - [INFO] Wrote classpath file '/home/alex/Respector-fork/dataset/digdag/digdag-ui/spoon.classpath-app.tmp'.
11:08:07.601 [StreamPumper-systemOut] DEBUG - [INFO] ------------------------------------------------------------------------
11:08:07.601 [StreamPumper-systemOut] DEBUG - [INFO] Reactor Summary for digdag 0.10.5:
11:08:07.601 [StreamPumper-systemOut] DEBUG - [INFO] 
11:08:07.602 [StreamPumper-systemOut] DEBUG - [INFO] digdag ............................................. SUCCESS [  0.454 s]
11:08:07.602 [StreamPumper-systemOut] DEBUG - [INFO] digdag-commons ..................................... SUCCESS [  3.446 s]
11:08:07.602 [StreamPumper-systemOut] DEBUG - [INFO] digdag-client ...................................... SUCCESS [  2.738 s]
11:08:07.602 [StreamPumper-systemOut] DEBUG - [INFO] digdag-guice-rs-server ............................. SUCCESS [  0.829 s]
11:08:07.602 [StreamPumper-systemOut] DEBUG - [INFO] digdag-spi ......................................... SUCCESS [  0.278 s]
11:08:07.602 [StreamPumper-systemOut] DEBUG - [INFO] digdag-plugin-utils ................................ SUCCESS [  0.234 s]
11:08:07.602 [StreamPumper-systemOut] DEBUG - [INFO] digdag-core ........................................ SUCCESS [  3.935 s]
11:08:07.602 [StreamPumper-systemOut] DEBUG - [INFO] digdag-guice-rs .................................... SUCCESS [  0.767 s]
11:08:07.602 [StreamPumper-systemOut] DEBUG - [INFO] digdag-guice-rs-server-undertow .................... SUCCESS [  1.264 s]
11:08:07.602 [StreamPumper-systemOut] DEBUG - [INFO] digdag-server ...................................... SUCCESS [  0.688 s]
11:08:07.602 [StreamPumper-systemOut] DEBUG - [INFO] digdag-standards ................................... SUCCESS [ 22.209 s]
11:08:07.602 [StreamPumper-systemOut] DEBUG - [INFO] digdag-storage-s3 .................................. SUCCESS [  0.049 s]
11:08:07.602 [StreamPumper-systemOut] DEBUG - [INFO] digdag-storage-gcs ................................. SUCCESS [  7.283 s]
11:08:07.602 [StreamPumper-systemOut] DEBUG - [INFO] digdag-cli ......................................... SUCCESS [  0.540 s]
11:08:07.602 [StreamPumper-systemOut] DEBUG - [INFO] digdag-docs ........................................ SUCCESS [  0.002 s]
11:08:07.602 [StreamPumper-systemOut] DEBUG - [INFO] digdag-tests ....................................... SUCCESS [  1.089 s]
11:08:07.602 [StreamPumper-systemOut] DEBUG - [INFO] digdag-ui .......................................... SUCCESS [  0.002 s]
11:08:07.602 [StreamPumper-systemOut] DEBUG - [INFO] ------------------------------------------------------------------------
11:08:07.602 [StreamPumper-systemOut] DEBUG - [INFO] BUILD SUCCESS
11:08:07.602 [StreamPumper-systemOut] DEBUG - [INFO] ------------------------------------------------------------------------
11:08:07.602 [StreamPumper-systemOut] DEBUG - [INFO] Total time:  46.686 s
11:08:07.602 [StreamPumper-systemOut] DEBUG - [INFO] Finished at: 2025-07-21T11:08:07+02:00
11:08:07.602 [StreamPumper-systemOut] DEBUG - [INFO] ------------------------------------------------------------------------
11:08:07.646 [main] INFO  - Running in FULLCLASSPATH mode. Source folders and dependencies are inferred from the pom.xml file (doc: http://spoon.gforge.inria.fr/launcher.html).
11:08:12.804 [main] DEBUG - Logging Provider: org.jboss.logging.Slf4jLoggerProvider
11:08:12.807 [main] INFO  - XNIO version 3.3.8.Final
11:08:13.430 [main] DEBUG - Logging to Logger[org.eclipse.jetty.util.log] via org.eclipse.jetty.util.log.Slf4jLog
11:08:13.440 [main] INFO  - Logging initialized @61105ms
11:08:13.472 [main] DEBUG - Internal logging successfully configured to commons logger: true
11:08:13.771 [main] DEBUG - Admin mbean registered under com.amazonaws.management:type=AwsSdkMetrics
Detected Framework via Type Annotations: JAX-RS (Java EE)
Detected profiles: [default]
11:08:14.518 [main] INFO  - Transforming getUserInfo controller method
11:08:14.521 [main] DEBUG - Called mapGet with annotation name "", path /api/admin/attempts/{id}/userinfo, method [GET], produces null
11:08:14.522 [main] DEBUG - Base Controller Path /, Path /api/admin/attempts/{id}/userinfo, fullPath //api/admin/attempts/{id}/userinfo, cleanedPath //api/admin/attempts/{id}/userinfo
11:08:14.525 [main] DEBUG - Transforming Parameters - Actual Param: @javax.ws.rs.PathParam("id")
long id 
11:08:14.528 [main] DEBUG - Mapping simple parameter id (Parameter: @javax.ws.rs.PathParam("id")
long id)
11:08:14.556 [main] INFO  - Transforming collectResumingTasks controller method
11:08:14.556 [main] INFO  - Transforming collectResumingTasksForResumeFailedMode controller method
11:08:14.556 [main] INFO  - Transforming collectResumingTasksForResumeFromMode controller method
11:08:14.556 [main] INFO  - Transforming getAttempt controller method
11:08:14.556 [main] DEBUG - Called mapGet with annotation name "", path /api/attempts/{id}, method [GET], produces null
11:08:14.557 [main] DEBUG - Base Controller Path /, Path /api/attempts/{id}, fullPath //api/attempts/{id}, cleanedPath //api/attempts/{id}
11:08:14.557 [main] DEBUG - Transforming Parameters - Actual Param: @io.swagger.annotations.ApiParam(value = "attempt id", required = true)
@javax.ws.rs.PathParam("id")
long id 
11:08:14.557 [main] DEBUG - Mapping simple parameter id (Parameter: @io.swagger.annotations.ApiParam(value = "attempt id", required = true)
@javax.ws.rs.PathParam("id")
long id)
11:08:14.568 [main] INFO  - Transforming getAttemptRetries controller method
11:08:14.568 [main] DEBUG - Called mapGet with annotation name "", path /api/attempts/{id}/retries, method [GET], produces null
11:08:14.568 [main] DEBUG - Base Controller Path /, Path /api/attempts/{id}/retries, fullPath //api/attempts/{id}/retries, cleanedPath //api/attempts/{id}/retries
11:08:14.568 [main] DEBUG - Transforming Parameters - Actual Param: @io.swagger.annotations.ApiParam(value = "attempt id", required = true)
@javax.ws.rs.PathParam("id")
long id 
11:08:14.569 [main] DEBUG - Mapping simple parameter id (Parameter: @io.swagger.annotations.ApiParam(value = "attempt id", required = true)
@javax.ws.rs.PathParam("id")
long id)
11:08:14.578 [main] INFO  - Transforming getAttempts controller method
11:08:14.579 [main] DEBUG - Called mapGet with annotation name "", path /api/attempts, method [GET], produces null
11:08:14.579 [main] DEBUG - Base Controller Path /, Path /api/attempts, fullPath //api/attempts, cleanedPath //api/attempts
11:08:14.579 [main] DEBUG - Transforming Parameters - Actual Param: @io.swagger.annotations.ApiParam(value = "exact matching filter on project name", required = false)
@javax.ws.rs.QueryParam("project")
java.lang.String projName 
11:08:14.581 [main] DEBUG - Mapping simple parameter projName (Parameter: @io.swagger.annotations.ApiParam(value = "exact matching filter on project name", required = false)
@javax.ws.rs.QueryParam("project")
java.lang.String projName)
11:08:14.590 [main] DEBUG - Transforming Parameters - Actual Param: @io.swagger.annotations.ApiParam(value = "exact matching filter on workflow name", required = false)
@javax.ws.rs.QueryParam("workflow")
java.lang.String wfName 
11:08:14.590 [main] DEBUG - Mapping simple parameter wfName (Parameter: @io.swagger.annotations.ApiParam(value = "exact matching filter on workflow name", required = false)
@javax.ws.rs.QueryParam("workflow")
java.lang.String wfName)
11:08:14.593 [main] DEBUG - Transforming Parameters - Actual Param: @io.swagger.annotations.ApiParam(value = "list more than 1 attempts per session", required = false)
@javax.ws.rs.QueryParam("include_retried")
boolean includeRetried 
11:08:14.593 [main] DEBUG - Mapping simple parameter includeRetried (Parameter: @io.swagger.annotations.ApiParam(value = "list more than 1 attempts per session", required = false)
@javax.ws.rs.QueryParam("include_retried")
boolean includeRetried)
11:08:14.593 [main] DEBUG - Transforming Parameters - Actual Param: @io.swagger.annotations.ApiParam(value = "list attempts whose id is grater than this id for pagination", required = false)
@javax.ws.rs.QueryParam("last_id")
java.lang.Long lastId 
11:08:14.594 [main] DEBUG - Mapping simple parameter lastId (Parameter: @io.swagger.annotations.ApiParam(value = "list attempts whose id is grater than this id for pagination", required = false)
@javax.ws.rs.QueryParam("last_id")
java.lang.Long lastId)
11:08:14.597 [main] DEBUG - Transforming Parameters - Actual Param: @io.swagger.annotations.ApiParam(value = "number of attempts to return", required = false)
@javax.ws.rs.QueryParam("page_size")
java.lang.Integer pageSize 
11:08:14.597 [main] DEBUG - Mapping simple parameter pageSize (Parameter: @io.swagger.annotations.ApiParam(value = "number of attempts to return", required = false)
@javax.ws.rs.QueryParam("page_size")
java.lang.Integer pageSize)
11:08:14.610 [main] INFO  - Transforming getTasks controller method
11:08:14.610 [main] DEBUG - Called mapGet with annotation name "", path /api/attempts/{id}/tasks, method [GET], produces null
11:08:14.610 [main] DEBUG - Base Controller Path /, Path /api/attempts/{id}/tasks, fullPath //api/attempts/{id}/tasks, cleanedPath //api/attempts/{id}/tasks
11:08:14.610 [main] DEBUG - Transforming Parameters - Actual Param: @io.swagger.annotations.ApiParam(value = "attempt id", required = true)
@javax.ws.rs.PathParam("id")
long id 
11:08:14.611 [main] DEBUG - Mapping simple parameter id (Parameter: @io.swagger.annotations.ApiParam(value = "attempt id", required = true)
@javax.ws.rs.PathParam("id")
long id)
11:08:14.638 [main] INFO  - Transforming killAttempt controller method
11:08:14.652 [main] DEBUG - Transforming Parameters - Actual Param: @io.swagger.annotations.ApiParam(value = "attempt id", required = true)
@javax.ws.rs.PathParam("id")
long id 
11:08:14.653 [main] DEBUG - Mapping simple parameter id (Parameter: @io.swagger.annotations.ApiParam(value = "attempt id", required = true)
@javax.ws.rs.PathParam("id")
long id)
11:08:14.669 [main] INFO  - Transforming matchTaskPattern controller method
11:08:14.669 [main] INFO  - Transforming startAttempt controller method
11:08:14.688 [main] DEBUG - Transforming Parameters - Actual Param: io.digdag.client.api.RestSessionAttemptRequest request 
11:08:14.711 [main] INFO  - Transforming getFile controller method
11:08:14.711 [main] DEBUG - Called mapGet with annotation name "", path /api/logs/{attempt_id}/files/{file_name}, method [GET], produces application/gzip
11:08:14.712 [main] DEBUG - Base Controller Path /, Path /api/logs/{attempt_id}/files/{file_name}, fullPath //api/logs/{attempt_id}/files/{file_name}, cleanedPath //api/logs/{attempt_id}/files/{file_name}
11:08:14.712 [main] DEBUG - Transforming Parameters - Actual Param: @io.swagger.annotations.ApiParam(value = "attempt id", required = true)
@javax.ws.rs.PathParam("attempt_id")
long attemptId 
11:08:14.712 [main] DEBUG - Mapping simple parameter attemptId (Parameter: @io.swagger.annotations.ApiParam(value = "attempt id", required = true)
@javax.ws.rs.PathParam("attempt_id")
long attemptId)
11:08:14.713 [main] DEBUG - Transforming Parameters - Actual Param: @io.swagger.annotations.ApiParam(value = "log file name", required = true)
@javax.ws.rs.PathParam("file_name")
java.lang.String fileName 
11:08:14.713 [main] DEBUG - Mapping simple parameter fileName (Parameter: @io.swagger.annotations.ApiParam(value = "log file name", required = true)
@javax.ws.rs.PathParam("file_name")
java.lang.String fileName)
11:08:14.725 [main] INFO  - Transforming getFileHandles controller method
11:08:14.725 [main] DEBUG - Called mapGet with annotation name "", path /api/logs/{attempt_id}/files, method [GET], produces null
11:08:14.725 [main] DEBUG - Base Controller Path /, Path /api/logs/{attempt_id}/files, fullPath //api/logs/{attempt_id}/files, cleanedPath //api/logs/{attempt_id}/files
11:08:14.725 [main] DEBUG - Transforming Parameters - Actual Param: @io.swagger.annotations.ApiParam(value = "attempt id", required = true)
@javax.ws.rs.PathParam("attempt_id")
long attemptId 
11:08:14.726 [main] DEBUG - Mapping simple parameter attemptId (Parameter: @io.swagger.annotations.ApiParam(value = "attempt id", required = true)
@javax.ws.rs.PathParam("attempt_id")
long attemptId)
11:08:14.726 [main] DEBUG - Transforming Parameters - Actual Param: @io.swagger.annotations.ApiParam(value = "partial prefix match filter on task name", required = false)
@javax.ws.rs.QueryParam("task")
java.lang.String taskName 
11:08:14.726 [main] DEBUG - Mapping simple parameter taskName (Parameter: @io.swagger.annotations.ApiParam(value = "partial prefix match filter on task name", required = false)
@javax.ws.rs.QueryParam("task")
java.lang.String taskName)
11:08:14.729 [main] DEBUG - Transforming Parameters - Actual Param: @io.swagger.annotations.ApiParam(value = "enable returning direct download handle", required = false)
@javax.ws.rs.QueryParam("direct_download")
java.lang.Boolean directDownloadAllowed 
11:08:14.729 [main] DEBUG - Mapping simple parameter directDownloadAllowed (Parameter: @io.swagger.annotations.ApiParam(value = "enable returning direct download handle", required = false)
@javax.ws.rs.QueryParam("direct_download")
java.lang.Boolean directDownloadAllowed)
11:08:14.740 [main] INFO  - Transforming getPrefix controller method
11:08:14.740 [main] INFO  - Transforming deleteProject controller method
11:08:14.741 [main] DEBUG - Transforming Parameters - Actual Param: @javax.ws.rs.PathParam("id")
int projId 
11:08:14.741 [main] DEBUG - Mapping simple parameter projId (Parameter: @javax.ws.rs.PathParam("id")
int projId)
11:08:14.751 [main] INFO  - Transforming deleteProjectSecret controller method
11:08:14.751 [main] DEBUG - Transforming Parameters - Actual Param: @io.swagger.annotations.ApiParam(value = "project id", required = true)
@javax.ws.rs.PathParam("id")
int projectId 
11:08:14.751 [main] DEBUG - Mapping simple parameter projectId (Parameter: @io.swagger.annotations.ApiParam(value = "project id", required = true)
@javax.ws.rs.PathParam("id")
int projectId)
11:08:14.751 [main] DEBUG - Transforming Parameters - Actual Param: @io.swagger.annotations.ApiParam(value = "secret key", required = true)
@javax.ws.rs.PathParam("key")
java.lang.String key 
11:08:14.751 [main] DEBUG - Mapping simple parameter key (Parameter: @io.swagger.annotations.ApiParam(value = "secret key", required = true)
@javax.ws.rs.PathParam("key")
java.lang.String key)
11:08:14.763 [main] INFO  - Transforming ensureNotDeletedProject controller method
11:08:14.763 [main] INFO  - Transforming extractConfigFiles controller method
11:08:14.763 [main] INFO  - Transforming getArchive controller method
11:08:14.763 [main] DEBUG - Called mapGet with annotation name "", path /api/projects/{id}/archive, method [GET], produces application/gzip
11:08:14.763 [main] DEBUG - Base Controller Path /, Path /api/projects/{id}/archive, fullPath //api/projects/{id}/archive, cleanedPath //api/projects/{id}/archive
11:08:14.763 [main] DEBUG - Transforming Parameters - Actual Param: @io.swagger.annotations.ApiParam(value = "project id", required = true)
@javax.ws.rs.PathParam("id")
int projId 
11:08:14.763 [main] DEBUG - Mapping simple parameter projId (Parameter: @io.swagger.annotations.ApiParam(value = "project id", required = true)
@javax.ws.rs.PathParam("id")
int projId)
11:08:14.763 [main] DEBUG - Transforming Parameters - Actual Param: @io.swagger.annotations.ApiParam(value = "use a given revision of a project instead of the latest revision", required = true)
@javax.ws.rs.QueryParam("revision")
java.lang.String revName 
11:08:14.764 [main] DEBUG - Mapping simple parameter revName (Parameter: @io.swagger.annotations.ApiParam(value = "use a given revision of a project instead of the latest revision", required = true)
@javax.ws.rs.QueryParam("revision")
java.lang.String revName)
11:08:14.766 [main] DEBUG - Transforming Parameters - Actual Param: @io.swagger.annotations.ApiParam(value = "enable returning direct download handle", required = false)
@javax.ws.rs.QueryParam("direct_download")
java.lang.Boolean directDownloadAllowed 
11:08:14.766 [main] DEBUG - Mapping simple parameter directDownloadAllowed (Parameter: @io.swagger.annotations.ApiParam(value = "enable returning direct download handle", required = false)
@javax.ws.rs.QueryParam("direct_download")
java.lang.Boolean directDownloadAllowed)
11:08:14.791 [main] INFO  - Transforming getProject controller method
11:08:14.791 [main] DEBUG - Called mapGet with annotation name "", path /api/projects/{id}, method [GET], produces null
11:08:14.792 [main] DEBUG - Base Controller Path /, Path /api/projects/{id}, fullPath //api/projects/{id}, cleanedPath //api/projects/{id}
11:08:14.792 [main] DEBUG - Transforming Parameters - Actual Param: @io.swagger.annotations.ApiParam(value = "project id", required = false)
@javax.ws.rs.PathParam("id")
int projId 
11:08:14.792 [main] DEBUG - Mapping simple parameter projId (Parameter: @io.swagger.annotations.ApiParam(value = "project id", required = false)
@javax.ws.rs.PathParam("id")
int projId)
11:08:14.801 [main] INFO  - Transforming getProject controller method
11:08:14.801 [main] DEBUG - Called mapGet with annotation name "", path /api/project, method [GET], produces null
11:08:14.801 [main] DEBUG - Base Controller Path /, Path /api/project, fullPath //api/project, cleanedPath //api/project
11:08:14.801 [main] DEBUG - Transforming Parameters - Actual Param: @javax.ws.rs.QueryParam("name")
java.lang.String name 
11:08:14.801 [main] DEBUG - Mapping simple parameter name (Parameter: @javax.ws.rs.QueryParam("name")
java.lang.String name)
11:08:14.812 [main] INFO  - Transforming getProjectSecrets controller method
11:08:14.812 [main] DEBUG - Called mapGet with annotation name "", path /api/projects/{id}/secrets, method [GET], produces application/json
11:08:14.813 [main] DEBUG - Base Controller Path /, Path /api/projects/{id}/secrets, fullPath //api/projects/{id}/secrets, cleanedPath //api/projects/{id}/secrets
11:08:14.813 [main] DEBUG - Transforming Parameters - Actual Param: @io.swagger.annotations.ApiParam(value = "project id", required = true)
@javax.ws.rs.PathParam("id")
int projectId 
11:08:14.813 [main] DEBUG - Mapping simple parameter projectId (Parameter: @io.swagger.annotations.ApiParam(value = "project id", required = true)
@javax.ws.rs.PathParam("id")
int projectId)
11:08:14.822 [main] INFO  - Transforming getProjects controller method
11:08:14.822 [main] DEBUG - Called mapGet with annotation name "", path /api/projects, method [GET], produces null
11:08:14.822 [main] DEBUG - Base Controller Path /, Path /api/projects, fullPath //api/projects, cleanedPath //api/projects
11:08:14.822 [main] DEBUG - Transforming Parameters - Actual Param: @io.swagger.annotations.ApiParam(value = "exact matching filter on project name", required = false)
@javax.ws.rs.QueryParam("name")
java.lang.String name 
11:08:14.823 [main] DEBUG - Mapping simple parameter name (Parameter: @io.swagger.annotations.ApiParam(value = "exact matching filter on project name", required = false)
@javax.ws.rs.QueryParam("name")
java.lang.String name)
11:08:14.825 [main] DEBUG - Transforming Parameters - Actual Param: @io.swagger.annotations.ApiParam(value = "list projects whose id is grater than this id for pagination", required = false)
@javax.ws.rs.QueryParam("last_id")
java.lang.Integer lastId 
11:08:14.825 [main] DEBUG - Mapping simple parameter lastId (Parameter: @io.swagger.annotations.ApiParam(value = "list projects whose id is grater than this id for pagination", required = false)
@javax.ws.rs.QueryParam("last_id")
java.lang.Integer lastId)
11:08:14.827 [main] DEBUG - Transforming Parameters - Actual Param: @io.swagger.annotations.ApiParam(value = "number of projects to return", required = false)
@javax.ws.rs.QueryParam("count")
java.lang.Integer count 
11:08:14.827 [main] DEBUG - Mapping simple parameter count (Parameter: @io.swagger.annotations.ApiParam(value = "number of projects to return", required = false)
@javax.ws.rs.QueryParam("count")
java.lang.Integer count)
11:08:14.829 [main] DEBUG - Transforming Parameters - Actual Param: @io.swagger.annotations.ApiParam(value = "name pattern to be partially matched", required = false)
@javax.ws.rs.QueryParam("name_pattern")
java.lang.String namePattern 
11:08:14.830 [main] DEBUG - Mapping simple parameter namePattern (Parameter: @io.swagger.annotations.ApiParam(value = "name pattern to be partially matched", required = false)
@javax.ws.rs.QueryParam("name_pattern")
java.lang.String namePattern)
11:08:14.840 [main] INFO  - Transforming getRevisions controller method
11:08:14.840 [main] DEBUG - Called mapGet with annotation name "", path /api/projects/{id}/revisions, method [GET], produces null
11:08:14.841 [main] DEBUG - Base Controller Path /, Path /api/projects/{id}/revisions, fullPath //api/projects/{id}/revisions, cleanedPath //api/projects/{id}/revisions
11:08:14.841 [main] DEBUG - Transforming Parameters - Actual Param: @javax.ws.rs.PathParam("id")
int projId 
11:08:14.841 [main] DEBUG - Mapping simple parameter projId (Parameter: @javax.ws.rs.PathParam("id")
int projId)
11:08:14.841 [main] DEBUG - Transforming Parameters - Actual Param: // last_id exists but impossible to use for pagination purpose because
// RestRevision doesn't return id. This is a REST API design bug. No
// clients can use this parameter appropriately.
@io.swagger.annotations.ApiParam("deprecated - do not use")
@javax.ws.rs.QueryParam("last_id")
java.lang.Integer lastId 
11:08:14.842 [main] DEBUG - Mapping simple parameter lastId (Parameter: // last_id exists but impossible to use for pagination purpose because
// RestRevision doesn't return id. This is a REST API design bug. No
// clients can use this parameter appropriately.
@io.swagger.annotations.ApiParam("deprecated - do not use")
@javax.ws.rs.QueryParam("last_id")
java.lang.Integer lastId)
11:08:14.845 [main] DEBUG - Transforming Parameters - Actual Param: @io.swagger.annotations.ApiParam("revision name")
@javax.ws.rs.QueryParam("name")
java.lang.String revName 
11:08:14.845 [main] DEBUG - Mapping simple parameter revName (Parameter: @io.swagger.annotations.ApiParam("revision name")
@javax.ws.rs.QueryParam("name")
java.lang.String revName)
11:08:14.856 [main] INFO  - Transforming getSchedules controller method
11:08:14.856 [main] DEBUG - Called mapGet with annotation name "", path /api/projects/{id}/schedules, method [GET], produces null
11:08:14.856 [main] DEBUG - Base Controller Path /, Path /api/projects/{id}/schedules, fullPath //api/projects/{id}/schedules, cleanedPath //api/projects/{id}/schedules
11:08:14.856 [main] DEBUG - Transforming Parameters - Actual Param: @io.swagger.annotations.ApiParam(value = "project id", required = true)
@javax.ws.rs.PathParam("id")
int projectId 
11:08:14.856 [main] DEBUG - Mapping simple parameter projectId (Parameter: @io.swagger.annotations.ApiParam(value = "project id", required = true)
@javax.ws.rs.PathParam("id")
int projectId)
11:08:14.857 [main] DEBUG - Transforming Parameters - Actual Param: @io.swagger.annotations.ApiParam(value = "exact matching filter on workflow name", required = false)
@javax.ws.rs.QueryParam("workflow")
java.lang.String workflowName 
11:08:14.857 [main] DEBUG - Mapping simple parameter workflowName (Parameter: @io.swagger.annotations.ApiParam(value = "exact matching filter on workflow name", required = false)
@javax.ws.rs.QueryParam("workflow")
java.lang.String workflowName)
11:08:14.859 [main] DEBUG - Transforming Parameters - Actual Param: @io.swagger.annotations.ApiParam(value = "list schedules whose id is grater than this id for pagination", required = false)
@javax.ws.rs.QueryParam("last_id")
java.lang.Integer lastId 
11:08:14.859 [main] DEBUG - Mapping simple parameter lastId (Parameter: @io.swagger.annotations.ApiParam(value = "list schedules whose id is grater than this id for pagination", required = false)
@javax.ws.rs.QueryParam("last_id")
java.lang.Integer lastId)
11:08:14.870 [main] INFO  - Transforming getSessions controller method
11:08:14.870 [main] DEBUG - Called mapGet with annotation name "", path /api/projects/{id}/sessions, method [GET], produces null
11:08:14.870 [main] DEBUG - Base Controller Path /, Path /api/projects/{id}/sessions, fullPath //api/projects/{id}/sessions, cleanedPath //api/projects/{id}/sessions
11:08:14.870 [main] DEBUG - Transforming Parameters - Actual Param: @io.swagger.annotations.ApiParam(value = "project id", required = true)
@javax.ws.rs.PathParam("id")
int projectId 
11:08:14.870 [main] DEBUG - Mapping simple parameter projectId (Parameter: @io.swagger.annotations.ApiParam(value = "project id", required = true)
@javax.ws.rs.PathParam("id")
int projectId)
11:08:14.871 [main] DEBUG - Transforming Parameters - Actual Param: @io.swagger.annotations.ApiParam(value = "exact matching filter on workflow name", required = false)
@javax.ws.rs.QueryParam("workflow")
java.lang.String workflowName 
11:08:14.871 [main] DEBUG - Mapping simple parameter workflowName (Parameter: @io.swagger.annotations.ApiParam(value = "exact matching filter on workflow name", required = false)
@javax.ws.rs.QueryParam("workflow")
java.lang.String workflowName)
11:08:14.873 [main] DEBUG - Transforming Parameters - Actual Param: @io.swagger.annotations.ApiParam(value = "list sessions whose id is grater than this id for pagination", required = false)
@javax.ws.rs.QueryParam("last_id")
java.lang.Long lastId 
11:08:14.873 [main] DEBUG - Mapping simple parameter lastId (Parameter: @io.swagger.annotations.ApiParam(value = "list sessions whose id is grater than this id for pagination", required = false)
@javax.ws.rs.QueryParam("last_id")
java.lang.Long lastId)
11:08:14.875 [main] DEBUG - Transforming Parameters - Actual Param: @io.swagger.annotations.ApiParam(value = "number of sessions to return", required = false)
@javax.ws.rs.QueryParam("page_size")
java.lang.Integer pageSize 
11:08:14.875 [main] DEBUG - Mapping simple parameter pageSize (Parameter: @io.swagger.annotations.ApiParam(value = "number of sessions to return", required = false)
@javax.ws.rs.QueryParam("page_size")
java.lang.Integer pageSize)
11:08:14.886 [main] INFO  - Transforming getWorkflow controller method
11:08:14.886 [main] DEBUG - Called mapGet with annotation name "", path /api/projects/{id}/workflow, method [GET], produces null
11:08:14.886 [main] DEBUG - Base Controller Path /, Path /api/projects/{id}/workflow, fullPath //api/projects/{id}/workflow, cleanedPath //api/projects/{id}/workflow
11:08:14.886 [main] DEBUG - Transforming Parameters - Actual Param: @javax.ws.rs.PathParam("id")
int projId 
11:08:14.886 [main] DEBUG - Mapping simple parameter projId (Parameter: @javax.ws.rs.PathParam("id")
int projId)
11:08:14.886 [main] DEBUG - Transforming Parameters - Actual Param: @javax.ws.rs.QueryParam("name")
java.lang.String name 
11:08:14.887 [main] DEBUG - Mapping simple parameter name (Parameter: @javax.ws.rs.QueryParam("name")
java.lang.String name)
11:08:14.889 [main] DEBUG - Transforming Parameters - Actual Param: @javax.ws.rs.QueryParam("revision")
java.lang.String revName 
11:08:14.889 [main] DEBUG - Mapping simple parameter revName (Parameter: @javax.ws.rs.QueryParam("revision")
java.lang.String revName)
11:08:14.900 [main] INFO  - Transforming getWorkflowByName controller method
11:08:14.900 [main] DEBUG - Called mapGet with annotation name "", path /api/projects/{id}/workflows/{name}, method [GET], produces null
11:08:14.900 [main] DEBUG - Base Controller Path /, Path /api/projects/{id}/workflows/{name}, fullPath //api/projects/{id}/workflows/{name}, cleanedPath //api/projects/{id}/workflows/{name}
11:08:14.900 [main] DEBUG - Transforming Parameters - Actual Param: @javax.ws.rs.PathParam("id")
int projId 
11:08:14.901 [main] DEBUG - Mapping simple parameter projId (Parameter: @javax.ws.rs.PathParam("id")
int projId)
11:08:14.901 [main] DEBUG - Transforming Parameters - Actual Param: @javax.ws.rs.PathParam("name")
java.lang.String name 
11:08:14.901 [main] DEBUG - Mapping simple parameter name (Parameter: @javax.ws.rs.PathParam("name")
java.lang.String name)
11:08:14.903 [main] DEBUG - Transforming Parameters - Actual Param: @javax.ws.rs.QueryParam("revision")
java.lang.String revName 
11:08:14.903 [main] DEBUG - Mapping simple parameter revName (Parameter: @javax.ws.rs.QueryParam("revision")
java.lang.String revName)
11:08:14.913 [main] INFO  - Transforming getWorkflows controller method
11:08:14.913 [main] DEBUG - Called mapGet with annotation name "", path /api/projects/{id}/workflows, method [GET], produces null
11:08:14.913 [main] DEBUG - Base Controller Path /, Path /api/projects/{id}/workflows, fullPath //api/projects/{id}/workflows, cleanedPath //api/projects/{id}/workflows
11:08:14.914 [main] DEBUG - Transforming Parameters - Actual Param: @io.swagger.annotations.ApiParam(value = "project id", required = true)
@javax.ws.rs.PathParam("id")
int projId 
11:08:14.914 [main] DEBUG - Mapping simple parameter projId (Parameter: @io.swagger.annotations.ApiParam(value = "project id", required = true)
@javax.ws.rs.PathParam("id")
int projId)
11:08:14.914 [main] DEBUG - Transforming Parameters - Actual Param: @io.swagger.annotations.ApiParam(value = "use a given revision of the project instead of the latest revision", required = true)
@javax.ws.rs.QueryParam("revision")
java.lang.String revName 
11:08:14.914 [main] DEBUG - Mapping simple parameter revName (Parameter: @io.swagger.annotations.ApiParam(value = "use a given revision of the project instead of the latest revision", required = true)
@javax.ws.rs.QueryParam("revision")
java.lang.String revName)
11:08:14.916 [main] DEBUG - Transforming Parameters - Actual Param: @io.swagger.annotations.ApiParam(value = "exact matching filter on workflow name", required = false)
@javax.ws.rs.QueryParam("name")
java.lang.String name 
11:08:14.916 [main] DEBUG - Mapping simple parameter name (Parameter: @io.swagger.annotations.ApiParam(value = "exact matching filter on workflow name", required = false)
@javax.ws.rs.QueryParam("name")
java.lang.String name)
11:08:14.927 [main] INFO  - Transforming putProject controller method
11:08:14.954 [main] DEBUG - Transforming Parameters - Actual Param: @io.swagger.annotations.ApiParam(value = "project name", required = true)
@javax.ws.rs.QueryParam("project")
java.lang.String name 
11:08:14.954 [main] DEBUG - Mapping simple parameter name (Parameter: @io.swagger.annotations.ApiParam(value = "project name", required = true)
@javax.ws.rs.QueryParam("project")
java.lang.String name)
11:08:14.957 [main] DEBUG - Transforming Parameters - Actual Param: @io.swagger.annotations.ApiParam(value = "revision", required = true)
@javax.ws.rs.QueryParam("revision")
java.lang.String revision 
11:08:14.957 [main] DEBUG - Mapping simple parameter revision (Parameter: @io.swagger.annotations.ApiParam(value = "revision", required = true)
@javax.ws.rs.QueryParam("revision")
java.lang.String revision)
11:08:14.959 [main] DEBUG - Transforming Parameters - Actual Param: java.io.InputStream body 
11:08:14.959 [main] DEBUG - Transforming Parameters - Actual Param: @javax.ws.rs.HeaderParam("Content-Length")
long contentLength 
11:08:14.960 [main] DEBUG - Mapping simple parameter contentLength (Parameter: @javax.ws.rs.HeaderParam("Content-Length")
long contentLength)
11:08:14.960 [main] DEBUG - Transforming Parameters - Actual Param: @io.swagger.annotations.ApiParam(value = "start scheduling of new workflows from the given time instead of current time", required = false)
@javax.ws.rs.QueryParam("schedule_from")
java.lang.String scheduleFromString 
11:08:14.961 [main] DEBUG - Mapping simple parameter scheduleFromString (Parameter: @io.swagger.annotations.ApiParam(value = "start scheduling of new workflows from the given time instead of current time", required = false)
@javax.ws.rs.QueryParam("schedule_from")
java.lang.String scheduleFromString)
11:08:14.964 [main] INFO  - Transforming putProjectSecret controller method
11:08:14.979 [main] DEBUG - Transforming Parameters - Actual Param: @io.swagger.annotations.ApiParam(value = "project id", required = true)
@javax.ws.rs.PathParam("id")
int projectId 
11:08:14.979 [main] DEBUG - Mapping simple parameter projectId (Parameter: @io.swagger.annotations.ApiParam(value = "project id", required = true)
@javax.ws.rs.PathParam("id")
int projectId)
11:08:14.979 [main] DEBUG - Transforming Parameters - Actual Param: @io.swagger.annotations.ApiParam(value = "secret key", required = true)
@javax.ws.rs.PathParam("key")
java.lang.String key 
11:08:14.980 [main] DEBUG - Mapping simple parameter key (Parameter: @io.swagger.annotations.ApiParam(value = "secret key", required = true)
@javax.ws.rs.PathParam("key")
java.lang.String key)
11:08:14.982 [main] DEBUG - Transforming Parameters - Actual Param: io.digdag.client.api.RestSetSecretRequest request 
11:08:14.982 [main] INFO  - Transforming readArchiveMetadata controller method
11:08:14.982 [main] INFO  - Transforming validateTarEntry controller method
11:08:14.982 [main] INFO  - Transforming validateWorkflowAndSchedule controller method
11:08:14.982 [main] INFO  - Transforming backfillSchedule controller method
11:08:14.998 [main] DEBUG - Transforming Parameters - Actual Param: @io.swagger.annotations.ApiParam(value = "session id", required = true)
@javax.ws.rs.PathParam("id")
int id 
11:08:14.998 [main] DEBUG - Mapping simple parameter id (Parameter: @io.swagger.annotations.ApiParam(value = "session id", required = true)
@javax.ws.rs.PathParam("id")
int id)
11:08:14.999 [main] DEBUG - Transforming Parameters - Actual Param: io.digdag.client.api.RestScheduleBackfillRequest request 
11:08:14.999 [main] INFO  - Transforming disableSchedule controller method
11:08:15.008 [main] DEBUG - Transforming Parameters - Actual Param: @io.swagger.annotations.ApiParam(value = "session id", required = true)
@javax.ws.rs.PathParam("id")
int id 
11:08:15.008 [main] DEBUG - Mapping simple parameter id (Parameter: @io.swagger.annotations.ApiParam(value = "session id", required = true)
@javax.ws.rs.PathParam("id")
int id)
11:08:15.009 [main] INFO  - Transforming enableSchedule controller method
11:08:15.023 [main] DEBUG - Transforming Parameters - Actual Param: @io.swagger.annotations.ApiParam(value = "session id", required = true)
@javax.ws.rs.PathParam("id")
int id 
11:08:15.023 [main] DEBUG - Mapping simple parameter id (Parameter: @io.swagger.annotations.ApiParam(value = "session id", required = true)
@javax.ws.rs.PathParam("id")
int id)
11:08:15.023 [main] DEBUG - Transforming Parameters - Actual Param: io.digdag.client.api.RestScheduleEnableRequest request 
11:08:15.024 [main] INFO  - Transforming getSchedules controller method
11:08:15.024 [main] DEBUG - Called mapGet with annotation name "", path /api/schedules/{id}, method [GET], produces null
11:08:15.024 [main] DEBUG - Base Controller Path /, Path /api/schedules/{id}, fullPath //api/schedules/{id}, cleanedPath //api/schedules/{id}
11:08:15.024 [main] DEBUG - Transforming Parameters - Actual Param: @io.swagger.annotations.ApiParam(value = "schedule id", required = true)
@javax.ws.rs.PathParam("id")
int id 
11:08:15.024 [main] DEBUG - Mapping simple parameter id (Parameter: @io.swagger.annotations.ApiParam(value = "schedule id", required = true)
@javax.ws.rs.PathParam("id")
int id)
11:08:15.032 [main] INFO  - Transforming getSchedules controller method
11:08:15.032 [main] DEBUG - Called mapGet with annotation name "", path /api/schedules, method [GET], produces null
11:08:15.032 [main] DEBUG - Base Controller Path /, Path /api/schedules, fullPath //api/schedules, cleanedPath //api/schedules
11:08:15.032 [main] DEBUG - Transforming Parameters - Actual Param: @io.swagger.annotations.ApiParam(value = "list schedules whose id is grater than this id for pagination", required = false)
@javax.ws.rs.QueryParam("last_id")
java.lang.Integer lastId 
11:08:15.033 [main] DEBUG - Mapping simple parameter lastId (Parameter: @io.swagger.annotations.ApiParam(value = "list schedules whose id is grater than this id for pagination", required = false)
@javax.ws.rs.QueryParam("last_id")
java.lang.Integer lastId)
11:08:15.043 [main] INFO  - Transforming getTimeZoneOfSchedule controller method
11:08:15.043 [main] INFO  - Transforming skipSchedule controller method
11:08:15.057 [main] DEBUG - Transforming Parameters - Actual Param: @io.swagger.annotations.ApiParam(value = "session id", required = true)
@javax.ws.rs.PathParam("id")
int id 
11:08:15.057 [main] DEBUG - Mapping simple parameter id (Parameter: @io.swagger.annotations.ApiParam(value = "session id", required = true)
@javax.ws.rs.PathParam("id")
int id)
11:08:15.057 [main] DEBUG - Transforming Parameters - Actual Param: io.digdag.client.api.RestScheduleSkipRequest request 
11:08:15.058 [main] INFO  - Transforming getSession controller method
11:08:15.058 [main] DEBUG - Called mapGet with annotation name "", path /api/sessions/{id}, method [GET], produces null
11:08:15.058 [main] DEBUG - Base Controller Path /, Path /api/sessions/{id}, fullPath //api/sessions/{id}, cleanedPath //api/sessions/{id}
11:08:15.058 [main] DEBUG - Transforming Parameters - Actual Param: @io.swagger.annotations.ApiParam(value = "session id", required = true)
@javax.ws.rs.PathParam("id")
long id 
11:08:15.058 [main] DEBUG - Mapping simple parameter id (Parameter: @io.swagger.annotations.ApiParam(value = "session id", required = true)
@javax.ws.rs.PathParam("id")
long id)
11:08:15.067 [main] INFO  - Transforming getSessionAttempts controller method
11:08:15.067 [main] DEBUG - Called mapGet with annotation name "", path /api/sessions/{id}/attempts, method [GET], produces null
11:08:15.067 [main] DEBUG - Base Controller Path /, Path /api/sessions/{id}/attempts, fullPath //api/sessions/{id}/attempts, cleanedPath //api/sessions/{id}/attempts
11:08:15.067 [main] DEBUG - Transforming Parameters - Actual Param: @io.swagger.annotations.ApiParam(value = "session id", required = true)
@javax.ws.rs.PathParam("id")
long id 
11:08:15.067 [main] DEBUG - Mapping simple parameter id (Parameter: @io.swagger.annotations.ApiParam(value = "session id", required = true)
@javax.ws.rs.PathParam("id")
long id)
11:08:15.067 [main] DEBUG - Transforming Parameters - Actual Param: @io.swagger.annotations.ApiParam(value = "list attempts whose id is grater than this id for pagination", required = false)
@javax.ws.rs.QueryParam("last_id")
java.lang.Long lastId 
11:08:15.067 [main] DEBUG - Mapping simple parameter lastId (Parameter: @io.swagger.annotations.ApiParam(value = "list attempts whose id is grater than this id for pagination", required = false)
@javax.ws.rs.QueryParam("last_id")
java.lang.Long lastId)
11:08:15.069 [main] DEBUG - Transforming Parameters - Actual Param: @io.swagger.annotations.ApiParam(value = "number of attempts to return", required = false)
@javax.ws.rs.QueryParam("page_size")
java.lang.Integer pageSize 
11:08:15.070 [main] DEBUG - Mapping simple parameter pageSize (Parameter: @io.swagger.annotations.ApiParam(value = "number of attempts to return", required = false)
@javax.ws.rs.QueryParam("page_size")
java.lang.Integer pageSize)
11:08:15.080 [main] INFO  - Transforming getSessions controller method
11:08:15.080 [main] DEBUG - Called mapGet with annotation name "", path /api/sessions, method [GET], produces null
11:08:15.080 [main] DEBUG - Base Controller Path /, Path /api/sessions, fullPath //api/sessions, cleanedPath //api/sessions
11:08:15.080 [main] DEBUG - Transforming Parameters - Actual Param: @io.swagger.annotations.ApiParam(value = "list sessions whose id is grater than this id for pagination", required = false)
@javax.ws.rs.QueryParam("last_id")
java.lang.Long lastId 
11:08:15.080 [main] DEBUG - Mapping simple parameter lastId (Parameter: @io.swagger.annotations.ApiParam(value = "list sessions whose id is grater than this id for pagination", required = false)
@javax.ws.rs.QueryParam("last_id")
java.lang.Long lastId)
11:08:15.082 [main] DEBUG - Transforming Parameters - Actual Param: @io.swagger.annotations.ApiParam(value = "number of sessions to return", required = false)
@javax.ws.rs.QueryParam("page_size")
java.lang.Integer pageSize 
11:08:15.082 [main] DEBUG - Mapping simple parameter pageSize (Parameter: @io.swagger.annotations.ApiParam(value = "number of sessions to return", required = false)
@javax.ws.rs.QueryParam("page_size")
java.lang.Integer pageSize)
11:08:15.093 [main] INFO  - Transforming getApplication controller method
11:08:15.093 [main] DEBUG - Called mapGet with annotation name "", path /{path:.*}, method [GET], produces null
11:08:15.093 [main] DEBUG - Base Controller Path /, Path /{path:.*}, fullPath //{path:.*}, cleanedPath //{path}
11:08:15.093 [main] DEBUG - Transforming Parameters - Actual Param: @javax.ws.rs.PathParam("path")
java.lang.String path 
11:08:15.093 [main] DEBUG - Mapping simple parameter path (Parameter: @javax.ws.rs.PathParam("path")
java.lang.String path)
11:08:15.104 [main] INFO  - Transforming getAssets controller method
11:08:15.104 [main] DEBUG - Called mapGet with annotation name "", path /assets/{path}, method [GET], produces null
11:08:15.104 [main] DEBUG - Base Controller Path /, Path /assets/{path}, fullPath //assets/{path}, cleanedPath //assets/{path}
11:08:15.104 [main] DEBUG - Transforming Parameters - Actual Param: @javax.ws.rs.PathParam("path")
java.lang.String path 
11:08:15.104 [main] DEBUG - Mapping simple parameter path (Parameter: @javax.ws.rs.PathParam("path")
java.lang.String path)
11:08:15.115 [main] INFO  - Transforming getResourceIfExists controller method
11:08:15.115 [main] INFO  - Transforming checkClientVersion controller method
11:08:15.115 [main] DEBUG - Called mapGet with annotation name "", path /api/version/check, method [GET], produces null
11:08:15.116 [main] DEBUG - Base Controller Path /, Path /api/version/check, fullPath //api/version/check, cleanedPath //api/version/check
11:08:15.116 [main] DEBUG - Transforming Parameters - Actual Param: @io.swagger.annotations.ApiParam(value = "client version", required = true)
@javax.ws.rs.QueryParam("client")
java.lang.String clientVersionString 
11:08:15.116 [main] DEBUG - Mapping simple parameter clientVersionString (Parameter: @io.swagger.annotations.ApiParam(value = "client version", required = true)
@javax.ws.rs.QueryParam("client")
java.lang.String clientVersionString)
11:08:15.126 [main] INFO  - Transforming getVersion controller method
11:08:15.126 [main] DEBUG - Called mapGet with annotation name "", path /api/version, method [GET], produces null
11:08:15.126 [main] DEBUG - Base Controller Path /, Path /api/version, fullPath //api/version, cleanedPath //api/version
11:08:15.139 [main] INFO  - Transforming getWorkflowDefinition controller method
11:08:15.139 [main] DEBUG - Called mapGet with annotation name "", path /api/workflow, method [GET], produces null
11:08:15.139 [main] DEBUG - Base Controller Path /, Path /api/workflow, fullPath //api/workflow, cleanedPath //api/workflow
11:08:15.139 [main] DEBUG - Transforming Parameters - Actual Param: @javax.ws.rs.QueryParam("project")
java.lang.String projName 
11:08:15.139 [main] DEBUG - Mapping simple parameter projName (Parameter: @javax.ws.rs.QueryParam("project")
java.lang.String projName)
11:08:15.141 [main] DEBUG - Transforming Parameters - Actual Param: @javax.ws.rs.QueryParam("revision")
java.lang.String revName 
11:08:15.141 [main] DEBUG - Mapping simple parameter revName (Parameter: @javax.ws.rs.QueryParam("revision")
java.lang.String revName)
11:08:15.143 [main] DEBUG - Transforming Parameters - Actual Param: @javax.ws.rs.QueryParam("name")
java.lang.String wfName 
11:08:15.143 [main] DEBUG - Mapping simple parameter wfName (Parameter: @javax.ws.rs.QueryParam("name")
java.lang.String wfName)
11:08:15.154 [main] INFO  - Transforming getWorkflowDefinition controller method
11:08:15.154 [main] DEBUG - Called mapGet with annotation name "", path /api/workflows/{id}, method [GET], produces null
11:08:15.154 [main] DEBUG - Base Controller Path /, Path /api/workflows/{id}, fullPath //api/workflows/{id}, cleanedPath //api/workflows/{id}
11:08:15.154 [main] DEBUG - Transforming Parameters - Actual Param: @io.swagger.annotations.ApiParam(value = "workflow id", required = true)
@javax.ws.rs.PathParam("id")
long id 
11:08:15.154 [main] DEBUG - Mapping simple parameter id (Parameter: @io.swagger.annotations.ApiParam(value = "workflow id", required = true)
@javax.ws.rs.PathParam("id")
long id)
11:08:15.163 [main] INFO  - Transforming getWorkflowDefinition controller method
11:08:15.163 [main] DEBUG - Called mapGet with annotation name "", path /api/workflows/{id}/truncated_session_time, method [GET], produces null
11:08:15.163 [main] DEBUG - Base Controller Path /, Path /api/workflows/{id}/truncated_session_time, fullPath //api/workflows/{id}/truncated_session_time, cleanedPath //api/workflows/{id}/truncated_session_time
11:08:15.163 [main] DEBUG - Transforming Parameters - Actual Param: @io.swagger.annotations.ApiParam(value = "workflow id", required = true)
@javax.ws.rs.PathParam("id")
long id 
11:08:15.163 [main] DEBUG - Mapping simple parameter id (Parameter: @io.swagger.annotations.ApiParam(value = "workflow id", required = true)
@javax.ws.rs.PathParam("id")
long id)
11:08:15.163 [main] DEBUG - Transforming Parameters - Actual Param: @io.swagger.annotations.ApiParam(value = "session time to be truncated", required = true)
@javax.ws.rs.QueryParam("session_time")
io.digdag.client.api.LocalTimeOrInstant localTime 
11:08:15.163 [main] DEBUG - Mapping simple parameter localTime (Parameter: @io.swagger.annotations.ApiParam(value = "session time to be truncated", required = true)
@javax.ws.rs.QueryParam("session_time")
io.digdag.client.api.LocalTimeOrInstant localTime)
11:08:15.165 [main] DEBUG - Transforming Parameters - Actual Param: @io.swagger.annotations.ApiParam(value = "truncation mode - second, minute, hour, day, schedule, or next_schedule", required = false)
@javax.ws.rs.QueryParam("mode")
io.digdag.client.api.SessionTimeTruncate mode 
11:08:15.166 [main] DEBUG - Mapping simple parameter mode (Parameter: @io.swagger.annotations.ApiParam(value = "truncation mode - second, minute, hour, day, schedule, or next_schedule", required = false)
@javax.ws.rs.QueryParam("mode")
io.digdag.client.api.SessionTimeTruncate mode)
11:08:15.176 [main] INFO  - Transforming getWorkflowDefinitions controller method
11:08:15.176 [main] DEBUG - Called mapGet with annotation name "", path /api/workflows, method [GET], produces null
11:08:15.176 [main] DEBUG - Base Controller Path /, Path /api/workflows, fullPath //api/workflows, cleanedPath //api/workflows
11:08:15.176 [main] DEBUG - Transforming Parameters - Actual Param: @io.swagger.annotations.ApiParam(value = "pagination. return workflows which id are greater than last_id with order 'asc', which id are less than the last_id with order 'desc'", required = false)
@javax.ws.rs.QueryParam("last_id")
java.lang.Long lastId 
11:08:15.177 [main] DEBUG - Mapping simple parameter lastId (Parameter: @io.swagger.annotations.ApiParam(value = "pagination. return workflows which id are greater than last_id with order 'asc', which id are less than the last_id with order 'desc'", required = false)
@javax.ws.rs.QueryParam("last_id")
java.lang.Long lastId)
11:08:15.179 [main] DEBUG - Transforming Parameters - Actual Param: @io.swagger.annotations.ApiParam(value = "number of workflows to return", required = false)
@javax.ws.rs.QueryParam("count")
java.lang.Integer count 
11:08:15.179 [main] DEBUG - Mapping simple parameter count (Parameter: @io.swagger.annotations.ApiParam(value = "number of workflows to return", required = false)
@javax.ws.rs.QueryParam("count")
java.lang.Integer count)
11:08:15.181 [main] DEBUG - Transforming Parameters - Actual Param: @io.swagger.annotations.ApiParam(value = "Sort order. 'asc' or 'desc'", defaultValue = "asc", required = false)
@javax.ws.rs.DefaultValue("asc")
@javax.ws.rs.QueryParam("order")
java.lang.String orderDirection 
11:08:15.182 [main] DEBUG - Mapping simple parameter orderDirection (Parameter: @io.swagger.annotations.ApiParam(value = "Sort order. 'asc' or 'desc'", defaultValue = "asc", required = false)
@javax.ws.rs.DefaultValue("asc")
@javax.ws.rs.QueryParam("order")
java.lang.String orderDirection)
11:08:15.184 [main] DEBUG - Transforming Parameters - Actual Param: @io.swagger.annotations.ApiParam(value = "name pattern to be partially matched", required = false)
@javax.ws.rs.QueryParam("name_pattern")
java.lang.String namePattern 
11:08:15.184 [main] DEBUG - Mapping simple parameter namePattern (Parameter: @io.swagger.annotations.ApiParam(value = "name pattern to be partially matched", required = false)
@javax.ws.rs.QueryParam("name_pattern")
java.lang.String namePattern)
11:08:15.186 [main] DEBUG - Transforming Parameters - Actual Param: @io.swagger.annotations.ApiParam(value = "name pattern to be partially matched", required = false)
@javax.ws.rs.DefaultValue("false")
@javax.ws.rs.QueryParam("search_project_name")
java.lang.Boolean searchProjectName 
11:08:15.186 [main] DEBUG - Mapping simple parameter searchProjectName (Parameter: @io.swagger.annotations.ApiParam(value = "name pattern to be partially matched", required = false)
@javax.ws.rs.DefaultValue("false")
@javax.ws.rs.QueryParam("search_project_name")
java.lang.Boolean searchProjectName)
11:08:15.197 [main] INFO  - Transforming orderAscending controller method
11:08:15.197 [main] INFO  - Transforming truncateSessionTime controller method
11:08:15.197 [main] INFO  - Transforming getAuthenticatedUser controller method
11:08:15.197 [main] INFO  - Transforming getSecrets controller method
11:08:15.197 [main] INFO  - Transforming getSiteId controller method
11:08:15.198 [main] INFO  - Transforming getUserInfo controller method
11:08:15.198 [main] INFO  - Transforming getAuthenticatedUser controller method
11:08:15.198 [main] INFO  - Transforming getSecrets controller method
11:08:15.198 [main] INFO  - Transforming getSiteId controller method
11:08:15.198 [main] INFO  - Transforming getUserInfo controller method
11:08:15.198 [main] INFO  - Transforming getAuthenticatedUser controller method
11:08:15.198 [main] INFO  - Transforming getSecrets controller method
11:08:15.198 [main] INFO  - Transforming getSiteId controller method
11:08:15.198 [main] INFO  - Transforming getUserInfo controller method
11:08:15.198 [main] INFO  - Transforming getAuthenticatedUser controller method
11:08:15.198 [main] INFO  - Transforming getSecrets controller method
11:08:15.198 [main] INFO  - Transforming getSiteId controller method
11:08:15.198 [main] INFO  - Transforming getUserInfo controller method
11:08:15.198 [main] INFO  - Transforming getAuthenticatedUser controller method
11:08:15.198 [main] INFO  - Transforming getSecrets controller method
11:08:15.198 [main] INFO  - Transforming getSiteId controller method
11:08:15.198 [main] INFO  - Transforming getUserInfo controller method
11:08:15.198 [main] INFO  - Transforming getAuthenticatedUser controller method
11:08:15.198 [main] INFO  - Transforming getSecrets controller method
11:08:15.198 [main] INFO  - Transforming getSiteId controller method
11:08:15.198 [main] INFO  - Transforming getUserInfo controller method
11:08:15.198 [main] INFO  - Transforming getAuthenticatedUser controller method
11:08:15.198 [main] INFO  - Transforming getSecrets controller method
11:08:15.198 [main] INFO  - Transforming getSiteId controller method
11:08:15.198 [main] INFO  - Transforming getUserInfo controller method
Wrote OpenAPI to outputs-java21-jersey/digdag_oas_default.json

real	1m3.039s
user	0m36.566s
sys	0m6.313s
