Loading model: /home/alex/Respector-fork/dataset/senzing-api-server
Detected Framework via Type Annotations: Quarkus
Detected profiles: [default]
Wrote OpenAPI to outputs-java21-jersey/senzing-api-server_oas_default.json

real	0m6.806s
user	0m17.371s
sys	0m2.781s
Loading model: /home/alex/Respector-fork/dataset/senzing-api-server
Detected Framework via Type Annotations: Quarkus
Detected profiles: [default]
Wrote OpenAPI to outputs-java21-jersey/senzing-api-server_oas_default.json

real	0m6.963s
user	0m18.172s
sys	0m2.796s
Loading model: /home/alex/Respector-fork/dataset/senzing-api-server
Detected Framework via Type Annotations: Quarkus
Detected profiles: [default]
Wrote OpenAPI to outputs-java21-jersey/senzing-api-server_oas_default.json

real	0m6.706s
user	0m17.384s
sys	0m2.706s
Loading model: /home/alex/Respector-fork/dataset/senzing-api-server
Detected Framework via Type Annotations: Quarkus
Detected profiles: [default]
Wrote OpenAPI to outputs-java21-jersey/senzing-api-server_oas_default.json

real	0m6.819s
user	0m17.482s
sys	0m2.821s
Loading model: /home/alex/Respector-fork/dataset/senzing-api-server
Detected Framework via Type Annotations: Quarkus
Detected profiles: [default]
Wrote OpenAPI to outputs-java21-jersey/senzing-api-server_oas_default.json

real	0m6.852s
user	0m17.765s
sys	0m2.761s
Loading model: /home/alex/Respector-fork/dataset/senzing-api-server
Detected Framework via Type Annotations: Jakarta
Detected profiles: [default]
Wrote OpenAPI to outputs-java21-jersey/senzing-api-server_oas_default.json

real	0m7.743s
user	0m19.774s
sys	0m2.938s
Loading model: /home/alex/Respector-fork/dataset/senzing-api-server
Detected Framework via Type Annotations: Jakarta
Detected profiles: [default]
Wrote OpenAPI to outputs-java21-jersey/senzing-api-server_oas_default.json

real	0m7.654s
user	0m19.630s
sys	0m3.098s
Loading model: /home/alex/Respector-fork/dataset/senzing-api-server
11:09:27.318 [StreamPumper-systemOut] DEBUG - [INFO] Scanning for projects...
11:09:27.375 [StreamPumper-systemOut] DEBUG - [WARNING] 
11:09:27.376 [StreamPumper-systemOut] DEBUG - [WARNING] Some problems were encountered while building the effective model for com.senzing:senzing-api-server:jar:3.3.0
11:09:27.376 [StreamPumper-systemOut] DEBUG - [WARNING] 'build.plugins.plugin.version' for org.codehaus.mojo:build-helper-maven-plugin is missing. @ line 308, column 15
11:09:27.376 [StreamPumper-systemOut] DEBUG - [WARNING] 
11:09:27.378 [StreamPumper-systemOut] DEBUG - [WARNING] It is highly recommended to fix these problems because they threaten the stability of your build.
11:09:27.378 [StreamPumper-systemOut] DEBUG - [WARNING] 
11:09:27.378 [StreamPumper-systemOut] DEBUG - [WARNING] For this reason, future Maven versions might no longer support building such malformed projects.
11:09:27.378 [StreamPumper-systemOut] DEBUG - [WARNING] 
11:09:27.523 [StreamPumper-systemOut] DEBUG - [INFO] 
11:09:27.523 [StreamPumper-systemOut] DEBUG - [INFO] -------------------< com.senzing:senzing-api-server >-------------------
11:09:27.524 [StreamPumper-systemOut] DEBUG - [INFO] Building senzing-api-server 3.3.0
11:09:27.525 [StreamPumper-systemOut] DEBUG - [INFO] --------------------------------[ jar ]---------------------------------
11:09:27.725 [StreamPumper-systemOut] DEBUG - [INFO] Downloading from central: https://repo.maven.apache.org/maven2/com/senzing/g2/maven-metadata.xml
11:09:28.145 [StreamPumper-systemOut] DEBUG - [INFO] Downloaded from central: https://repo.maven.apache.org/maven2/com/senzing/g2/maven-metadata.xml (452 B at 1.1 kB/s)
11:09:28.165 [StreamPumper-systemOut] DEBUG - [INFO] Downloading from central: https://repo.maven.apache.org/maven2/com/senzing/senzing-commons/maven-metadata.xml
11:09:28.363 [StreamPumper-systemOut] DEBUG - [INFO] Downloaded from central: https://repo.maven.apache.org/maven2/com/senzing/senzing-commons/maven-metadata.xml (1.0 kB at 5.2 kB/s)
11:09:28.776 [StreamPumper-systemOut] DEBUG - [INFO] Downloading from central: https://repo.maven.apache.org/maven2/org/springframework/spring-core/maven-metadata.xml
11:09:28.801 [StreamPumper-systemOut] DEBUG - [INFO] Downloaded from central: https://repo.maven.apache.org/maven2/org/springframework/spring-core/maven-metadata.xml (11 kB at 436 kB/s)
11:09:28.819 [StreamPumper-systemOut] DEBUG - [INFO] Downloading from central: https://repo.maven.apache.org/maven2/org/springframework/spring-web/maven-metadata.xml
11:09:28.840 [StreamPumper-systemOut] DEBUG - [INFO] Downloaded from central: https://repo.maven.apache.org/maven2/org/springframework/spring-web/maven-metadata.xml (11 kB at 514 kB/s)
11:09:28.857 [StreamPumper-systemOut] DEBUG - [INFO] Downloading from central: https://repo.maven.apache.org/maven2/org/springframework/spring-context/maven-metadata.xml
11:09:28.877 [StreamPumper-systemOut] DEBUG - [INFO] Downloaded from central: https://repo.maven.apache.org/maven2/org/springframework/spring-context/maven-metadata.xml (11 kB at 542 kB/s)
11:09:28.926 [StreamPumper-systemOut] DEBUG - [INFO] 
11:09:28.926 [StreamPumper-systemOut] DEBUG - [INFO] --- maven-dependency-plugin:2.8:build-classpath (default-cli) @ senzing-api-server ---
11:09:29.246 [StreamPumper-systemOut] DEBUG - [INFO] Wrote classpath file '/home/alex/Respector-fork/dataset/senzing-api-server/spoon.classpath-app.tmp'.
11:09:29.249 [StreamPumper-systemOut] DEBUG - [INFO] ------------------------------------------------------------------------
11:09:29.250 [StreamPumper-systemOut] DEBUG - [INFO] BUILD SUCCESS
11:09:29.250 [StreamPumper-systemOut] DEBUG - [INFO] ------------------------------------------------------------------------
11:09:29.250 [StreamPumper-systemOut] DEBUG - [INFO] Total time:  1.964 s
11:09:29.250 [StreamPumper-systemOut] DEBUG - [INFO] Finished at: 2025-07-21T11:09:29+02:00
11:09:29.250 [StreamPumper-systemOut] DEBUG - [INFO] ------------------------------------------------------------------------
11:09:29.288 [main] INFO  - Running in FULLCLASSPATH mode. Source folders and dependencies are inferred from the pom.xml file (doc: http://spoon.gforge.inria.fr/launcher.html).
11:09:32.217 [main] DEBUG - Logging to Logger[org.eclipse.jetty.util.log] via org.eclipse.jetty.util.log.Slf4jLog
11:09:32.237 [main] INFO  - Logging initialized @6681ms to org.eclipse.jetty.util.log.Slf4jLog
11:09:32.238 [main] DEBUG - HttpField encoders loaded: []
Detected Framework via Type Annotations: JAX-RS (Java EE)
Detected profiles: [default]
11:09:33.049 [main] INFO  - Transforming getServerInfo controller method
11:09:33.053 [main] DEBUG - Called mapGet with annotation name "", path server-info, method [GET], produces null
11:09:33.055 [main] DEBUG - Base Controller Path /, Path server-info, fullPath /server-info, cleanedPath /server-info
11:09:33.058 [main] DEBUG - Transforming Parameters - Actual Param: @javax.ws.rs.core.Context
javax.ws.rs.core.UriInfo uriInfo 
11:09:33.095 [main] INFO  - Transforming heartbeat controller method
11:09:33.096 [main] DEBUG - Called mapGet with annotation name "", path heartbeat, method [GET], produces null
11:09:33.096 [main] DEBUG - Base Controller Path /, Path heartbeat, fullPath /heartbeat, cleanedPath /heartbeat
11:09:33.097 [main] DEBUG - Transforming Parameters - Actual Param: @javax.ws.rs.core.Context
javax.ws.rs.core.UriInfo uriInfo 
11:09:33.116 [main] INFO  - Transforming license controller method
11:09:33.116 [main] DEBUG - Called mapGet with annotation name "", path license, method [GET], produces null
11:09:33.116 [main] DEBUG - Base Controller Path /, Path license, fullPath /license, cleanedPath /license
11:09:33.116 [main] DEBUG - Transforming Parameters - Actual Param: @javax.ws.rs.DefaultValue("false")
@javax.ws.rs.QueryParam("withRaw")
boolean withRaw 
11:09:33.120 [main] DEBUG - Mapping simple parameter withRaw (Parameter: @javax.ws.rs.DefaultValue("false")
@javax.ws.rs.QueryParam("withRaw")
boolean withRaw)
11:09:33.123 [main] DEBUG - Transforming Parameters - Actual Param: @javax.ws.rs.core.Context
javax.ws.rs.core.UriInfo uriInfo 
11:09:33.141 [main] INFO  - Transforming newBasicResponse controller method
11:09:33.141 [main] INFO  - Transforming newLicenseResponse controller method
11:09:33.141 [main] INFO  - Transforming newLicenseResponseData controller method
11:09:33.141 [main] INFO  - Transforming newOpenApiSpecResponse controller method
11:09:33.141 [main] INFO  - Transforming newServerInfo controller method
11:09:33.141 [main] INFO  - Transforming newServerInfo controller method
11:09:33.142 [main] INFO  - Transforming newServerInfoResponse controller method
11:09:33.142 [main] INFO  - Transforming newVersionResponse controller method
11:09:33.142 [main] INFO  - Transforming openApiSpecification controller method
11:09:33.142 [main] DEBUG - Called mapGet with annotation name "", path specifications/open-api, method [GET], produces null
11:09:33.142 [main] DEBUG - Base Controller Path /, Path specifications/open-api, fullPath /specifications/open-api, cleanedPath /specifications/open-api
11:09:33.142 [main] DEBUG - Transforming Parameters - Actual Param: @javax.ws.rs.DefaultValue("false")
@javax.ws.rs.QueryParam("asRaw")
boolean asRaw 
11:09:33.142 [main] DEBUG - Mapping simple parameter asRaw (Parameter: @javax.ws.rs.DefaultValue("false")
@javax.ws.rs.QueryParam("asRaw")
boolean asRaw)
11:09:33.143 [main] DEBUG - Transforming Parameters - Actual Param: @javax.ws.rs.core.Context
javax.ws.rs.core.UriInfo uriInfo 
11:09:33.148 [main] INFO  - Transforming parseLicenseInfo controller method
11:09:33.148 [main] INFO  - Transforming parseVersionInfo controller method
11:09:33.148 [main] INFO  - Transforming replaceOpenApiServers controller method
11:09:33.148 [main] INFO  - Transforming root controller method
11:09:33.148 [main] DEBUG - Called mapGet with annotation name "", path null, method [GET], produces null
11:09:33.149 [main] DEBUG - Base Controller Path /, Path null, fullPath /, cleanedPath /
11:09:33.149 [main] DEBUG - Transforming Parameters - Actual Param: @javax.ws.rs.core.Context
javax.ws.rs.core.UriInfo uriInfo 
11:09:33.166 [main] INFO  - Transforming version controller method
11:09:33.166 [main] DEBUG - Called mapGet with annotation name "", path version, method [GET], produces null
11:09:33.166 [main] DEBUG - Base Controller Path /, Path version, fullPath /version, cleanedPath /version
11:09:33.167 [main] DEBUG - Transforming Parameters - Actual Param: @javax.ws.rs.DefaultValue("false")
@javax.ws.rs.QueryParam("withRaw")
boolean withRaw 
11:09:33.167 [main] DEBUG - Mapping simple parameter withRaw (Parameter: @javax.ws.rs.DefaultValue("false")
@javax.ws.rs.QueryParam("withRaw")
boolean withRaw)
11:09:33.167 [main] DEBUG - Transforming Parameters - Actual Param: @javax.ws.rs.core.Context
javax.ws.rs.core.UriInfo uriInfo 
11:09:33.185 [main] INFO  - Transforming analyzeBulkRecordsDirect controller method
11:09:33.220 [main] DEBUG - Transforming Parameters - Actual Param: @javax.ws.rs.HeaderParam("Content-Type")
javax.ws.rs.core.MediaType mediaType 
11:09:33.221 [main] DEBUG - Mapping simple parameter mediaType (Parameter: @javax.ws.rs.HeaderParam("Content-Type")
javax.ws.rs.core.MediaType mediaType)
11:09:33.225 [main] DEBUG - Transforming Parameters - Actual Param: java.io.InputStream dataInputStream 
11:09:33.225 [main] DEBUG - Transforming Parameters - Actual Param: @javax.ws.rs.core.Context
javax.ws.rs.core.UriInfo uriInfo 
11:09:33.227 [main] INFO  - Transforming analyzeBulkRecordsDirect controller method
11:09:33.245 [main] DEBUG - Transforming Parameters - Actual Param: @javax.ws.rs.HeaderParam("Content-Type")
javax.ws.rs.core.MediaType mediaType 
11:09:33.245 [main] DEBUG - Mapping simple parameter mediaType (Parameter: @javax.ws.rs.HeaderParam("Content-Type")
javax.ws.rs.core.MediaType mediaType)
11:09:33.249 [main] DEBUG - Transforming Parameters - Actual Param: java.io.InputStream dataInputStream 
11:09:33.249 [main] DEBUG - Transforming Parameters - Actual Param: @javax.ws.rs.core.Context
javax.ws.rs.core.UriInfo uriInfo 
11:09:33.249 [main] DEBUG - Transforming Parameters - Actual Param: @javax.ws.rs.QueryParam("progressPeriod")
@javax.ws.rs.DefaultValue("3000")
long progressPeriod 
11:09:33.250 [main] DEBUG - Mapping simple parameter progressPeriod (Parameter: @javax.ws.rs.QueryParam("progressPeriod")
@javax.ws.rs.DefaultValue("3000")
long progressPeriod)
11:09:33.254 [main] DEBUG - Transforming Parameters - Actual Param: @javax.ws.rs.core.Context
javax.ws.rs.sse.SseEventSink sseEventSink 
11:09:33.254 [main] DEBUG - Transforming Parameters - Actual Param: @javax.ws.rs.core.Context
javax.ws.rs.sse.Sse sse 
11:09:33.255 [main] INFO  - Transforming analyzeBulkRecordsViaForm controller method
11:09:33.284 [main] DEBUG - Transforming Parameters - Actual Param: @javax.ws.rs.HeaderParam("Content-Type")
javax.ws.rs.core.MediaType mediaType 
11:09:33.285 [main] DEBUG - Mapping simple parameter mediaType (Parameter: @javax.ws.rs.HeaderParam("Content-Type")
javax.ws.rs.core.MediaType mediaType)
11:09:33.288 [main] DEBUG - Transforming Parameters - Actual Param: @org.glassfish.jersey.media.multipart.FormDataParam("data")
java.io.InputStream dataInputStream 
11:09:33.289 [main] DEBUG - Transforming Parameters - Actual Param: @javax.ws.rs.core.Context
javax.ws.rs.core.UriInfo uriInfo 
11:09:33.290 [main] INFO  - Transforming analyzeBulkRecordsViaForm controller method
11:09:33.308 [main] DEBUG - Transforming Parameters - Actual Param: @javax.ws.rs.HeaderParam("Content-Type")
javax.ws.rs.core.MediaType mediaType 
11:09:33.308 [main] DEBUG - Mapping simple parameter mediaType (Parameter: @javax.ws.rs.HeaderParam("Content-Type")
javax.ws.rs.core.MediaType mediaType)
11:09:33.311 [main] DEBUG - Transforming Parameters - Actual Param: @org.glassfish.jersey.media.multipart.FormDataParam("data")
java.io.InputStream dataInputStream 
11:09:33.312 [main] DEBUG - Transforming Parameters - Actual Param: @javax.ws.rs.core.Context
javax.ws.rs.core.UriInfo uriInfo 
11:09:33.312 [main] DEBUG - Transforming Parameters - Actual Param: @javax.ws.rs.QueryParam("progressPeriod")
@javax.ws.rs.DefaultValue("3000")
long progressPeriod 
11:09:33.312 [main] DEBUG - Mapping simple parameter progressPeriod (Parameter: @javax.ws.rs.QueryParam("progressPeriod")
@javax.ws.rs.DefaultValue("3000")
long progressPeriod)
11:09:33.312 [main] DEBUG - Transforming Parameters - Actual Param: @javax.ws.rs.core.Context
javax.ws.rs.sse.SseEventSink sseEventSink 
11:09:33.312 [main] DEBUG - Transforming Parameters - Actual Param: @javax.ws.rs.core.Context
javax.ws.rs.sse.Sse sse 
11:09:33.313 [main] INFO  - Transforming loadBulkRecordsDirect controller method
11:09:33.343 [main] DEBUG - Transforming Parameters - Actual Param: @javax.ws.rs.QueryParam("dataSource")
java.lang.String dataSource 
11:09:33.343 [main] DEBUG - Mapping simple parameter dataSource (Parameter: @javax.ws.rs.QueryParam("dataSource")
java.lang.String dataSource)
11:09:33.358 [main] DEBUG - Transforming Parameters - Actual Param: @javax.ws.rs.QueryParam("mapDataSources")
java.lang.String mapDataSources 
11:09:33.358 [main] DEBUG - Mapping simple parameter mapDataSources (Parameter: @javax.ws.rs.QueryParam("mapDataSources")
java.lang.String mapDataSources)
11:09:33.362 [main] DEBUG - Transforming Parameters - Actual Param: @javax.ws.rs.QueryParam("mapDataSource")
java.util.List<java.lang.String> mapDataSourceList 
11:09:33.363 [main] DEBUG - Mapping simple parameter mapDataSourceList (Parameter: @javax.ws.rs.QueryParam("mapDataSource")
java.util.List<java.lang.String> mapDataSourceList)
11:09:33.372 [main] DEBUG - Transforming Parameters - Actual Param: @javax.ws.rs.QueryParam("loadId")
java.lang.String loadId 
11:09:33.372 [main] DEBUG - Mapping simple parameter loadId (Parameter: @javax.ws.rs.QueryParam("loadId")
java.lang.String loadId)
11:09:33.375 [main] DEBUG - Transforming Parameters - Actual Param: @javax.ws.rs.DefaultValue("0")
@javax.ws.rs.QueryParam("maxFailures")
int maxFailures 
11:09:33.376 [main] DEBUG - Mapping simple parameter maxFailures (Parameter: @javax.ws.rs.DefaultValue("0")
@javax.ws.rs.QueryParam("maxFailures")
int maxFailures)
11:09:33.376 [main] DEBUG - Transforming Parameters - Actual Param: @javax.ws.rs.HeaderParam("Content-Type")
javax.ws.rs.core.MediaType mediaType 
11:09:33.376 [main] DEBUG - Mapping simple parameter mediaType (Parameter: @javax.ws.rs.HeaderParam("Content-Type")
javax.ws.rs.core.MediaType mediaType)
11:09:33.379 [main] DEBUG - Transforming Parameters - Actual Param: java.io.InputStream dataInputStream 
11:09:33.380 [main] DEBUG - Transforming Parameters - Actual Param: @javax.ws.rs.core.Context
javax.ws.rs.core.UriInfo uriInfo 
11:09:33.381 [main] INFO  - Transforming loadBulkRecordsDirect controller method
11:09:33.398 [main] DEBUG - Transforming Parameters - Actual Param: @javax.ws.rs.QueryParam("dataSource")
java.lang.String dataSource 
11:09:33.398 [main] DEBUG - Mapping simple parameter dataSource (Parameter: @javax.ws.rs.QueryParam("dataSource")
java.lang.String dataSource)
11:09:33.401 [main] DEBUG - Transforming Parameters - Actual Param: @javax.ws.rs.QueryParam("mapDataSources")
java.lang.String mapDataSources 
11:09:33.402 [main] DEBUG - Mapping simple parameter mapDataSources (Parameter: @javax.ws.rs.QueryParam("mapDataSources")
java.lang.String mapDataSources)
11:09:33.405 [main] DEBUG - Transforming Parameters - Actual Param: @javax.ws.rs.QueryParam("mapDataSource")
java.util.List<java.lang.String> mapDataSourceList 
11:09:33.405 [main] DEBUG - Mapping simple parameter mapDataSourceList (Parameter: @javax.ws.rs.QueryParam("mapDataSource")
java.util.List<java.lang.String> mapDataSourceList)
11:09:33.412 [main] DEBUG - Transforming Parameters - Actual Param: @javax.ws.rs.QueryParam("loadId")
java.lang.String loadId 
11:09:33.412 [main] DEBUG - Mapping simple parameter loadId (Parameter: @javax.ws.rs.QueryParam("loadId")
java.lang.String loadId)
11:09:33.416 [main] DEBUG - Transforming Parameters - Actual Param: @javax.ws.rs.DefaultValue("0")
@javax.ws.rs.QueryParam("maxFailures")
int maxFailures 
11:09:33.416 [main] DEBUG - Mapping simple parameter maxFailures (Parameter: @javax.ws.rs.DefaultValue("0")
@javax.ws.rs.QueryParam("maxFailures")
int maxFailures)
11:09:33.417 [main] DEBUG - Transforming Parameters - Actual Param: @javax.ws.rs.HeaderParam("Content-Type")
javax.ws.rs.core.MediaType mediaType 
11:09:33.417 [main] DEBUG - Mapping simple parameter mediaType (Parameter: @javax.ws.rs.HeaderParam("Content-Type")
javax.ws.rs.core.MediaType mediaType)
11:09:33.420 [main] DEBUG - Transforming Parameters - Actual Param: java.io.InputStream dataInputStream 
11:09:33.420 [main] DEBUG - Transforming Parameters - Actual Param: @javax.ws.rs.core.Context
javax.ws.rs.core.UriInfo uriInfo 
11:09:33.420 [main] DEBUG - Transforming Parameters - Actual Param: @javax.ws.rs.QueryParam("progressPeriod")
@javax.ws.rs.DefaultValue("3000")
long progressPeriod 
11:09:33.421 [main] DEBUG - Mapping simple parameter progressPeriod (Parameter: @javax.ws.rs.QueryParam("progressPeriod")
@javax.ws.rs.DefaultValue("3000")
long progressPeriod)
11:09:33.421 [main] DEBUG - Transforming Parameters - Actual Param: @javax.ws.rs.core.Context
javax.ws.rs.sse.SseEventSink sseEventSink 
11:09:33.421 [main] DEBUG - Transforming Parameters - Actual Param: @javax.ws.rs.core.Context
javax.ws.rs.sse.Sse sse 
11:09:33.422 [main] INFO  - Transforming loadBulkRecordsViaForm controller method
11:09:33.450 [main] DEBUG - Transforming Parameters - Actual Param: @javax.ws.rs.QueryParam("dataSource")
java.lang.String dataSource 
11:09:33.450 [main] DEBUG - Mapping simple parameter dataSource (Parameter: @javax.ws.rs.QueryParam("dataSource")
java.lang.String dataSource)
11:09:33.454 [main] DEBUG - Transforming Parameters - Actual Param: @javax.ws.rs.QueryParam("mapDataSources")
java.lang.String mapDataSources 
11:09:33.454 [main] DEBUG - Mapping simple parameter mapDataSources (Parameter: @javax.ws.rs.QueryParam("mapDataSources")
java.lang.String mapDataSources)
11:09:33.457 [main] DEBUG - Transforming Parameters - Actual Param: @javax.ws.rs.QueryParam("mapDataSource")
java.util.List<java.lang.String> mapDataSourceList 
11:09:33.458 [main] DEBUG - Mapping simple parameter mapDataSourceList (Parameter: @javax.ws.rs.QueryParam("mapDataSource")
java.util.List<java.lang.String> mapDataSourceList)
11:09:33.464 [main] DEBUG - Transforming Parameters - Actual Param: @javax.ws.rs.QueryParam("loadId")
java.lang.String loadId 
11:09:33.464 [main] DEBUG - Mapping simple parameter loadId (Parameter: @javax.ws.rs.QueryParam("loadId")
java.lang.String loadId)
11:09:33.467 [main] DEBUG - Transforming Parameters - Actual Param: @javax.ws.rs.DefaultValue("0")
@javax.ws.rs.QueryParam("maxFailures")
int maxFailures 
11:09:33.468 [main] DEBUG - Mapping simple parameter maxFailures (Parameter: @javax.ws.rs.DefaultValue("0")
@javax.ws.rs.QueryParam("maxFailures")
int maxFailures)
11:09:33.468 [main] DEBUG - Transforming Parameters - Actual Param: @javax.ws.rs.HeaderParam("Content-Type")
javax.ws.rs.core.MediaType mediaType 
11:09:33.468 [main] DEBUG - Mapping simple parameter mediaType (Parameter: @javax.ws.rs.HeaderParam("Content-Type")
javax.ws.rs.core.MediaType mediaType)
11:09:33.472 [main] DEBUG - Transforming Parameters - Actual Param: @org.glassfish.jersey.media.multipart.FormDataParam("data")
java.io.InputStream dataInputStream 
11:09:33.472 [main] DEBUG - Transforming Parameters - Actual Param: @org.glassfish.jersey.media.multipart.FormDataParam("data")
org.glassfish.jersey.media.multipart.FormDataContentDisposition fileMetaData 
11:09:33.472 [main] DEBUG - Transforming Parameters - Actual Param: @javax.ws.rs.core.Context
javax.ws.rs.core.UriInfo uriInfo 
11:09:33.473 [main] INFO  - Transforming loadBulkRecordsViaForm controller method
11:09:33.489 [main] DEBUG - Transforming Parameters - Actual Param: @javax.ws.rs.QueryParam("dataSource")
java.lang.String dataSource 
11:09:33.490 [main] DEBUG - Mapping simple parameter dataSource (Parameter: @javax.ws.rs.QueryParam("dataSource")
java.lang.String dataSource)
11:09:33.493 [main] DEBUG - Transforming Parameters - Actual Param: @javax.ws.rs.QueryParam("mapDataSources")
java.lang.String mapDataSources 
11:09:33.493 [main] DEBUG - Mapping simple parameter mapDataSources (Parameter: @javax.ws.rs.QueryParam("mapDataSources")
java.lang.String mapDataSources)
11:09:33.497 [main] DEBUG - Transforming Parameters - Actual Param: @javax.ws.rs.QueryParam("mapDataSource")
java.util.List<java.lang.String> mapDataSourceList 
11:09:33.497 [main] DEBUG - Mapping simple parameter mapDataSourceList (Parameter: @javax.ws.rs.QueryParam("mapDataSource")
java.util.List<java.lang.String> mapDataSourceList)
11:09:33.503 [main] DEBUG - Transforming Parameters - Actual Param: @javax.ws.rs.QueryParam("loadId")
java.lang.String loadId 
11:09:33.504 [main] DEBUG - Mapping simple parameter loadId (Parameter: @javax.ws.rs.QueryParam("loadId")
java.lang.String loadId)
11:09:33.507 [main] DEBUG - Transforming Parameters - Actual Param: @javax.ws.rs.DefaultValue("0")
@javax.ws.rs.QueryParam("maxFailures")
int maxFailures 
11:09:33.508 [main] DEBUG - Mapping simple parameter maxFailures (Parameter: @javax.ws.rs.DefaultValue("0")
@javax.ws.rs.QueryParam("maxFailures")
int maxFailures)
11:09:33.508 [main] DEBUG - Transforming Parameters - Actual Param: @javax.ws.rs.HeaderParam("Content-Type")
javax.ws.rs.core.MediaType mediaType 
11:09:33.508 [main] DEBUG - Mapping simple parameter mediaType (Parameter: @javax.ws.rs.HeaderParam("Content-Type")
javax.ws.rs.core.MediaType mediaType)
11:09:33.511 [main] DEBUG - Transforming Parameters - Actual Param: @org.glassfish.jersey.media.multipart.FormDataParam("data")
java.io.InputStream dataInputStream 
11:09:33.512 [main] DEBUG - Transforming Parameters - Actual Param: @org.glassfish.jersey.media.multipart.FormDataParam("data")
org.glassfish.jersey.media.multipart.FormDataContentDisposition fileMetaData 
11:09:33.512 [main] DEBUG - Transforming Parameters - Actual Param: @javax.ws.rs.core.Context
javax.ws.rs.core.UriInfo uriInfo 
11:09:33.512 [main] DEBUG - Transforming Parameters - Actual Param: @javax.ws.rs.QueryParam("progressPeriod")
@javax.ws.rs.DefaultValue("3000")
long progressPeriod 
11:09:33.513 [main] DEBUG - Mapping simple parameter progressPeriod (Parameter: @javax.ws.rs.QueryParam("progressPeriod")
@javax.ws.rs.DefaultValue("3000")
long progressPeriod)
11:09:33.513 [main] DEBUG - Transforming Parameters - Actual Param: @javax.ws.rs.core.Context
javax.ws.rs.sse.SseEventSink sseEventSink 
11:09:33.513 [main] DEBUG - Transforming Parameters - Actual Param: @javax.ws.rs.core.Context
javax.ws.rs.sse.Sse sse 
11:09:33.514 [main] INFO  - Transforming addDataSources controller method
11:09:33.543 [main] DEBUG - Transforming Parameters - Actual Param: @javax.ws.rs.QueryParam("dataSource")
java.util.List<java.lang.String> dataSourceCodes 
11:09:33.543 [main] DEBUG - Mapping simple parameter dataSourceCodes (Parameter: @javax.ws.rs.QueryParam("dataSource")
java.util.List<java.lang.String> dataSourceCodes)
11:09:33.550 [main] DEBUG - Transforming Parameters - Actual Param: @javax.ws.rs.DefaultValue("false")
@javax.ws.rs.QueryParam("withRaw")
boolean withRaw 
11:09:33.550 [main] DEBUG - Mapping simple parameter withRaw (Parameter: @javax.ws.rs.DefaultValue("false")
@javax.ws.rs.QueryParam("withRaw")
boolean withRaw)
11:09:33.550 [main] DEBUG - Transforming Parameters - Actual Param: @javax.ws.rs.core.Context
javax.ws.rs.core.UriInfo uriInfo 
11:09:33.550 [main] DEBUG - Transforming Parameters - Actual Param: java.lang.String dataSourcesInBody 
11:09:33.551 [main] INFO  - Transforming buildDataSourceResponse controller method
11:09:33.551 [main] INFO  - Transforming buildDataSourcesResponse controller method
11:09:33.551 [main] INFO  - Transforming doAddDataSources controller method
11:09:33.551 [main] INFO  - Transforming doGetDataSources controller method
11:09:33.551 [main] INFO  - Transforming exportConfig controller method
11:09:33.551 [main] INFO  - Transforming getActiveConfig controller method
11:09:33.551 [main] DEBUG - Called mapGet with annotation name "", path configs/active, method [GET], produces null
11:09:33.552 [main] DEBUG - Base Controller Path /, Path configs/active, fullPath /configs/active, cleanedPath /configs/active
11:09:33.552 [main] DEBUG - Transforming Parameters - Actual Param: @javax.ws.rs.core.Context
javax.ws.rs.core.UriInfo uriInfo 
11:09:33.568 [main] INFO  - Transforming getAttributeType controller method
11:09:33.568 [main] DEBUG - Called mapGet with annotation name "", path attribute-types/{attributeCode}, method [GET], produces null
11:09:33.568 [main] DEBUG - Base Controller Path /, Path attribute-types/{attributeCode}, fullPath /attribute-types/{attributeCode}, cleanedPath /attribute-types/{attributeCode}
11:09:33.568 [main] DEBUG - Transforming Parameters - Actual Param: @javax.ws.rs.PathParam("attributeCode")
java.lang.String attributeCode 
11:09:33.569 [main] DEBUG - Mapping simple parameter attributeCode (Parameter: @javax.ws.rs.PathParam("attributeCode")
java.lang.String attributeCode)
11:09:33.573 [main] DEBUG - Transforming Parameters - Actual Param: @javax.ws.rs.DefaultValue("false")
@javax.ws.rs.QueryParam("withRaw")
boolean withRaw 
11:09:33.573 [main] DEBUG - Mapping simple parameter withRaw (Parameter: @javax.ws.rs.DefaultValue("false")
@javax.ws.rs.QueryParam("withRaw")
boolean withRaw)
11:09:33.574 [main] DEBUG - Transforming Parameters - Actual Param: @javax.ws.rs.core.Context
javax.ws.rs.core.UriInfo uriInfo 
11:09:33.606 [main] INFO  - Transforming getAttributeTypes controller method
11:09:33.606 [main] DEBUG - Called mapGet with annotation name "", path attribute-types, method [GET], produces null
11:09:33.606 [main] DEBUG - Base Controller Path /, Path attribute-types, fullPath /attribute-types, cleanedPath /attribute-types
11:09:33.606 [main] DEBUG - Transforming Parameters - Actual Param: @javax.ws.rs.DefaultValue("false")
@javax.ws.rs.QueryParam("withInternal")
boolean withInternal 
11:09:33.606 [main] DEBUG - Mapping simple parameter withInternal (Parameter: @javax.ws.rs.DefaultValue("false")
@javax.ws.rs.QueryParam("withInternal")
boolean withInternal)
11:09:33.606 [main] DEBUG - Transforming Parameters - Actual Param: @javax.ws.rs.QueryParam("attributeClass")
java.lang.String attributeClass 
11:09:33.607 [main] DEBUG - Mapping simple parameter attributeClass (Parameter: @javax.ws.rs.QueryParam("attributeClass")
java.lang.String attributeClass)
11:09:33.609 [main] DEBUG - Transforming Parameters - Actual Param: @javax.ws.rs.QueryParam("featureType")
java.lang.String featureType 
11:09:33.609 [main] DEBUG - Mapping simple parameter featureType (Parameter: @javax.ws.rs.QueryParam("featureType")
java.lang.String featureType)
11:09:33.611 [main] DEBUG - Transforming Parameters - Actual Param: @javax.ws.rs.DefaultValue("false")
@javax.ws.rs.QueryParam("withRaw")
boolean withRaw 
11:09:33.611 [main] DEBUG - Mapping simple parameter withRaw (Parameter: @javax.ws.rs.DefaultValue("false")
@javax.ws.rs.QueryParam("withRaw")
boolean withRaw)
11:09:33.611 [main] DEBUG - Transforming Parameters - Actual Param: @javax.ws.rs.core.Context
javax.ws.rs.core.UriInfo uriInfo 
11:09:33.622 [main] INFO  - Transforming getCurrentConfigRoot controller method
11:09:33.622 [main] INFO  - Transforming getDataSource controller method
11:09:33.622 [main] DEBUG - Called mapGet with annotation name "", path data-sources/{dataSourceCode}, method [GET], produces null
11:09:33.623 [main] DEBUG - Base Controller Path /, Path data-sources/{dataSourceCode}, fullPath /data-sources/{dataSourceCode}, cleanedPath /data-sources/{dataSourceCode}
11:09:33.623 [main] DEBUG - Transforming Parameters - Actual Param: @javax.ws.rs.PathParam("dataSourceCode")
java.lang.String dataSourceCode 
11:09:33.623 [main] DEBUG - Mapping simple parameter dataSourceCode (Parameter: @javax.ws.rs.PathParam("dataSourceCode")
java.lang.String dataSourceCode)
11:09:33.625 [main] DEBUG - Transforming Parameters - Actual Param: @javax.ws.rs.DefaultValue("false")
@javax.ws.rs.QueryParam("withRaw")
boolean withRaw 
11:09:33.625 [main] DEBUG - Mapping simple parameter withRaw (Parameter: @javax.ws.rs.DefaultValue("false")
@javax.ws.rs.QueryParam("withRaw")
boolean withRaw)
11:09:33.626 [main] DEBUG - Transforming Parameters - Actual Param: @javax.ws.rs.core.Context
javax.ws.rs.core.UriInfo uriInfo 
11:09:33.635 [main] INFO  - Transforming getDataSources controller method
11:09:33.635 [main] DEBUG - Called mapGet with annotation name "", path data-sources, method [GET], produces null
11:09:33.636 [main] DEBUG - Base Controller Path /, Path data-sources, fullPath /data-sources, cleanedPath /data-sources
11:09:33.636 [main] DEBUG - Transforming Parameters - Actual Param: @javax.ws.rs.DefaultValue("false")
@javax.ws.rs.QueryParam("withRaw")
boolean withRaw 
11:09:33.636 [main] DEBUG - Mapping simple parameter withRaw (Parameter: @javax.ws.rs.DefaultValue("false")
@javax.ws.rs.QueryParam("withRaw")
boolean withRaw)
11:09:33.636 [main] DEBUG - Transforming Parameters - Actual Param: @javax.ws.rs.core.Context
javax.ws.rs.core.UriInfo uriInfo 
11:09:33.646 [main] INFO  - Transforming getDataSourcesMap controller method
11:09:33.646 [main] INFO  - Transforming getDefaultConfig controller method
11:09:33.646 [main] INFO  - Transforming getTemplateConfig controller method
11:09:33.646 [main] DEBUG - Called mapGet with annotation name "", path configs/template, method [GET], produces null
11:09:33.646 [main] DEBUG - Base Controller Path /, Path configs/template, fullPath /configs/template, cleanedPath /configs/template
11:09:33.646 [main] DEBUG - Transforming Parameters - Actual Param: @javax.ws.rs.core.Context
javax.ws.rs.core.UriInfo uriInfo 
11:09:33.656 [main] INFO  - Transforming newAttributeTypeResponse controller method
11:09:33.656 [main] INFO  - Transforming newAttributeTypeResponseData controller method
11:09:33.656 [main] INFO  - Transforming newAttributeTypesResponse controller method
11:09:33.656 [main] INFO  - Transforming newAttributeTypesResponseData controller method
11:09:33.656 [main] INFO  - Transforming newConfigResponse controller method
11:09:33.656 [main] INFO  - Transforming newDataSource controller method
11:09:33.656 [main] INFO  - Transforming newDataSourceResponse controller method
11:09:33.656 [main] INFO  - Transforming newDataSourceResponseData controller method
11:09:33.656 [main] INFO  - Transforming newDataSourcesResponse controller method
11:09:33.656 [main] INFO  - Transforming newDataSourcesResponseData controller method
11:09:33.656 [main] INFO  - Transforming parseAttributeType controller method
11:09:33.656 [main] INFO  - Transforming parseAttributeTypeList controller method
11:09:33.656 [main] INFO  - Transforming parseDataSource controller method
11:09:33.656 [main] INFO  - Transforming parseDataSourceDescriptors controller method
11:09:33.657 [main] INFO  - Transforming parseDataSourceList controller method
11:09:33.657 [main] INFO  - Transforming updateDefaultConfig controller method
11:09:33.657 [main] INFO  - Transforming checkDataSource controller method
11:09:33.657 [main] INFO  - Transforming checkEntityResult controller method
11:09:33.657 [main] INFO  - Transforming deleteRecord controller method
11:09:33.658 [main] DEBUG - Transforming Parameters - Actual Param: @javax.ws.rs.PathParam("dataSourceCode")
java.lang.String dataSourceCode 
11:09:33.658 [main] DEBUG - Mapping simple parameter dataSourceCode (Parameter: @javax.ws.rs.PathParam("dataSourceCode")
java.lang.String dataSourceCode)
11:09:33.660 [main] DEBUG - Transforming Parameters - Actual Param: @javax.ws.rs.PathParam("recordId")
java.lang.String recordId 
11:09:33.660 [main] DEBUG - Mapping simple parameter recordId (Parameter: @javax.ws.rs.PathParam("recordId")
java.lang.String recordId)
11:09:33.662 [main] DEBUG - Transforming Parameters - Actual Param: @javax.ws.rs.QueryParam("loadId")
java.lang.String loadId 
11:09:33.663 [main] DEBUG - Mapping simple parameter loadId (Parameter: @javax.ws.rs.QueryParam("loadId")
java.lang.String loadId)
11:09:33.665 [main] DEBUG - Transforming Parameters - Actual Param: @javax.ws.rs.QueryParam("withInfo")
@javax.ws.rs.DefaultValue("false")
boolean withInfo 
11:09:33.665 [main] DEBUG - Mapping simple parameter withInfo (Parameter: @javax.ws.rs.QueryParam("withInfo")
@javax.ws.rs.DefaultValue("false")
boolean withInfo)
11:09:33.665 [main] DEBUG - Transforming Parameters - Actual Param: @javax.ws.rs.QueryParam("withRaw")
@javax.ws.rs.DefaultValue("false")
boolean withRaw 
11:09:33.665 [main] DEBUG - Mapping simple parameter withRaw (Parameter: @javax.ws.rs.QueryParam("withRaw")
@javax.ws.rs.DefaultValue("false")
boolean withRaw)
11:09:33.666 [main] DEBUG - Transforming Parameters - Actual Param: @javax.ws.rs.core.Context
javax.ws.rs.core.UriInfo uriInfo 
11:09:33.676 [main] INFO  - Transforming ensureJsonFields controller method
11:09:33.676 [main] INFO  - Transforming getAugmentedEntityData controller method
11:09:33.676 [main] INFO  - Transforming getEntityByEntityId controller method
11:09:33.676 [main] DEBUG - Called mapGet with annotation name "", path entities/{entityId}, method [GET], produces null
11:09:33.676 [main] DEBUG - Base Controller Path /, Path entities/{entityId}, fullPath /entities/{entityId}, cleanedPath /entities/{entityId}
11:09:33.676 [main] DEBUG - Transforming Parameters - Actual Param: @javax.ws.rs.PathParam("entityId")
long entityId 
11:09:33.677 [main] DEBUG - Mapping simple parameter entityId (Parameter: @javax.ws.rs.PathParam("entityId")
long entityId)
11:09:33.677 [main] DEBUG - Transforming Parameters - Actual Param: @javax.ws.rs.DefaultValue("false")
@javax.ws.rs.QueryParam("withRaw")
boolean withRaw 
11:09:33.677 [main] DEBUG - Mapping simple parameter withRaw (Parameter: @javax.ws.rs.DefaultValue("false")
@javax.ws.rs.QueryParam("withRaw")
boolean withRaw)
11:09:33.677 [main] DEBUG - Transforming Parameters - Actual Param: @javax.ws.rs.DefaultValue("PARTIAL")
@javax.ws.rs.QueryParam("withRelated")
com.senzing.api.model.SzRelationshipMode withRelated 
11:09:33.677 [main] DEBUG - Mapping simple parameter withRelated (Parameter: @javax.ws.rs.DefaultValue("PARTIAL")
@javax.ws.rs.QueryParam("withRelated")
com.senzing.api.model.SzRelationshipMode withRelated)
11:09:33.680 [main] DEBUG - Transforming Parameters - Actual Param: @javax.ws.rs.DefaultValue("false")
@javax.ws.rs.QueryParam("forceMinimal")
boolean forceMinimal 
11:09:33.680 [main] DEBUG - Mapping simple parameter forceMinimal (Parameter: @javax.ws.rs.DefaultValue("false")
@javax.ws.rs.QueryParam("forceMinimal")
boolean forceMinimal)
11:09:33.681 [main] DEBUG - Transforming Parameters - Actual Param: @javax.ws.rs.DefaultValue("VERBOSE")
@javax.ws.rs.QueryParam("detailLevel")
com.senzing.api.model.SzDetailLevel detailLevel 
11:09:33.681 [main] DEBUG - Mapping simple parameter detailLevel (Parameter: @javax.ws.rs.DefaultValue("VERBOSE")
@javax.ws.rs.QueryParam("detailLevel")
com.senzing.api.model.SzDetailLevel detailLevel)
11:09:33.683 [main] DEBUG - Transforming Parameters - Actual Param: @javax.ws.rs.DefaultValue("WITH_DUPLICATES")
@javax.ws.rs.QueryParam("featureMode")
com.senzing.api.model.SzFeatureMode featureMode 
11:09:33.683 [main] DEBUG - Mapping simple parameter featureMode (Parameter: @javax.ws.rs.DefaultValue("WITH_DUPLICATES")
@javax.ws.rs.QueryParam("featureMode")
com.senzing.api.model.SzFeatureMode featureMode)
11:09:33.685 [main] DEBUG - Transforming Parameters - Actual Param: @javax.ws.rs.DefaultValue("false")
@javax.ws.rs.QueryParam("withFeatureStats")
boolean withFeatureStats 
11:09:33.685 [main] DEBUG - Mapping simple parameter withFeatureStats (Parameter: @javax.ws.rs.DefaultValue("false")
@javax.ws.rs.QueryParam("withFeatureStats")
boolean withFeatureStats)
11:09:33.685 [main] DEBUG - Transforming Parameters - Actual Param: @javax.ws.rs.DefaultValue("false")
@javax.ws.rs.QueryParam("withInternalFeatures")
boolean withInternalFeatures 
11:09:33.686 [main] DEBUG - Mapping simple parameter withInternalFeatures (Parameter: @javax.ws.rs.DefaultValue("false")
@javax.ws.rs.QueryParam("withInternalFeatures")
boolean withInternalFeatures)
11:09:33.686 [main] DEBUG - Transforming Parameters - Actual Param: @javax.ws.rs.core.Context
javax.ws.rs.core.UriInfo uriInfo 
11:09:33.696 [main] INFO  - Transforming getEntityByRecordId controller method
11:09:33.696 [main] DEBUG - Called mapGet with annotation name "", path data-sources/{dataSourceCode}/records/{recordId}/entity, method [GET], produces null
11:09:33.696 [main] DEBUG - Base Controller Path /, Path data-sources/{dataSourceCode}/records/{recordId}/entity, fullPath /data-sources/{dataSourceCode}/records/{recordId}/entity, cleanedPath /data-sources/{dataSourceCode}/records/{recordId}/entity
11:09:33.696 [main] DEBUG - Transforming Parameters - Actual Param: @javax.ws.rs.PathParam("dataSourceCode")
java.lang.String dataSourceCode 
11:09:33.696 [main] DEBUG - Mapping simple parameter dataSourceCode (Parameter: @javax.ws.rs.PathParam("dataSourceCode")
java.lang.String dataSourceCode)
11:09:33.698 [main] DEBUG - Transforming Parameters - Actual Param: @javax.ws.rs.PathParam("recordId")
java.lang.String recordId 
11:09:33.698 [main] DEBUG - Mapping simple parameter recordId (Parameter: @javax.ws.rs.PathParam("recordId")
java.lang.String recordId)
11:09:33.700 [main] DEBUG - Transforming Parameters - Actual Param: @javax.ws.rs.DefaultValue("false")
@javax.ws.rs.QueryParam("withRaw")
boolean withRaw 
11:09:33.700 [main] DEBUG - Mapping simple parameter withRaw (Parameter: @javax.ws.rs.DefaultValue("false")
@javax.ws.rs.QueryParam("withRaw")
boolean withRaw)
11:09:33.701 [main] DEBUG - Transforming Parameters - Actual Param: @javax.ws.rs.DefaultValue("PARTIAL")
@javax.ws.rs.QueryParam("withRelated")
com.senzing.api.model.SzRelationshipMode withRelated 
11:09:33.701 [main] DEBUG - Mapping simple parameter withRelated (Parameter: @javax.ws.rs.DefaultValue("PARTIAL")
@javax.ws.rs.QueryParam("withRelated")
com.senzing.api.model.SzRelationshipMode withRelated)
11:09:33.703 [main] DEBUG - Transforming Parameters - Actual Param: @javax.ws.rs.DefaultValue("false")
@javax.ws.rs.QueryParam("forceMinimal")
boolean forceMinimal 
11:09:33.703 [main] DEBUG - Mapping simple parameter forceMinimal (Parameter: @javax.ws.rs.DefaultValue("false")
@javax.ws.rs.QueryParam("forceMinimal")
boolean forceMinimal)
11:09:33.703 [main] DEBUG - Transforming Parameters - Actual Param: @javax.ws.rs.DefaultValue("VERBOSE")
@javax.ws.rs.QueryParam("detailLevel")
com.senzing.api.model.SzDetailLevel detailLevel 
11:09:33.704 [main] DEBUG - Mapping simple parameter detailLevel (Parameter: @javax.ws.rs.DefaultValue("VERBOSE")
@javax.ws.rs.QueryParam("detailLevel")
com.senzing.api.model.SzDetailLevel detailLevel)
11:09:33.706 [main] DEBUG - Transforming Parameters - Actual Param: @javax.ws.rs.DefaultValue("WITH_DUPLICATES")
@javax.ws.rs.QueryParam("featureMode")
com.senzing.api.model.SzFeatureMode featureMode 
11:09:33.706 [main] DEBUG - Mapping simple parameter featureMode (Parameter: @javax.ws.rs.DefaultValue("WITH_DUPLICATES")
@javax.ws.rs.QueryParam("featureMode")
com.senzing.api.model.SzFeatureMode featureMode)
11:09:33.708 [main] DEBUG - Transforming Parameters - Actual Param: @javax.ws.rs.DefaultValue("false")
@javax.ws.rs.QueryParam("withFeatureStats")
boolean withFeatureStats 
11:09:33.709 [main] DEBUG - Mapping simple parameter withFeatureStats (Parameter: @javax.ws.rs.DefaultValue("false")
@javax.ws.rs.QueryParam("withFeatureStats")
boolean withFeatureStats)
11:09:33.709 [main] DEBUG - Transforming Parameters - Actual Param: @javax.ws.rs.DefaultValue("false")
@javax.ws.rs.QueryParam("withInternalFeatures")
boolean withInternalFeatures 
11:09:33.709 [main] DEBUG - Mapping simple parameter withInternalFeatures (Parameter: @javax.ws.rs.DefaultValue("false")
@javax.ws.rs.QueryParam("withInternalFeatures")
boolean withInternalFeatures)
11:09:33.710 [main] DEBUG - Transforming Parameters - Actual Param: @javax.ws.rs.core.Context
javax.ws.rs.core.UriInfo uriInfo 
11:09:33.720 [main] INFO  - Transforming getRecord controller method
11:09:33.721 [main] DEBUG - Called mapGet with annotation name "", path data-sources/{dataSourceCode}/records/{recordId}, method [GET], produces null
11:09:33.721 [main] DEBUG - Base Controller Path /, Path data-sources/{dataSourceCode}/records/{recordId}, fullPath /data-sources/{dataSourceCode}/records/{recordId}, cleanedPath /data-sources/{dataSourceCode}/records/{recordId}
11:09:33.721 [main] DEBUG - Transforming Parameters - Actual Param: @javax.ws.rs.PathParam("dataSourceCode")
java.lang.String dataSourceCode 
11:09:33.721 [main] DEBUG - Mapping simple parameter dataSourceCode (Parameter: @javax.ws.rs.PathParam("dataSourceCode")
java.lang.String dataSourceCode)
11:09:33.723 [main] DEBUG - Transforming Parameters - Actual Param: @javax.ws.rs.PathParam("recordId")
java.lang.String recordId 
11:09:33.723 [main] DEBUG - Mapping simple parameter recordId (Parameter: @javax.ws.rs.PathParam("recordId")
java.lang.String recordId)
11:09:33.725 [main] DEBUG - Transforming Parameters - Actual Param: @javax.ws.rs.DefaultValue("false")
@javax.ws.rs.QueryParam("withRaw")
boolean withRaw 
11:09:33.725 [main] DEBUG - Mapping simple parameter withRaw (Parameter: @javax.ws.rs.DefaultValue("false")
@javax.ws.rs.QueryParam("withRaw")
boolean withRaw)
11:09:33.725 [main] DEBUG - Transforming Parameters - Actual Param: @javax.ws.rs.core.Context
javax.ws.rs.core.UriInfo uriInfo 
11:09:33.735 [main] INFO  - Transforming loadRecord controller method
11:09:33.752 [main] DEBUG - Transforming Parameters - Actual Param: @javax.ws.rs.PathParam("dataSourceCode")
java.lang.String dataSourceCode 
11:09:33.752 [main] DEBUG - Mapping simple parameter dataSourceCode (Parameter: @javax.ws.rs.PathParam("dataSourceCode")
java.lang.String dataSourceCode)
11:09:33.754 [main] DEBUG - Transforming Parameters - Actual Param: @javax.ws.rs.QueryParam("loadId")
java.lang.String loadId 
11:09:33.754 [main] DEBUG - Mapping simple parameter loadId (Parameter: @javax.ws.rs.QueryParam("loadId")
java.lang.String loadId)
11:09:33.756 [main] DEBUG - Transforming Parameters - Actual Param: @javax.ws.rs.QueryParam("withInfo")
@javax.ws.rs.DefaultValue("false")
boolean withInfo 
11:09:33.757 [main] DEBUG - Mapping simple parameter withInfo (Parameter: @javax.ws.rs.QueryParam("withInfo")
@javax.ws.rs.DefaultValue("false")
boolean withInfo)
11:09:33.757 [main] DEBUG - Transforming Parameters - Actual Param: @javax.ws.rs.QueryParam("withRaw")
@javax.ws.rs.DefaultValue("false")
boolean withRaw 
11:09:33.757 [main] DEBUG - Mapping simple parameter withRaw (Parameter: @javax.ws.rs.QueryParam("withRaw")
@javax.ws.rs.DefaultValue("false")
boolean withRaw)
11:09:33.757 [main] DEBUG - Transforming Parameters - Actual Param: @javax.ws.rs.core.Context
javax.ws.rs.core.UriInfo uriInfo 
11:09:33.757 [main] DEBUG - Transforming Parameters - Actual Param: java.lang.String recordJsonData 
11:09:33.758 [main] INFO  - Transforming loadRecord controller method
11:09:33.775 [main] DEBUG - Transforming Parameters - Actual Param: @javax.ws.rs.PathParam("dataSourceCode")
java.lang.String dataSourceCode 
11:09:33.775 [main] DEBUG - Mapping simple parameter dataSourceCode (Parameter: @javax.ws.rs.PathParam("dataSourceCode")
java.lang.String dataSourceCode)
11:09:33.777 [main] DEBUG - Transforming Parameters - Actual Param: @javax.ws.rs.PathParam("recordId")
java.lang.String recordId 
11:09:33.777 [main] DEBUG - Mapping simple parameter recordId (Parameter: @javax.ws.rs.PathParam("recordId")
java.lang.String recordId)
11:09:33.779 [main] DEBUG - Transforming Parameters - Actual Param: @javax.ws.rs.QueryParam("loadId")
java.lang.String loadId 
11:09:33.779 [main] DEBUG - Mapping simple parameter loadId (Parameter: @javax.ws.rs.QueryParam("loadId")
java.lang.String loadId)
11:09:33.781 [main] DEBUG - Transforming Parameters - Actual Param: @javax.ws.rs.QueryParam("withInfo")
@javax.ws.rs.DefaultValue("false")
boolean withInfo 
11:09:33.781 [main] DEBUG - Mapping simple parameter withInfo (Parameter: @javax.ws.rs.QueryParam("withInfo")
@javax.ws.rs.DefaultValue("false")
boolean withInfo)
11:09:33.781 [main] DEBUG - Transforming Parameters - Actual Param: @javax.ws.rs.QueryParam("withRaw")
@javax.ws.rs.DefaultValue("false")
boolean withRaw 
11:09:33.782 [main] DEBUG - Mapping simple parameter withRaw (Parameter: @javax.ws.rs.QueryParam("withRaw")
@javax.ws.rs.DefaultValue("false")
boolean withRaw)
11:09:33.782 [main] DEBUG - Transforming Parameters - Actual Param: @javax.ws.rs.core.Context
javax.ws.rs.core.UriInfo uriInfo 
11:09:33.782 [main] DEBUG - Transforming Parameters - Actual Param: java.lang.String recordJsonData 
11:09:33.783 [main] INFO  - Transforming newAttributeSearchResponse controller method
11:09:33.783 [main] INFO  - Transforming newAttributeSearchResponseData controller method
11:09:33.783 [main] INFO  - Transforming newDeleteRecordResponse controller method
11:09:33.783 [main] INFO  - Transforming newDeleteRecordResponseData controller method
11:09:33.783 [main] INFO  - Transforming newEntityResponse controller method
11:09:33.783 [main] INFO  - Transforming newLoadRecordResponse controller method
11:09:33.783 [main] INFO  - Transforming newLoadRecordResponseData controller method
11:09:33.783 [main] INFO  - Transforming newRecordResponse controller method
11:09:33.783 [main] INFO  - Transforming newRecordResponseData controller method
11:09:33.783 [main] INFO  - Transforming newReevaluateResponse controller method
11:09:33.783 [main] INFO  - Transforming newReevaluateResponseData controller method
11:09:33.783 [main] INFO  - Transforming parseEntityData controller method
11:09:33.783 [main] INFO  - Transforming parseEntityDataList controller method
11:09:33.783 [main] INFO  - Transforming parseEntityRecord controller method
11:09:33.783 [main] INFO  - Transforming parseResolutionInfo controller method
11:09:33.783 [main] INFO  - Transforming parseSearchResultList controller method
11:09:33.783 [main] INFO  - Transforming postProcessSearchResults controller method
11:09:33.783 [main] INFO  - Transforming reevaluateEntity controller method
11:09:33.794 [main] DEBUG - Transforming Parameters - Actual Param: @javax.ws.rs.QueryParam("entityId")
java.lang.Long entityId 
11:09:33.795 [main] DEBUG - Mapping simple parameter entityId (Parameter: @javax.ws.rs.QueryParam("entityId")
java.lang.Long entityId)
11:09:33.797 [main] DEBUG - Transforming Parameters - Actual Param: @javax.ws.rs.QueryParam("withInfo")
@javax.ws.rs.DefaultValue("false")
boolean withInfo 
11:09:33.797 [main] DEBUG - Mapping simple parameter withInfo (Parameter: @javax.ws.rs.QueryParam("withInfo")
@javax.ws.rs.DefaultValue("false")
boolean withInfo)
11:09:33.797 [main] DEBUG - Transforming Parameters - Actual Param: @javax.ws.rs.QueryParam("withRaw")
@javax.ws.rs.DefaultValue("false")
boolean withRaw 
11:09:33.797 [main] DEBUG - Mapping simple parameter withRaw (Parameter: @javax.ws.rs.QueryParam("withRaw")
@javax.ws.rs.DefaultValue("false")
boolean withRaw)
11:09:33.798 [main] DEBUG - Transforming Parameters - Actual Param: @javax.ws.rs.core.Context
javax.ws.rs.core.UriInfo uriInfo 
11:09:33.798 [main] INFO  - Transforming reevaluateRecord controller method
11:09:33.809 [main] DEBUG - Transforming Parameters - Actual Param: @javax.ws.rs.PathParam("dataSourceCode")
java.lang.String dataSourceCode 
11:09:33.809 [main] DEBUG - Mapping simple parameter dataSourceCode (Parameter: @javax.ws.rs.PathParam("dataSourceCode")
java.lang.String dataSourceCode)
11:09:33.811 [main] DEBUG - Transforming Parameters - Actual Param: @javax.ws.rs.PathParam("recordId")
java.lang.String recordId 
11:09:33.811 [main] DEBUG - Mapping simple parameter recordId (Parameter: @javax.ws.rs.PathParam("recordId")
java.lang.String recordId)
11:09:33.813 [main] DEBUG - Transforming Parameters - Actual Param: @javax.ws.rs.QueryParam("withInfo")
@javax.ws.rs.DefaultValue("false")
boolean withInfo 
11:09:33.814 [main] DEBUG - Mapping simple parameter withInfo (Parameter: @javax.ws.rs.QueryParam("withInfo")
@javax.ws.rs.DefaultValue("false")
boolean withInfo)
11:09:33.814 [main] DEBUG - Transforming Parameters - Actual Param: @javax.ws.rs.QueryParam("withRaw")
@javax.ws.rs.DefaultValue("false")
boolean withRaw 
11:09:33.814 [main] DEBUG - Mapping simple parameter withRaw (Parameter: @javax.ws.rs.QueryParam("withRaw")
@javax.ws.rs.DefaultValue("false")
boolean withRaw)
11:09:33.814 [main] DEBUG - Transforming Parameters - Actual Param: @javax.ws.rs.core.Context
javax.ws.rs.core.UriInfo uriInfo 
11:09:33.815 [main] INFO  - Transforming searchByAttributes controller method
11:09:33.815 [main] INFO  - Transforming searchEntitiesByGet controller method
11:09:33.815 [main] DEBUG - Called mapGet with annotation name "", path entities, method [GET], produces null
11:09:33.815 [main] DEBUG - Base Controller Path /, Path entities, fullPath /entities, cleanedPath /entities
11:09:33.815 [main] DEBUG - Transforming Parameters - Actual Param: @javax.ws.rs.QueryParam("attrs")
java.lang.String attrs 
11:09:33.815 [main] DEBUG - Mapping simple parameter attrs (Parameter: @javax.ws.rs.QueryParam("attrs")
java.lang.String attrs)
11:09:33.817 [main] DEBUG - Transforming Parameters - Actual Param: @javax.ws.rs.QueryParam("attr")
java.util.List<java.lang.String> attrList 
11:09:33.818 [main] DEBUG - Mapping simple parameter attrList (Parameter: @javax.ws.rs.QueryParam("attr")
java.util.List<java.lang.String> attrList)
11:09:33.822 [main] DEBUG - Transforming Parameters - Actual Param: @javax.ws.rs.QueryParam("includeOnly")
java.util.Set<java.lang.String> includeOnlySet 
11:09:33.822 [main] DEBUG - Mapping simple parameter includeOnlySet (Parameter: @javax.ws.rs.QueryParam("includeOnly")
java.util.Set<java.lang.String> includeOnlySet)
11:09:33.824 [main] DEBUG - Transforming Parameters - Actual Param: @javax.ws.rs.DefaultValue("false")
@javax.ws.rs.QueryParam("forceMinimal")
boolean forceMinimal 
11:09:33.824 [main] DEBUG - Mapping simple parameter forceMinimal (Parameter: @javax.ws.rs.DefaultValue("false")
@javax.ws.rs.QueryParam("forceMinimal")
boolean forceMinimal)
11:09:33.824 [main] DEBUG - Transforming Parameters - Actual Param: @javax.ws.rs.DefaultValue("VERBOSE")
@javax.ws.rs.QueryParam("detailLevel")
com.senzing.api.model.SzDetailLevel detailLevel 
11:09:33.825 [main] DEBUG - Mapping simple parameter detailLevel (Parameter: @javax.ws.rs.DefaultValue("VERBOSE")
@javax.ws.rs.QueryParam("detailLevel")
com.senzing.api.model.SzDetailLevel detailLevel)
11:09:33.827 [main] DEBUG - Transforming Parameters - Actual Param: @javax.ws.rs.DefaultValue("WITH_DUPLICATES")
@javax.ws.rs.QueryParam("featureMode")
com.senzing.api.model.SzFeatureMode featureMode 
11:09:33.827 [main] DEBUG - Mapping simple parameter featureMode (Parameter: @javax.ws.rs.DefaultValue("WITH_DUPLICATES")
@javax.ws.rs.QueryParam("featureMode")
com.senzing.api.model.SzFeatureMode featureMode)
11:09:33.829 [main] DEBUG - Transforming Parameters - Actual Param: @javax.ws.rs.DefaultValue("false")
@javax.ws.rs.QueryParam("withFeatureStats")
boolean withFeatureStats 
11:09:33.829 [main] DEBUG - Mapping simple parameter withFeatureStats (Parameter: @javax.ws.rs.DefaultValue("false")
@javax.ws.rs.QueryParam("withFeatureStats")
boolean withFeatureStats)
11:09:33.829 [main] DEBUG - Transforming Parameters - Actual Param: @javax.ws.rs.DefaultValue("false")
@javax.ws.rs.QueryParam("withInternalFeatures")
boolean withInternalFeatures 
11:09:33.830 [main] DEBUG - Mapping simple parameter withInternalFeatures (Parameter: @javax.ws.rs.DefaultValue("false")
@javax.ws.rs.QueryParam("withInternalFeatures")
boolean withInternalFeatures)
11:09:33.830 [main] DEBUG - Transforming Parameters - Actual Param: @javax.ws.rs.DefaultValue("false")
@javax.ws.rs.QueryParam("withRelationships")
boolean withRelationships 
11:09:33.830 [main] DEBUG - Mapping simple parameter withRelationships (Parameter: @javax.ws.rs.DefaultValue("false")
@javax.ws.rs.QueryParam("withRelationships")
boolean withRelationships)
11:09:33.830 [main] DEBUG - Transforming Parameters - Actual Param: @javax.ws.rs.DefaultValue("false")
@javax.ws.rs.QueryParam("withRaw")
boolean withRaw 
11:09:33.830 [main] DEBUG - Mapping simple parameter withRaw (Parameter: @javax.ws.rs.DefaultValue("false")
@javax.ws.rs.QueryParam("withRaw")
boolean withRaw)
11:09:33.830 [main] DEBUG - Transforming Parameters - Actual Param: @javax.ws.rs.core.Context
javax.ws.rs.core.UriInfo uriInfo 
11:09:33.840 [main] INFO  - Transforming searchEntitiesByPost controller method
11:09:33.856 [main] DEBUG - Transforming Parameters - Actual Param: @javax.ws.rs.QueryParam("includeOnly")
java.util.Set<java.lang.String> includeOnlySet 
11:09:33.857 [main] DEBUG - Mapping simple parameter includeOnlySet (Parameter: @javax.ws.rs.QueryParam("includeOnly")
java.util.Set<java.lang.String> includeOnlySet)
11:09:33.859 [main] DEBUG - Transforming Parameters - Actual Param: @javax.ws.rs.DefaultValue("false")
@javax.ws.rs.QueryParam("forceMinimal")
boolean forceMinimal 
11:09:33.859 [main] DEBUG - Mapping simple parameter forceMinimal (Parameter: @javax.ws.rs.DefaultValue("false")
@javax.ws.rs.QueryParam("forceMinimal")
boolean forceMinimal)
11:09:33.859 [main] DEBUG - Transforming Parameters - Actual Param: @javax.ws.rs.DefaultValue("VERBOSE")
@javax.ws.rs.QueryParam("detailLevel")
com.senzing.api.model.SzDetailLevel detailLevel 
11:09:33.859 [main] DEBUG - Mapping simple parameter detailLevel (Parameter: @javax.ws.rs.DefaultValue("VERBOSE")
@javax.ws.rs.QueryParam("detailLevel")
com.senzing.api.model.SzDetailLevel detailLevel)
11:09:33.861 [main] DEBUG - Transforming Parameters - Actual Param: @javax.ws.rs.DefaultValue("WITH_DUPLICATES")
@javax.ws.rs.QueryParam("featureMode")
com.senzing.api.model.SzFeatureMode featureMode 
11:09:33.862 [main] DEBUG - Mapping simple parameter featureMode (Parameter: @javax.ws.rs.DefaultValue("WITH_DUPLICATES")
@javax.ws.rs.QueryParam("featureMode")
com.senzing.api.model.SzFeatureMode featureMode)
11:09:33.863 [main] DEBUG - Transforming Parameters - Actual Param: @javax.ws.rs.DefaultValue("false")
@javax.ws.rs.QueryParam("withFeatureStats")
boolean withFeatureStats 
11:09:33.864 [main] DEBUG - Mapping simple parameter withFeatureStats (Parameter: @javax.ws.rs.DefaultValue("false")
@javax.ws.rs.QueryParam("withFeatureStats")
boolean withFeatureStats)
11:09:33.864 [main] DEBUG - Transforming Parameters - Actual Param: @javax.ws.rs.DefaultValue("false")
@javax.ws.rs.QueryParam("withInternalFeatures")
boolean withInternalFeatures 
11:09:33.864 [main] DEBUG - Mapping simple parameter withInternalFeatures (Parameter: @javax.ws.rs.DefaultValue("false")
@javax.ws.rs.QueryParam("withInternalFeatures")
boolean withInternalFeatures)
11:09:33.864 [main] DEBUG - Transforming Parameters - Actual Param: @javax.ws.rs.DefaultValue("false")
@javax.ws.rs.QueryParam("withRelationships")
boolean withRelationships 
11:09:33.864 [main] DEBUG - Mapping simple parameter withRelationships (Parameter: @javax.ws.rs.DefaultValue("false")
@javax.ws.rs.QueryParam("withRelationships")
boolean withRelationships)
11:09:33.865 [main] DEBUG - Transforming Parameters - Actual Param: @javax.ws.rs.DefaultValue("false")
@javax.ws.rs.QueryParam("withRaw")
boolean withRaw 
11:09:33.865 [main] DEBUG - Mapping simple parameter withRaw (Parameter: @javax.ws.rs.DefaultValue("false")
@javax.ws.rs.QueryParam("withRaw")
boolean withRaw)
11:09:33.865 [main] DEBUG - Transforming Parameters - Actual Param: @javax.ws.rs.core.Context
javax.ws.rs.core.UriInfo uriInfo 
11:09:33.865 [main] DEBUG - Transforming Parameters - Actual Param: java.lang.String attrs 
11:09:33.865 [main] INFO  - Transforming setEntitiesPartial controller method
11:09:33.865 [main] INFO  - Transforming stripDuplicateFeatureValues controller method
11:09:33.866 [main] INFO  - Transforming checkConsistent controller method
11:09:33.866 [main] INFO  - Transforming getEntityNetwork controller method
11:09:33.866 [main] DEBUG - Called mapGet with annotation name "", path entity-networks, method [GET], produces null
11:09:33.866 [main] DEBUG - Base Controller Path /, Path entity-networks, fullPath /entity-networks, cleanedPath /entity-networks
11:09:33.866 [main] DEBUG - Transforming Parameters - Actual Param: @javax.ws.rs.QueryParam("e")
java.util.List<java.lang.String> entitiesParam 
11:09:33.866 [main] DEBUG - Mapping simple parameter entitiesParam (Parameter: @javax.ws.rs.QueryParam("e")
java.util.List<java.lang.String> entitiesParam)
11:09:33.870 [main] DEBUG - Transforming Parameters - Actual Param: @javax.ws.rs.QueryParam("entities")
java.lang.String entityList 
11:09:33.870 [main] DEBUG - Mapping simple parameter entityList (Parameter: @javax.ws.rs.QueryParam("entities")
java.lang.String entityList)
11:09:33.872 [main] DEBUG - Transforming Parameters - Actual Param: @javax.ws.rs.DefaultValue("3")
@javax.ws.rs.QueryParam("maxDegrees")
int maxDegrees 
11:09:33.872 [main] DEBUG - Mapping simple parameter maxDegrees (Parameter: @javax.ws.rs.DefaultValue("3")
@javax.ws.rs.QueryParam("maxDegrees")
int maxDegrees)
11:09:33.872 [main] DEBUG - Transforming Parameters - Actual Param: @javax.ws.rs.DefaultValue("1")
@javax.ws.rs.QueryParam("buildOut")
int buildOut 
11:09:33.872 [main] DEBUG - Mapping simple parameter buildOut (Parameter: @javax.ws.rs.DefaultValue("1")
@javax.ws.rs.QueryParam("buildOut")
int buildOut)
11:09:33.873 [main] DEBUG - Transforming Parameters - Actual Param: @javax.ws.rs.DefaultValue("1000")
@javax.ws.rs.QueryParam("maxEntities")
int maxEntities 
11:09:33.873 [main] DEBUG - Mapping simple parameter maxEntities (Parameter: @javax.ws.rs.DefaultValue("1000")
@javax.ws.rs.QueryParam("maxEntities")
int maxEntities)
11:09:33.873 [main] DEBUG - Transforming Parameters - Actual Param: @javax.ws.rs.DefaultValue("false")
@javax.ws.rs.QueryParam("forceMinimal")
boolean forceMinimal 
11:09:33.873 [main] DEBUG - Mapping simple parameter forceMinimal (Parameter: @javax.ws.rs.DefaultValue("false")
@javax.ws.rs.QueryParam("forceMinimal")
boolean forceMinimal)
11:09:33.873 [main] DEBUG - Transforming Parameters - Actual Param: @javax.ws.rs.DefaultValue("VERBOSE")
@javax.ws.rs.QueryParam("detailLevel")
com.senzing.api.model.SzDetailLevel detailLevel 
11:09:33.873 [main] DEBUG - Mapping simple parameter detailLevel (Parameter: @javax.ws.rs.DefaultValue("VERBOSE")
@javax.ws.rs.QueryParam("detailLevel")
com.senzing.api.model.SzDetailLevel detailLevel)
11:09:33.875 [main] DEBUG - Transforming Parameters - Actual Param: @javax.ws.rs.DefaultValue("WITH_DUPLICATES")
@javax.ws.rs.QueryParam("featureMode")
com.senzing.api.model.SzFeatureMode featureMode 
11:09:33.876 [main] DEBUG - Mapping simple parameter featureMode (Parameter: @javax.ws.rs.DefaultValue("WITH_DUPLICATES")
@javax.ws.rs.QueryParam("featureMode")
com.senzing.api.model.SzFeatureMode featureMode)
11:09:33.878 [main] DEBUG - Transforming Parameters - Actual Param: @javax.ws.rs.DefaultValue("false")
@javax.ws.rs.QueryParam("withFeatureStats")
boolean withFeatureStats 
11:09:33.878 [main] DEBUG - Mapping simple parameter withFeatureStats (Parameter: @javax.ws.rs.DefaultValue("false")
@javax.ws.rs.QueryParam("withFeatureStats")
boolean withFeatureStats)
11:09:33.878 [main] DEBUG - Transforming Parameters - Actual Param: @javax.ws.rs.DefaultValue("false")
@javax.ws.rs.QueryParam("withInternalFeatures")
boolean withInternalFeatures 
11:09:33.878 [main] DEBUG - Mapping simple parameter withInternalFeatures (Parameter: @javax.ws.rs.DefaultValue("false")
@javax.ws.rs.QueryParam("withInternalFeatures")
boolean withInternalFeatures)
11:09:33.878 [main] DEBUG - Transforming Parameters - Actual Param: @javax.ws.rs.DefaultValue("false")
@javax.ws.rs.QueryParam("withRaw")
boolean withRaw 
11:09:33.879 [main] DEBUG - Mapping simple parameter withRaw (Parameter: @javax.ws.rs.DefaultValue("false")
@javax.ws.rs.QueryParam("withRaw")
boolean withRaw)
11:09:33.879 [main] DEBUG - Transforming Parameters - Actual Param: @javax.ws.rs.core.Context
javax.ws.rs.core.UriInfo uriInfo 
11:09:33.888 [main] INFO  - Transforming getEntityPath controller method
11:09:33.888 [main] DEBUG - Called mapGet with annotation name "", path entity-paths, method [GET], produces null
11:09:33.888 [main] DEBUG - Base Controller Path /, Path entity-paths, fullPath /entity-paths, cleanedPath /entity-paths
11:09:33.888 [main] DEBUG - Transforming Parameters - Actual Param: @javax.ws.rs.QueryParam("from")
java.lang.String fromParam 
11:09:33.888 [main] DEBUG - Mapping simple parameter fromParam (Parameter: @javax.ws.rs.QueryParam("from")
java.lang.String fromParam)
11:09:33.890 [main] DEBUG - Transforming Parameters - Actual Param: @javax.ws.rs.QueryParam("to")
java.lang.String toParam 
11:09:33.890 [main] DEBUG - Mapping simple parameter toParam (Parameter: @javax.ws.rs.QueryParam("to")
java.lang.String toParam)
11:09:33.892 [main] DEBUG - Transforming Parameters - Actual Param: @javax.ws.rs.DefaultValue("3")
@javax.ws.rs.QueryParam("maxDegrees")
int maxDegrees 
11:09:33.893 [main] DEBUG - Mapping simple parameter maxDegrees (Parameter: @javax.ws.rs.DefaultValue("3")
@javax.ws.rs.QueryParam("maxDegrees")
int maxDegrees)
11:09:33.893 [main] DEBUG - Transforming Parameters - Actual Param: @javax.ws.rs.QueryParam("x")
java.util.List<java.lang.String> avoidParam 
11:09:33.893 [main] DEBUG - Mapping simple parameter avoidParam (Parameter: @javax.ws.rs.QueryParam("x")
java.util.List<java.lang.String> avoidParam)
11:09:33.897 [main] DEBUG - Transforming Parameters - Actual Param: @javax.ws.rs.QueryParam("avoidEntities")
java.lang.String avoidList 
11:09:33.897 [main] DEBUG - Mapping simple parameter avoidList (Parameter: @javax.ws.rs.QueryParam("avoidEntities")
java.lang.String avoidList)
11:09:33.899 [main] DEBUG - Transforming Parameters - Actual Param: @javax.ws.rs.DefaultValue("false")
@javax.ws.rs.QueryParam("forbidAvoided")
boolean forbidAvoided 
11:09:33.899 [main] DEBUG - Mapping simple parameter forbidAvoided (Parameter: @javax.ws.rs.DefaultValue("false")
@javax.ws.rs.QueryParam("forbidAvoided")
boolean forbidAvoided)
11:09:33.899 [main] DEBUG - Transforming Parameters - Actual Param: @javax.ws.rs.QueryParam("s")
java.util.List<java.lang.String> sourcesParam 
11:09:33.900 [main] DEBUG - Mapping simple parameter sourcesParam (Parameter: @javax.ws.rs.QueryParam("s")
java.util.List<java.lang.String> sourcesParam)
11:09:33.903 [main] DEBUG - Transforming Parameters - Actual Param: @javax.ws.rs.DefaultValue("false")
@javax.ws.rs.QueryParam("forceMinimal")
boolean forceMinimal 
11:09:33.903 [main] DEBUG - Mapping simple parameter forceMinimal (Parameter: @javax.ws.rs.DefaultValue("false")
@javax.ws.rs.QueryParam("forceMinimal")
boolean forceMinimal)
11:09:33.904 [main] DEBUG - Transforming Parameters - Actual Param: @javax.ws.rs.DefaultValue("VERBOSE")
@javax.ws.rs.QueryParam("detailLevel")
com.senzing.api.model.SzDetailLevel detailLevel 
11:09:33.904 [main] DEBUG - Mapping simple parameter detailLevel (Parameter: @javax.ws.rs.DefaultValue("VERBOSE")
@javax.ws.rs.QueryParam("detailLevel")
com.senzing.api.model.SzDetailLevel detailLevel)
11:09:33.906 [main] DEBUG - Transforming Parameters - Actual Param: @javax.ws.rs.DefaultValue("WITH_DUPLICATES")
@javax.ws.rs.QueryParam("featureMode")
com.senzing.api.model.SzFeatureMode featureMode 
11:09:33.906 [main] DEBUG - Mapping simple parameter featureMode (Parameter: @javax.ws.rs.DefaultValue("WITH_DUPLICATES")
@javax.ws.rs.QueryParam("featureMode")
com.senzing.api.model.SzFeatureMode featureMode)
11:09:33.908 [main] DEBUG - Transforming Parameters - Actual Param: @javax.ws.rs.DefaultValue("false")
@javax.ws.rs.QueryParam("withFeatureStats")
boolean withFeatureStats 
11:09:33.908 [main] DEBUG - Mapping simple parameter withFeatureStats (Parameter: @javax.ws.rs.DefaultValue("false")
@javax.ws.rs.QueryParam("withFeatureStats")
boolean withFeatureStats)
11:09:33.908 [main] DEBUG - Transforming Parameters - Actual Param: @javax.ws.rs.DefaultValue("false")
@javax.ws.rs.QueryParam("withInternalFeatures")
boolean withInternalFeatures 
11:09:33.908 [main] DEBUG - Mapping simple parameter withInternalFeatures (Parameter: @javax.ws.rs.DefaultValue("false")
@javax.ws.rs.QueryParam("withInternalFeatures")
boolean withInternalFeatures)
11:09:33.909 [main] DEBUG - Transforming Parameters - Actual Param: @javax.ws.rs.DefaultValue("false")
@javax.ws.rs.QueryParam("withRaw")
boolean withRaw 
11:09:33.909 [main] DEBUG - Mapping simple parameter withRaw (Parameter: @javax.ws.rs.DefaultValue("false")
@javax.ws.rs.QueryParam("withRaw")
boolean withRaw)
11:09:33.909 [main] DEBUG - Transforming Parameters - Actual Param: @javax.ws.rs.core.Context
javax.ws.rs.core.UriInfo uriInfo 
11:09:33.919 [main] INFO  - Transforming newEntityNetworkResponse controller method
11:09:33.919 [main] INFO  - Transforming newEntityPathResponse controller method
11:09:33.920 [main] INFO  - Transforming newWebApplicationException controller method
11:09:33.920 [main] INFO  - Transforming parseEntityNetworkData controller method
11:09:33.920 [main] INFO  - Transforming parseEntityPathData controller method
11:09:33.920 [main] INFO  - Transforming createHowEntityResponse controller method
11:09:33.920 [main] INFO  - Transforming getVirtualEntity controller method
11:09:33.920 [main] DEBUG - Called mapGet with annotation name "", path virtual-entities, method [GET], produces null
11:09:33.920 [main] DEBUG - Base Controller Path /, Path virtual-entities, fullPath /virtual-entities, cleanedPath /virtual-entities
11:09:33.920 [main] DEBUG - Transforming Parameters - Actual Param: @javax.ws.rs.QueryParam("r")
java.util.List<java.lang.String> recordsParam 
11:09:33.920 [main] DEBUG - Mapping simple parameter recordsParam (Parameter: @javax.ws.rs.QueryParam("r")
java.util.List<java.lang.String> recordsParam)
11:09:33.924 [main] DEBUG - Transforming Parameters - Actual Param: @javax.ws.rs.QueryParam("records")
java.lang.String recordList 
11:09:33.924 [main] DEBUG - Mapping simple parameter recordList (Parameter: @javax.ws.rs.QueryParam("records")
java.lang.String recordList)
11:09:33.926 [main] DEBUG - Transforming Parameters - Actual Param: @javax.ws.rs.DefaultValue("false")
@javax.ws.rs.QueryParam("withRaw")
boolean withRaw 
11:09:33.927 [main] DEBUG - Mapping simple parameter withRaw (Parameter: @javax.ws.rs.DefaultValue("false")
@javax.ws.rs.QueryParam("withRaw")
boolean withRaw)
11:09:33.927 [main] DEBUG - Transforming Parameters - Actual Param: @javax.ws.rs.DefaultValue("false")
@javax.ws.rs.QueryParam("forceMinimal")
boolean forceMinimal 
11:09:33.927 [main] DEBUG - Mapping simple parameter forceMinimal (Parameter: @javax.ws.rs.DefaultValue("false")
@javax.ws.rs.QueryParam("forceMinimal")
boolean forceMinimal)
11:09:33.927 [main] DEBUG - Transforming Parameters - Actual Param: @javax.ws.rs.DefaultValue("VERBOSE")
@javax.ws.rs.QueryParam("detailLevel")
com.senzing.api.model.SzDetailLevel detailLevel 
11:09:33.927 [main] DEBUG - Mapping simple parameter detailLevel (Parameter: @javax.ws.rs.DefaultValue("VERBOSE")
@javax.ws.rs.QueryParam("detailLevel")
com.senzing.api.model.SzDetailLevel detailLevel)
11:09:33.929 [main] DEBUG - Transforming Parameters - Actual Param: @javax.ws.rs.DefaultValue("WITH_DUPLICATES")
@javax.ws.rs.QueryParam("featureMode")
com.senzing.api.model.SzFeatureMode featureMode 
11:09:33.930 [main] DEBUG - Mapping simple parameter featureMode (Parameter: @javax.ws.rs.DefaultValue("WITH_DUPLICATES")
@javax.ws.rs.QueryParam("featureMode")
com.senzing.api.model.SzFeatureMode featureMode)
11:09:33.932 [main] DEBUG - Transforming Parameters - Actual Param: @javax.ws.rs.DefaultValue("false")
@javax.ws.rs.QueryParam("withFeatureStats")
boolean withFeatureStats 
11:09:33.932 [main] DEBUG - Mapping simple parameter withFeatureStats (Parameter: @javax.ws.rs.DefaultValue("false")
@javax.ws.rs.QueryParam("withFeatureStats")
boolean withFeatureStats)
11:09:33.932 [main] DEBUG - Transforming Parameters - Actual Param: @javax.ws.rs.DefaultValue("false")
@javax.ws.rs.QueryParam("withInternalFeatures")
boolean withInternalFeatures 
11:09:33.932 [main] DEBUG - Mapping simple parameter withInternalFeatures (Parameter: @javax.ws.rs.DefaultValue("false")
@javax.ws.rs.QueryParam("withInternalFeatures")
boolean withInternalFeatures)
11:09:33.933 [main] DEBUG - Transforming Parameters - Actual Param: @javax.ws.rs.core.Context
javax.ws.rs.core.UriInfo uriInfo 
11:09:33.942 [main] INFO  - Transforming howEntityByEntityId controller method
11:09:33.942 [main] DEBUG - Called mapGet with annotation name "", path entities/{entityId}/how, method [GET], produces null
11:09:33.943 [main] DEBUG - Base Controller Path /, Path entities/{entityId}/how, fullPath /entities/{entityId}/how, cleanedPath /entities/{entityId}/how
11:09:33.943 [main] DEBUG - Transforming Parameters - Actual Param: @javax.ws.rs.PathParam("entityId")
long entityId 
11:09:33.943 [main] DEBUG - Mapping simple parameter entityId (Parameter: @javax.ws.rs.PathParam("entityId")
long entityId)
11:09:33.943 [main] DEBUG - Transforming Parameters - Actual Param: @javax.ws.rs.DefaultValue("false")
@javax.ws.rs.QueryParam("withRaw")
boolean withRaw 
11:09:33.943 [main] DEBUG - Mapping simple parameter withRaw (Parameter: @javax.ws.rs.DefaultValue("false")
@javax.ws.rs.QueryParam("withRaw")
boolean withRaw)
11:09:33.943 [main] DEBUG - Transforming Parameters - Actual Param: @javax.ws.rs.core.Context
javax.ws.rs.core.UriInfo uriInfo 
11:09:33.953 [main] INFO  - Transforming howEntityByRecordId controller method
11:09:33.953 [main] DEBUG - Called mapGet with annotation name "", path data-sources/{dataSourceCode}/records/{recordId}/entity/how, method [GET], produces null
11:09:33.953 [main] DEBUG - Base Controller Path /, Path data-sources/{dataSourceCode}/records/{recordId}/entity/how, fullPath /data-sources/{dataSourceCode}/records/{recordId}/entity/how, cleanedPath /data-sources/{dataSourceCode}/records/{recordId}/entity/how
11:09:33.953 [main] DEBUG - Transforming Parameters - Actual Param: @javax.ws.rs.PathParam("dataSourceCode")
java.lang.String dataSourceCode 
11:09:33.953 [main] DEBUG - Mapping simple parameter dataSourceCode (Parameter: @javax.ws.rs.PathParam("dataSourceCode")
java.lang.String dataSourceCode)
11:09:33.955 [main] DEBUG - Transforming Parameters - Actual Param: @javax.ws.rs.PathParam("recordId")
java.lang.String recordId 
11:09:33.955 [main] DEBUG - Mapping simple parameter recordId (Parameter: @javax.ws.rs.PathParam("recordId")
java.lang.String recordId)
11:09:33.958 [main] DEBUG - Transforming Parameters - Actual Param: @javax.ws.rs.DefaultValue("false")
@javax.ws.rs.QueryParam("withRaw")
boolean withRaw 
11:09:33.958 [main] DEBUG - Mapping simple parameter withRaw (Parameter: @javax.ws.rs.DefaultValue("false")
@javax.ws.rs.QueryParam("withRaw")
boolean withRaw)
11:09:33.958 [main] DEBUG - Transforming Parameters - Actual Param: @javax.ws.rs.core.Context
javax.ws.rs.core.UriInfo uriInfo 
11:09:33.967 [main] INFO  - Transforming newHowEntityResponse controller method
11:09:33.967 [main] INFO  - Transforming newVirtualEntityResponse controller method
11:09:33.967 [main] INFO  - Transforming postProcessEntityData controller method
11:09:33.967 [main] INFO  - Transforming createWhyEntitiesResponse controller method
11:09:33.967 [main] INFO  - Transforming createWhyEntityResponse controller method
11:09:33.967 [main] INFO  - Transforming newWebApplicationException controller method
11:09:33.967 [main] INFO  - Transforming newWhyEntitiesResponse controller method
11:09:33.967 [main] INFO  - Transforming newWhyEntitiesResponseData controller method
11:09:33.967 [main] INFO  - Transforming newWhyEntityResponse controller method
11:09:33.967 [main] INFO  - Transforming newWhyEntityResponseData controller method
11:09:33.967 [main] INFO  - Transforming newWhyRecordsResponse controller method
11:09:33.967 [main] INFO  - Transforming newWhyRecordsResponseData controller method
11:09:33.967 [main] INFO  - Transforming parseWhyEntityResultList controller method
11:09:33.967 [main] INFO  - Transforming parseWhyRecordsResultList controller method
11:09:33.967 [main] INFO  - Transforming whyEntities controller method
11:09:33.967 [main] DEBUG - Called mapGet with annotation name "", path why/entities, method [GET], produces null
11:09:33.968 [main] DEBUG - Base Controller Path /, Path why/entities, fullPath /why/entities, cleanedPath /why/entities
11:09:33.968 [main] DEBUG - Transforming Parameters - Actual Param: @javax.ws.rs.QueryParam("entity1")
java.lang.String entity1 
11:09:33.968 [main] DEBUG - Mapping simple parameter entity1 (Parameter: @javax.ws.rs.QueryParam("entity1")
java.lang.String entity1)
11:09:33.970 [main] DEBUG - Transforming Parameters - Actual Param: @javax.ws.rs.QueryParam("entity2")
java.lang.String entity2 
11:09:33.970 [main] DEBUG - Mapping simple parameter entity2 (Parameter: @javax.ws.rs.QueryParam("entity2")
java.lang.String entity2)
11:09:33.985 [main] DEBUG - Transforming Parameters - Actual Param: @javax.ws.rs.DefaultValue("false")
@javax.ws.rs.QueryParam("forceMinimal")
boolean forceMinimal 
11:09:33.985 [main] DEBUG - Mapping simple parameter forceMinimal (Parameter: @javax.ws.rs.DefaultValue("false")
@javax.ws.rs.QueryParam("forceMinimal")
boolean forceMinimal)
11:09:33.985 [main] DEBUG - Transforming Parameters - Actual Param: @javax.ws.rs.DefaultValue("VERBOSE")
@javax.ws.rs.QueryParam("detailLevel")
com.senzing.api.model.SzDetailLevel detailLevel 
11:09:33.985 [main] DEBUG - Mapping simple parameter detailLevel (Parameter: @javax.ws.rs.DefaultValue("VERBOSE")
@javax.ws.rs.QueryParam("detailLevel")
com.senzing.api.model.SzDetailLevel detailLevel)
11:09:33.987 [main] DEBUG - Transforming Parameters - Actual Param: @javax.ws.rs.DefaultValue("WITH_DUPLICATES")
@javax.ws.rs.QueryParam("featureMode")
com.senzing.api.model.SzFeatureMode featureMode 
11:09:33.988 [main] DEBUG - Mapping simple parameter featureMode (Parameter: @javax.ws.rs.DefaultValue("WITH_DUPLICATES")
@javax.ws.rs.QueryParam("featureMode")
com.senzing.api.model.SzFeatureMode featureMode)
11:09:33.990 [main] DEBUG - Transforming Parameters - Actual Param: @javax.ws.rs.DefaultValue("true")
@javax.ws.rs.QueryParam("withFeatureStats")
boolean withFeatureStats 
11:09:33.990 [main] DEBUG - Mapping simple parameter withFeatureStats (Parameter: @javax.ws.rs.DefaultValue("true")
@javax.ws.rs.QueryParam("withFeatureStats")
boolean withFeatureStats)
11:09:33.990 [main] DEBUG - Transforming Parameters - Actual Param: @javax.ws.rs.DefaultValue("true")
@javax.ws.rs.QueryParam("withInternalFeatures")
boolean withInternalFeatures 
11:09:33.990 [main] DEBUG - Mapping simple parameter withInternalFeatures (Parameter: @javax.ws.rs.DefaultValue("true")
@javax.ws.rs.QueryParam("withInternalFeatures")
boolean withInternalFeatures)
11:09:33.990 [main] DEBUG - Transforming Parameters - Actual Param: @javax.ws.rs.DefaultValue("false")
@javax.ws.rs.QueryParam("withRelationships")
boolean withRelationships 
11:09:33.990 [main] DEBUG - Mapping simple parameter withRelationships (Parameter: @javax.ws.rs.DefaultValue("false")
@javax.ws.rs.QueryParam("withRelationships")
boolean withRelationships)
11:09:33.991 [main] DEBUG - Transforming Parameters - Actual Param: @javax.ws.rs.DefaultValue("false")
@javax.ws.rs.QueryParam("withRaw")
boolean withRaw 
11:09:33.991 [main] DEBUG - Mapping simple parameter withRaw (Parameter: @javax.ws.rs.DefaultValue("false")
@javax.ws.rs.QueryParam("withRaw")
boolean withRaw)
11:09:33.991 [main] DEBUG - Transforming Parameters - Actual Param: @javax.ws.rs.core.Context
javax.ws.rs.core.UriInfo uriInfo 
11:09:34.000 [main] INFO  - Transforming whyEntityByEntityId controller method
11:09:34.000 [main] DEBUG - Called mapGet with annotation name "", path entities/{entityId}/why, method [GET], produces null
11:09:34.000 [main] DEBUG - Base Controller Path /, Path entities/{entityId}/why, fullPath /entities/{entityId}/why, cleanedPath /entities/{entityId}/why
11:09:34.000 [main] DEBUG - Transforming Parameters - Actual Param: @javax.ws.rs.PathParam("entityId")
long entityId 
11:09:34.000 [main] DEBUG - Mapping simple parameter entityId (Parameter: @javax.ws.rs.PathParam("entityId")
long entityId)
11:09:34.001 [main] DEBUG - Transforming Parameters - Actual Param: @javax.ws.rs.DefaultValue("false")
@javax.ws.rs.QueryParam("forceMinimal")
boolean forceMinimal 
11:09:34.001 [main] DEBUG - Mapping simple parameter forceMinimal (Parameter: @javax.ws.rs.DefaultValue("false")
@javax.ws.rs.QueryParam("forceMinimal")
boolean forceMinimal)
11:09:34.001 [main] DEBUG - Transforming Parameters - Actual Param: @javax.ws.rs.DefaultValue("VERBOSE")
@javax.ws.rs.QueryParam("detailLevel")
com.senzing.api.model.SzDetailLevel detailLevel 
11:09:34.001 [main] DEBUG - Mapping simple parameter detailLevel (Parameter: @javax.ws.rs.DefaultValue("VERBOSE")
@javax.ws.rs.QueryParam("detailLevel")
com.senzing.api.model.SzDetailLevel detailLevel)
11:09:34.004 [main] DEBUG - Transforming Parameters - Actual Param: @javax.ws.rs.DefaultValue("WITH_DUPLICATES")
@javax.ws.rs.QueryParam("featureMode")
com.senzing.api.model.SzFeatureMode featureMode 
11:09:34.005 [main] DEBUG - Mapping simple parameter featureMode (Parameter: @javax.ws.rs.DefaultValue("WITH_DUPLICATES")
@javax.ws.rs.QueryParam("featureMode")
com.senzing.api.model.SzFeatureMode featureMode)
11:09:34.007 [main] DEBUG - Transforming Parameters - Actual Param: @javax.ws.rs.DefaultValue("true")
@javax.ws.rs.QueryParam("withFeatureStats")
boolean withFeatureStats 
11:09:34.007 [main] DEBUG - Mapping simple parameter withFeatureStats (Parameter: @javax.ws.rs.DefaultValue("true")
@javax.ws.rs.QueryParam("withFeatureStats")
boolean withFeatureStats)
11:09:34.007 [main] DEBUG - Transforming Parameters - Actual Param: @javax.ws.rs.DefaultValue("true")
@javax.ws.rs.QueryParam("withInternalFeatures")
boolean withInternalFeatures 
11:09:34.007 [main] DEBUG - Mapping simple parameter withInternalFeatures (Parameter: @javax.ws.rs.DefaultValue("true")
@javax.ws.rs.QueryParam("withInternalFeatures")
boolean withInternalFeatures)
11:09:34.008 [main] DEBUG - Transforming Parameters - Actual Param: @javax.ws.rs.DefaultValue("false")
@javax.ws.rs.QueryParam("withRelationships")
boolean withRelationships 
11:09:34.008 [main] DEBUG - Mapping simple parameter withRelationships (Parameter: @javax.ws.rs.DefaultValue("false")
@javax.ws.rs.QueryParam("withRelationships")
boolean withRelationships)
11:09:34.008 [main] DEBUG - Transforming Parameters - Actual Param: @javax.ws.rs.DefaultValue("false")
@javax.ws.rs.QueryParam("withRaw")
boolean withRaw 
11:09:34.008 [main] DEBUG - Mapping simple parameter withRaw (Parameter: @javax.ws.rs.DefaultValue("false")
@javax.ws.rs.QueryParam("withRaw")
boolean withRaw)
11:09:34.009 [main] DEBUG - Transforming Parameters - Actual Param: @javax.ws.rs.core.Context
javax.ws.rs.core.UriInfo uriInfo 
11:09:34.017 [main] INFO  - Transforming whyEntityByRecordId controller method
11:09:34.017 [main] DEBUG - Called mapGet with annotation name "", path data-sources/{dataSourceCode}/records/{recordId}/entity/why, method [GET], produces null
11:09:34.017 [main] DEBUG - Base Controller Path /, Path data-sources/{dataSourceCode}/records/{recordId}/entity/why, fullPath /data-sources/{dataSourceCode}/records/{recordId}/entity/why, cleanedPath /data-sources/{dataSourceCode}/records/{recordId}/entity/why
11:09:34.018 [main] DEBUG - Transforming Parameters - Actual Param: @javax.ws.rs.PathParam("dataSourceCode")
java.lang.String dataSourceCode 
11:09:34.018 [main] DEBUG - Mapping simple parameter dataSourceCode (Parameter: @javax.ws.rs.PathParam("dataSourceCode")
java.lang.String dataSourceCode)
11:09:34.020 [main] DEBUG - Transforming Parameters - Actual Param: @javax.ws.rs.PathParam("recordId")
java.lang.String recordId 
11:09:34.021 [main] DEBUG - Mapping simple parameter recordId (Parameter: @javax.ws.rs.PathParam("recordId")
java.lang.String recordId)
11:09:34.024 [main] DEBUG - Transforming Parameters - Actual Param: @javax.ws.rs.DefaultValue("false")
@javax.ws.rs.QueryParam("forceMinimal")
boolean forceMinimal 
11:09:34.024 [main] DEBUG - Mapping simple parameter forceMinimal (Parameter: @javax.ws.rs.DefaultValue("false")
@javax.ws.rs.QueryParam("forceMinimal")
boolean forceMinimal)
11:09:34.024 [main] DEBUG - Transforming Parameters - Actual Param: @javax.ws.rs.DefaultValue("VERBOSE")
@javax.ws.rs.QueryParam("detailLevel")
com.senzing.api.model.SzDetailLevel detailLevel 
11:09:34.024 [main] DEBUG - Mapping simple parameter detailLevel (Parameter: @javax.ws.rs.DefaultValue("VERBOSE")
@javax.ws.rs.QueryParam("detailLevel")
com.senzing.api.model.SzDetailLevel detailLevel)
11:09:34.026 [main] DEBUG - Transforming Parameters - Actual Param: @javax.ws.rs.DefaultValue("WITH_DUPLICATES")
@javax.ws.rs.QueryParam("featureMode")
com.senzing.api.model.SzFeatureMode featureMode 
11:09:34.027 [main] DEBUG - Mapping simple parameter featureMode (Parameter: @javax.ws.rs.DefaultValue("WITH_DUPLICATES")
@javax.ws.rs.QueryParam("featureMode")
com.senzing.api.model.SzFeatureMode featureMode)
11:09:34.029 [main] DEBUG - Transforming Parameters - Actual Param: @javax.ws.rs.DefaultValue("true")
@javax.ws.rs.QueryParam("withFeatureStats")
boolean withFeatureStats 
11:09:34.029 [main] DEBUG - Mapping simple parameter withFeatureStats (Parameter: @javax.ws.rs.DefaultValue("true")
@javax.ws.rs.QueryParam("withFeatureStats")
boolean withFeatureStats)
11:09:34.030 [main] DEBUG - Transforming Parameters - Actual Param: @javax.ws.rs.DefaultValue("true")
@javax.ws.rs.QueryParam("withInternalFeatures")
boolean withInternalFeatures 
11:09:34.030 [main] DEBUG - Mapping simple parameter withInternalFeatures (Parameter: @javax.ws.rs.DefaultValue("true")
@javax.ws.rs.QueryParam("withInternalFeatures")
boolean withInternalFeatures)
11:09:34.031 [main] DEBUG - Transforming Parameters - Actual Param: @javax.ws.rs.DefaultValue("false")
@javax.ws.rs.QueryParam("withRelationships")
boolean withRelationships 
11:09:34.031 [main] DEBUG - Mapping simple parameter withRelationships (Parameter: @javax.ws.rs.DefaultValue("false")
@javax.ws.rs.QueryParam("withRelationships")
boolean withRelationships)
11:09:34.031 [main] DEBUG - Transforming Parameters - Actual Param: @javax.ws.rs.DefaultValue("false")
@javax.ws.rs.QueryParam("withRaw")
boolean withRaw 
11:09:34.031 [main] DEBUG - Mapping simple parameter withRaw (Parameter: @javax.ws.rs.DefaultValue("false")
@javax.ws.rs.QueryParam("withRaw")
boolean withRaw)
11:09:34.031 [main] DEBUG - Transforming Parameters - Actual Param: @javax.ws.rs.core.Context
javax.ws.rs.core.UriInfo uriInfo 
11:09:34.040 [main] INFO  - Transforming whyRecords controller method
11:09:34.040 [main] DEBUG - Called mapGet with annotation name "", path why/records, method [GET], produces null
11:09:34.040 [main] DEBUG - Base Controller Path /, Path why/records, fullPath /why/records, cleanedPath /why/records
11:09:34.040 [main] DEBUG - Transforming Parameters - Actual Param: @javax.ws.rs.QueryParam("dataSource1")
java.lang.String dataSourceCode1 
11:09:34.040 [main] DEBUG - Mapping simple parameter dataSourceCode1 (Parameter: @javax.ws.rs.QueryParam("dataSource1")
java.lang.String dataSourceCode1)
11:09:34.042 [main] DEBUG - Transforming Parameters - Actual Param: @javax.ws.rs.QueryParam("recordId1")
java.lang.String recordId1 
11:09:34.043 [main] DEBUG - Mapping simple parameter recordId1 (Parameter: @javax.ws.rs.QueryParam("recordId1")
java.lang.String recordId1)
11:09:34.045 [main] DEBUG - Transforming Parameters - Actual Param: @javax.ws.rs.QueryParam("dataSource2")
java.lang.String dataSourceCode2 
11:09:34.045 [main] DEBUG - Mapping simple parameter dataSourceCode2 (Parameter: @javax.ws.rs.QueryParam("dataSource2")
java.lang.String dataSourceCode2)
11:09:34.048 [main] DEBUG - Transforming Parameters - Actual Param: @javax.ws.rs.QueryParam("recordId2")
java.lang.String recordId2 
11:09:34.048 [main] DEBUG - Mapping simple parameter recordId2 (Parameter: @javax.ws.rs.QueryParam("recordId2")
java.lang.String recordId2)
11:09:34.050 [main] DEBUG - Transforming Parameters - Actual Param: @javax.ws.rs.DefaultValue("false")
@javax.ws.rs.QueryParam("forceMinimal")
boolean forceMinimal 
11:09:34.050 [main] DEBUG - Mapping simple parameter forceMinimal (Parameter: @javax.ws.rs.DefaultValue("false")
@javax.ws.rs.QueryParam("forceMinimal")
boolean forceMinimal)
11:09:34.051 [main] DEBUG - Transforming Parameters - Actual Param: @javax.ws.rs.DefaultValue("VERBOSE")
@javax.ws.rs.QueryParam("detailLevel")
com.senzing.api.model.SzDetailLevel detailLevel 
11:09:34.051 [main] DEBUG - Mapping simple parameter detailLevel (Parameter: @javax.ws.rs.DefaultValue("VERBOSE")
@javax.ws.rs.QueryParam("detailLevel")
com.senzing.api.model.SzDetailLevel detailLevel)
11:09:34.053 [main] DEBUG - Transforming Parameters - Actual Param: @javax.ws.rs.DefaultValue("WITH_DUPLICATES")
@javax.ws.rs.QueryParam("featureMode")
com.senzing.api.model.SzFeatureMode featureMode 
11:09:34.054 [main] DEBUG - Mapping simple parameter featureMode (Parameter: @javax.ws.rs.DefaultValue("WITH_DUPLICATES")
@javax.ws.rs.QueryParam("featureMode")
com.senzing.api.model.SzFeatureMode featureMode)
11:09:34.056 [main] DEBUG - Transforming Parameters - Actual Param: @javax.ws.rs.DefaultValue("true")
@javax.ws.rs.QueryParam("withFeatureStats")
boolean withFeatureStats 
11:09:34.056 [main] DEBUG - Mapping simple parameter withFeatureStats (Parameter: @javax.ws.rs.DefaultValue("true")
@javax.ws.rs.QueryParam("withFeatureStats")
boolean withFeatureStats)
11:09:34.057 [main] DEBUG - Transforming Parameters - Actual Param: @javax.ws.rs.DefaultValue("true")
@javax.ws.rs.QueryParam("withInternalFeatures")
boolean withInternalFeatures 
11:09:34.057 [main] DEBUG - Mapping simple parameter withInternalFeatures (Parameter: @javax.ws.rs.DefaultValue("true")
@javax.ws.rs.QueryParam("withInternalFeatures")
boolean withInternalFeatures)
11:09:34.057 [main] DEBUG - Transforming Parameters - Actual Param: @javax.ws.rs.DefaultValue("false")
@javax.ws.rs.QueryParam("withRelationships")
boolean withRelationships 
11:09:34.057 [main] DEBUG - Mapping simple parameter withRelationships (Parameter: @javax.ws.rs.DefaultValue("false")
@javax.ws.rs.QueryParam("withRelationships")
boolean withRelationships)
11:09:34.057 [main] DEBUG - Transforming Parameters - Actual Param: @javax.ws.rs.DefaultValue("false")
@javax.ws.rs.QueryParam("withRaw")
boolean withRaw 
11:09:34.058 [main] DEBUG - Mapping simple parameter withRaw (Parameter: @javax.ws.rs.DefaultValue("false")
@javax.ws.rs.QueryParam("withRaw")
boolean withRaw)
11:09:34.058 [main] DEBUG - Transforming Parameters - Actual Param: @javax.ws.rs.core.Context
javax.ws.rs.core.UriInfo uriInfo 
Wrote OpenAPI to outputs-java21-jersey/senzing-api-server_oas_default.json

real	0m8.805s
user	0m21.445s
sys	0m3.464s
Loading model: /Users/alelercher/IdeaProjects/Respector/dataset/senzing-api-server
Detected Framework via Type Annotations: JAX-RS (Java EE)
Detected profiles: [default]
Could not parse status code for throw exception: ServerErrorException
Could not parse status code for throw exception: WebApplicationException
Could not parse status code for throw exception: ServerErrorException
Could not parse status code for throw exception: WebApplicationException
Could not parse status code for throw exception: WebApplicationException
Could not parse status code for throw exception: ServerErrorException
Could not parse status code for throw exception: WebApplicationException
Could not parse status code for throw exception: RuntimeException
Could not parse status code for throw exception: RuntimeException
Could not parse status code for throw exception: RuntimeException
Could not parse status code for throw exception: RuntimeException
Could not parse status code for throw exception: RuntimeException
Could not parse status code for throw exception: RuntimeException
Could not parse status code for throw exception: RuntimeException
Could not parse status code for throw exception: RuntimeException
Could not parse status code for throw exception: RuntimeException
Could not parse status code for throw exception: RuntimeException
Could not parse status code for throw exception: RuntimeException
Could not parse status code for throw exception: RuntimeException
Could not parse status code for throw exception: RuntimeException
Could not parse status code for throw exception: RuntimeException
Could not parse status code for throw exception: RuntimeException
Could not parse status code for throw exception: RuntimeException
Could not parse status code for throw exception: ServerErrorException
Could not parse status code for throw exception: WebApplicationException
Could not parse status code for throw exception: ServerErrorException
Could not parse status code for throw exception: WebApplicationException
Could not parse status code for throw exception: ServerErrorException
Could not parse status code for throw exception: WebApplicationException
Could not parse status code for throw exception: ServerErrorException
Could not parse status code for throw exception: WebApplicationException
Could not parse status code for throw exception: ServerErrorException
Could not parse status code for throw exception: WebApplicationException
Could not parse status code for throw exception: ServerErrorException
Could not parse status code for throw exception: WebApplicationException
Could not parse status code for throw exception: ServerErrorException
Could not parse status code for throw exception: WebApplicationException
Could not parse status code for throw exception: WebApplicationException
Could not parse status code for throw exception: IllegalStateException
Could not parse status code for throw exception: ServerErrorException
Could not parse status code for throw exception: WebApplicationException
Could not parse status code for throw exception: WebApplicationException
Could not parse status code for throw exception: WebApplicationException
Could not parse status code for throw exception: IllegalStateException
Could not parse status code for throw exception: IllegalStateException
Could not parse status code for throw exception: ServerErrorException
Could not parse status code for throw exception: WebApplicationException
Could not parse status code for throw exception: WebApplicationException
Could not parse status code for throw exception: ServerErrorException
Could not parse status code for throw exception: WebApplicationException
Could not parse status code for throw exception: WebApplicationException
Could not parse status code for throw exception: ServerErrorException
Could not parse status code for throw exception: WebApplicationException
Could not parse status code for throw exception: WebApplicationException
Could not parse status code for throw exception: ServerErrorException
Could not parse status code for throw exception: WebApplicationException
Could not parse status code for throw exception: WebApplicationException
Could not parse status code for throw exception: ServerErrorException
Could not parse status code for throw exception: WebApplicationException
Could not parse status code for throw exception: WebApplicationException
Could not parse status code for throw exception: ServerErrorException
Could not parse status code for throw exception: WebApplicationException
Could not parse status code for throw exception: ServerErrorException
Could not parse status code for throw exception: WebApplicationException
Could not parse status code for throw exception: ServerErrorException
Could not parse status code for throw exception: WebApplicationException
Could not parse status code for throw exception: WebApplicationException
Could not parse status code for throw exception: WebApplicationException
Could not parse status code for throw exception: WebApplicationException
Could not parse status code for throw exception: WebApplicationException
Could not parse status code for throw exception: WebApplicationException
Could not parse status code for throw exception: WebApplicationException
Could not parse status code for throw exception: WebApplicationException
Could not parse status code for throw exception: ServerErrorException
Could not parse status code for throw exception: WebApplicationException
Could not parse status code for throw exception: WebApplicationException
Could not parse status code for throw exception: ServerErrorException
Could not parse status code for throw exception: WebApplicationException
Could not parse status code for throw exception: WebApplicationException
Could not parse status code for throw exception: ServerErrorException
Could not parse status code for throw exception: WebApplicationException
Could not parse status code for throw exception: WebApplicationException
Could not parse status code for throw exception: ServerErrorException
Could not parse status code for throw exception: WebApplicationException
Could not parse status code for throw exception: WebApplicationException
Could not parse status code for throw exception: ServerErrorException
Could not parse status code for throw exception: WebApplicationException
Could not parse status code for throw exception: WebApplicationException
Could not parse status code for throw exception: ServerErrorException
Could not parse status code for throw exception: WebApplicationException
Could not parse status code for throw exception: IllegalStateException
Could not parse status code for throw exception: ServerErrorException
Could not parse status code for throw exception: WebApplicationException
Wrote OpenAPI to outputs-java21-jersey/senzing-api-server_oas_default.json

real	0m5.581s
user	0m11.107s
sys	0m0.573s
Loading model: /Users/alelercher/IdeaProjects/Respector/dataset/senzing-api-server
Detected Framework via Type Annotations: JAX-RS (Java EE)
Detected profiles: [default]
Could not parse status code for throw exception: ServerErrorException
Could not parse status code for throw exception: WebApplicationException
Could not parse status code for throw exception: ServerErrorException
Could not parse status code for throw exception: WebApplicationException
Could not parse status code for throw exception: WebApplicationException
Could not parse status code for throw exception: ServerErrorException
Could not parse status code for throw exception: WebApplicationException
Could not parse status code for throw exception: RuntimeException
Could not parse status code for throw exception: RuntimeException
Could not parse status code for throw exception: RuntimeException
Could not parse status code for throw exception: RuntimeException
Could not parse status code for throw exception: RuntimeException
Could not parse status code for throw exception: RuntimeException
Could not parse status code for throw exception: RuntimeException
Could not parse status code for throw exception: RuntimeException
Could not parse status code for throw exception: RuntimeException
Could not parse status code for throw exception: RuntimeException
Could not parse status code for throw exception: RuntimeException
Could not parse status code for throw exception: RuntimeException
Could not parse status code for throw exception: RuntimeException
Could not parse status code for throw exception: RuntimeException
Could not parse status code for throw exception: RuntimeException
Could not parse status code for throw exception: RuntimeException
Could not parse status code for throw exception: ServerErrorException
Could not parse status code for throw exception: WebApplicationException
Could not parse status code for throw exception: ServerErrorException
Could not parse status code for throw exception: WebApplicationException
Could not parse status code for throw exception: ServerErrorException
Could not parse status code for throw exception: WebApplicationException
Could not parse status code for throw exception: ServerErrorException
Could not parse status code for throw exception: WebApplicationException
Could not parse status code for throw exception: ServerErrorException
Could not parse status code for throw exception: WebApplicationException
Could not parse status code for throw exception: ServerErrorException
Could not parse status code for throw exception: WebApplicationException
Could not parse status code for throw exception: ServerErrorException
Could not parse status code for throw exception: WebApplicationException
Could not parse status code for throw exception: WebApplicationException
Could not parse status code for throw exception: IllegalStateException
Could not parse status code for throw exception: ServerErrorException
Could not parse status code for throw exception: WebApplicationException
Could not parse status code for throw exception: WebApplicationException
Could not parse status code for throw exception: WebApplicationException
Could not parse status code for throw exception: IllegalStateException
Could not parse status code for throw exception: IllegalStateException
Could not parse status code for throw exception: ServerErrorException
Could not parse status code for throw exception: WebApplicationException
Could not parse status code for throw exception: WebApplicationException
Could not parse status code for throw exception: ServerErrorException
Could not parse status code for throw exception: WebApplicationException
Could not parse status code for throw exception: WebApplicationException
Could not parse status code for throw exception: ServerErrorException
Could not parse status code for throw exception: WebApplicationException
Could not parse status code for throw exception: WebApplicationException
Could not parse status code for throw exception: ServerErrorException
Could not parse status code for throw exception: WebApplicationException
Could not parse status code for throw exception: WebApplicationException
Could not parse status code for throw exception: ServerErrorException
Could not parse status code for throw exception: WebApplicationException
Could not parse status code for throw exception: WebApplicationException
Could not parse status code for throw exception: ServerErrorException
Could not parse status code for throw exception: WebApplicationException
Could not parse status code for throw exception: ServerErrorException
Could not parse status code for throw exception: WebApplicationException
Could not parse status code for throw exception: ServerErrorException
Could not parse status code for throw exception: WebApplicationException
Could not parse status code for throw exception: WebApplicationException
Could not parse status code for throw exception: WebApplicationException
Could not parse status code for throw exception: WebApplicationException
Could not parse status code for throw exception: WebApplicationException
Could not parse status code for throw exception: WebApplicationException
Could not parse status code for throw exception: WebApplicationException
Could not parse status code for throw exception: WebApplicationException
Could not parse status code for throw exception: ServerErrorException
Could not parse status code for throw exception: WebApplicationException
Could not parse status code for throw exception: WebApplicationException
Could not parse status code for throw exception: ServerErrorException
Could not parse status code for throw exception: WebApplicationException
Could not parse status code for throw exception: WebApplicationException
Could not parse status code for throw exception: ServerErrorException
Could not parse status code for throw exception: WebApplicationException
Could not parse status code for throw exception: WebApplicationException
Could not parse status code for throw exception: ServerErrorException
Could not parse status code for throw exception: WebApplicationException
Could not parse status code for throw exception: WebApplicationException
Could not parse status code for throw exception: ServerErrorException
Could not parse status code for throw exception: WebApplicationException
Could not parse status code for throw exception: WebApplicationException
Could not parse status code for throw exception: ServerErrorException
Could not parse status code for throw exception: WebApplicationException
Could not parse status code for throw exception: IllegalStateException
Could not parse status code for throw exception: ServerErrorException
Could not parse status code for throw exception: WebApplicationException
Wrote OpenAPI to outputs-java21-jersey/senzing-api-server_oas_default.json

real	0m6.095s
user	0m11.561s
sys	0m0.668s
Loading model: /Users/alelercher/IdeaProjects/Respector/dataset/senzing-api-server
Detected Framework via Type Annotations: JAX-RS (Java EE)
Detected profiles: [default]
Could not parse status code for throw exception: ServerErrorException
Could not parse status code for throw exception: WebApplicationException
Could not parse status code for throw exception: ServerErrorException
Could not parse status code for throw exception: WebApplicationException
Could not parse status code for throw exception: WebApplicationException
Could not parse status code for throw exception: ServerErrorException
Could not parse status code for throw exception: WebApplicationException
Could not parse status code for throw exception: RuntimeException
Could not parse status code for throw exception: RuntimeException
Could not parse status code for throw exception: RuntimeException
Could not parse status code for throw exception: RuntimeException
Could not parse status code for throw exception: RuntimeException
Could not parse status code for throw exception: RuntimeException
Could not parse status code for throw exception: RuntimeException
Could not parse status code for throw exception: RuntimeException
Could not parse status code for throw exception: RuntimeException
Could not parse status code for throw exception: RuntimeException
Could not parse status code for throw exception: RuntimeException
Could not parse status code for throw exception: RuntimeException
Could not parse status code for throw exception: RuntimeException
Could not parse status code for throw exception: RuntimeException
Could not parse status code for throw exception: RuntimeException
Could not parse status code for throw exception: RuntimeException
Could not parse status code for throw exception: ServerErrorException
Could not parse status code for throw exception: WebApplicationException
Could not parse status code for throw exception: ServerErrorException
Could not parse status code for throw exception: WebApplicationException
Could not parse status code for throw exception: ServerErrorException
Could not parse status code for throw exception: WebApplicationException
Could not parse status code for throw exception: ServerErrorException
Could not parse status code for throw exception: WebApplicationException
Could not parse status code for throw exception: ServerErrorException
Could not parse status code for throw exception: WebApplicationException
Could not parse status code for throw exception: ServerErrorException
Could not parse status code for throw exception: WebApplicationException
Could not parse status code for throw exception: ServerErrorException
Could not parse status code for throw exception: WebApplicationException
Could not parse status code for throw exception: WebApplicationException
Could not parse status code for throw exception: IllegalStateException
Could not parse status code for throw exception: ServerErrorException
Could not parse status code for throw exception: WebApplicationException
Could not parse status code for throw exception: WebApplicationException
Could not parse status code for throw exception: WebApplicationException
Could not parse status code for throw exception: IllegalStateException
Could not parse status code for throw exception: IllegalStateException
Could not parse status code for throw exception: ServerErrorException
Could not parse status code for throw exception: WebApplicationException
Could not parse status code for throw exception: WebApplicationException
Could not parse status code for throw exception: ServerErrorException
Could not parse status code for throw exception: WebApplicationException
Could not parse status code for throw exception: WebApplicationException
Could not parse status code for throw exception: ServerErrorException
Could not parse status code for throw exception: WebApplicationException
Could not parse status code for throw exception: WebApplicationException
Could not parse status code for throw exception: ServerErrorException
Could not parse status code for throw exception: WebApplicationException
Could not parse status code for throw exception: WebApplicationException
Could not parse status code for throw exception: ServerErrorException
Could not parse status code for throw exception: WebApplicationException
Could not parse status code for throw exception: WebApplicationException
Could not parse status code for throw exception: ServerErrorException
Could not parse status code for throw exception: WebApplicationException
Could not parse status code for throw exception: ServerErrorException
Could not parse status code for throw exception: WebApplicationException
Could not parse status code for throw exception: ServerErrorException
Could not parse status code for throw exception: WebApplicationException
Could not parse status code for throw exception: WebApplicationException
Could not parse status code for throw exception: WebApplicationException
Could not parse status code for throw exception: WebApplicationException
Could not parse status code for throw exception: WebApplicationException
Could not parse status code for throw exception: WebApplicationException
Could not parse status code for throw exception: WebApplicationException
Could not parse status code for throw exception: WebApplicationException
Could not parse status code for throw exception: ServerErrorException
Could not parse status code for throw exception: WebApplicationException
Could not parse status code for throw exception: WebApplicationException
Could not parse status code for throw exception: ServerErrorException
Could not parse status code for throw exception: WebApplicationException
Could not parse status code for throw exception: WebApplicationException
Could not parse status code for throw exception: ServerErrorException
Could not parse status code for throw exception: WebApplicationException
Could not parse status code for throw exception: WebApplicationException
Could not parse status code for throw exception: ServerErrorException
Could not parse status code for throw exception: WebApplicationException
Could not parse status code for throw exception: WebApplicationException
Could not parse status code for throw exception: ServerErrorException
Could not parse status code for throw exception: WebApplicationException
Could not parse status code for throw exception: WebApplicationException
Could not parse status code for throw exception: ServerErrorException
Could not parse status code for throw exception: WebApplicationException
Could not parse status code for throw exception: IllegalStateException
Could not parse status code for throw exception: ServerErrorException
Could not parse status code for throw exception: WebApplicationException
Wrote OpenAPI to outputs-java21-jersey/senzing-api-server_oas_default.json

real	0m7.697s
user	0m13.479s
sys	0m0.786s
